year,round,college_code,college_name,branch,category,closing_rank,source_file,round_sort_order
2021,1,E002,BMS College of Engineering,Civil,1G,4173,SAMPLE_DATA_NOT_REAL,0
2021,2,E002,BMS College of Engineering,Civil,1G,4722,SAMPLE_DATA_NOT_REAL,1
2021,Final,E002,BMS College of Engineering,Civil,1G,5201,SAMPLE_DATA_NOT_REAL,99
2022,1,E002,BMS College of Engineering,Civil,1G,4057,SAMPLE_DATA_NOT_REAL,0
2022,2,E002,BMS College of Engineering,Civil,1G,4504,SAMPLE_DATA_NOT_REAL,1
2022,Final,E002,BMS College of Engineering,Civil,1G,5538,SAMPLE_DATA_NOT_REAL,99
2023,1,E002,BMS College of Engineering,Civil,1G,3970,SAMPLE_DATA_NOT_REAL,0
2023,2,E002,BMS College of Engineering,Civil,1G,4269,SAMPLE_DATA_NOT_REAL,1
2023,Final,E002,BMS College of Engineering,Civil,1G,4727,SAMPLE_DATA_NOT_REAL,99
2024,1,E002,BMS College of Engineering,Civil,1G,3415,SAMPLE_DATA_NOT_REAL,0
2024,2,E002,BMS College of Engineering,Civil,1G,4211,SAMPLE_DATA_NOT_REAL,1
2024,Final,E002,BMS College of Engineering,Civil,1G,5195,SAMPLE_DATA_NOT_REAL,99
2025,1,E002,BMS College of Engineering,Civil,1G,3711,SAMPLE_DATA_NOT_REAL,0
2025,2,E002,BMS College of Engineering,Civil,1G,4063,SAMPLE_DATA_NOT_REAL,1
2025,Final,E002,BMS College of Engineering,Civil,1G,4755,SAMPLE_DATA_NOT_REAL,99
2021,1,E002,BMS College of Engineering,Civil,2A,5448,SAMPLE_DATA_NOT_REAL,0
2021,2,E002,BMS College of Engineering,Civil,2A,5778,SAMPLE_DATA_NOT_REAL,1
2021,Final,E002,BMS College of Engineering,Civil,2A,6752,SAMPLE_DATA_NOT_REAL,99
2022,1,E002,BMS College of Engineering,Civil,2A,4837,SAMPLE_DATA_NOT_REAL,0
2022,2,E002,BMS College of Engineering,Civil,2A,5358,SAMPLE_DATA_NOT_REAL,1
2022,Final,E002,BMS College of Engineering,Civil,2A,6837,SAMPLE_DATA_NOT_REAL,99
2023,1,E002,BMS College of Engineering,Civil,2A,4560,SAMPLE_DATA_NOT_REAL,0
2023,2,E002,BMS College of Engineering,Civil,2A,5596,SAMPLE_DATA_NOT_REAL,1
2023,Final,E002,BMS College of Engineering,Civil,2A,6762,SAMPLE_DATA_NOT_REAL,99
2024,1,E002,BMS College of Engineering,Civil,2A,4718,SAMPLE_DATA_NOT_REAL,0
2024,2,E002,BMS College of Engineering,Civil,2A,5309,SAMPLE_DATA_NOT_REAL,1
2024,Final,E002,BMS College of Engineering,Civil,2A,6330,SAMPLE_DATA_NOT_REAL,99
2025,1,E002,BMS College of Engineering,Civil,2A,4267,SAMPLE_DATA_NOT_REAL,0
2025,2,E002,BMS College of Engineering,Civil,2A,5004,SAMPLE_DATA_NOT_REAL,1
2025,Final,E002,BMS College of Engineering,Civil,2A,5971,SAMPLE_DATA_NOT_REAL,99
2021,1,E002,BMS College of Engineering,Civil,2B,5875,SAMPLE_DATA_NOT_REAL,0
2021,2,E002,BMS College of Engineering,Civil,2B,6404,SAMPLE_DATA_NOT_REAL,1
2021,Final,E002,BMS College of Engineering,Civil,2B,7810,SAMPLE_DATA_NOT_REAL,99
2022,1,E002,BMS College of Engineering,Civil,2B,5999,SAMPLE_DATA_NOT_REAL,0
2022,2,E002,BMS College of Engineering,Civil,2B,6307,SAMPLE_DATA_NOT_REAL,1
2022,Final,E002,BMS College of Engineering,Civil,2B,7285,SAMPLE_DATA_NOT_REAL,99
2023,1,E002,BMS College of Engineering,Civil,2B,5637,SAMPLE_DATA_NOT_REAL,0
2023,2,E002,BMS College of Engineering,Civil,2B,6715,SAMPLE_DATA_NOT_REAL,1
2023,Final,E002,BMS College of Engineering,Civil,2B,6894,SAMPLE_DATA_NOT_REAL,99
2024,1,E002,BMS College of Engineering,Civil,2B,4873,SAMPLE_DATA_NOT_REAL,0
2024,2,E002,BMS College of Engineering,Civil,2B,6479,SAMPLE_DATA_NOT_REAL,1
2024,Final,E002,BMS College of Engineering,Civil,2B,7482,SAMPLE_DATA_NOT_REAL,99
2025,1,E002,BMS College of Engineering,Civil,2B,5357,SAMPLE_DATA_NOT_REAL,0
2025,2,E002,BMS College of Engineering,Civil,2B,5387,SAMPLE_DATA_NOT_REAL,1
2025,Final,E002,BMS College of Engineering,Civil,2B,7023,SAMPLE_DATA_NOT_REAL,99
2021,1,E002,BMS College of Engineering,Civil,3A,5879,SAMPLE_DATA_NOT_REAL,0
2021,2,E002,BMS College of Engineering,Civil,3A,6913,SAMPLE_DATA_NOT_REAL,1
2021,Final,E002,BMS College of Engineering,Civil,3A,7861,SAMPLE_DATA_NOT_REAL,99
2022,1,E002,BMS College of Engineering,Civil,3A,5940,SAMPLE_DATA_NOT_REAL,0
2022,2,E002,BMS College of Engineering,Civil,3A,6695,SAMPLE_DATA_NOT_REAL,1
2022,Final,E002,BMS College of Engineering,Civil,3A,7752,SAMPLE_DATA_NOT_REAL,99
2023,1,E002,BMS College of Engineering,Civil,3A,5943,SAMPLE_DATA_NOT_REAL,0
2023,2,E002,BMS College of Engineering,Civil,3A,6754,SAMPLE_DATA_NOT_REAL,1
2023,Final,E002,BMS College of Engineering,Civil,3A,7826,SAMPLE_DATA_NOT_REAL,99
2024,1,E002,BMS College of Engineering,Civil,3A,5909,SAMPLE_DATA_NOT_REAL,0
2024,2,E002,BMS College of Engineering,Civil,3A,6421,SAMPLE_DATA_NOT_REAL,1
2024,Final,E002,BMS College of Engineering,Civil,3A,7580,SAMPLE_DATA_NOT_REAL,99
2025,1,E002,BMS College of Engineering,Civil,3A,5465,SAMPLE_DATA_NOT_REAL,0
2025,2,E002,BMS College of Engineering,Civil,3A,6531,SAMPLE_DATA_NOT_REAL,1
2025,Final,E002,BMS College of Engineering,Civil,3A,6987,SAMPLE_DATA_NOT_REAL,99
2021,1,E002,BMS College of Engineering,Civil,3B,6566,SAMPLE_DATA_NOT_REAL,0
2021,2,E002,BMS College of Engineering,Civil,3B,7361,SAMPLE_DATA_NOT_REAL,1
2021,Final,E002,BMS College of Engineering,Civil,3B,9392,SAMPLE_DATA_NOT_REAL,99
2022,1,E002,BMS College of Engineering,Civil,3B,6603,SAMPLE_DATA_NOT_REAL,0
2022,2,E002,BMS College of Engineering,Civil,3B,7536,SAMPLE_DATA_NOT_REAL,1
2022,Final,E002,BMS College of Engineering,Civil,3B,8626,SAMPLE_DATA_NOT_REAL,99
2023,1,E002,BMS College of Engineering,Civil,3B,5920,SAMPLE_DATA_NOT_REAL,0
2023,2,E002,BMS College of Engineering,Civil,3B,7142,SAMPLE_DATA_NOT_REAL,1
2023,Final,E002,BMS College of Engineering,Civil,3B,7916,SAMPLE_DATA_NOT_REAL,99
2024,1,E002,BMS College of Engineering,Civil,3B,6079,SAMPLE_DATA_NOT_REAL,0
2024,2,E002,BMS College of Engineering,Civil,3B,6739,SAMPLE_DATA_NOT_REAL,1
2024,Final,E002,BMS College of Engineering,Civil,3B,8034,SAMPLE_DATA_NOT_REAL,99
2025,1,E002,BMS College of Engineering,Civil,3B,5922,SAMPLE_DATA_NOT_REAL,0
2025,2,E002,BMS College of Engineering,Civil,3B,6038,SAMPLE_DATA_NOT_REAL,1
2025,Final,E002,BMS College of Engineering,Civil,3B,7069,SAMPLE_DATA_NOT_REAL,99
2021,1,E002,BMS College of Engineering,Civil,CAT1,5198,SAMPLE_DATA_NOT_REAL,0
2021,2,E002,BMS College of Engineering,Civil,CAT1,5589,SAMPLE_DATA_NOT_REAL,1
2021,Final,E002,BMS College of Engineering,Civil,CAT1,6738,SAMPLE_DATA_NOT_REAL,99
2022,1,E002,BMS College of Engineering,Civil,CAT1,4860,SAMPLE_DATA_NOT_REAL,0
2022,2,E002,BMS College of Engineering,Civil,CAT1,5001,SAMPLE_DATA_NOT_REAL,1
2022,Final,E002,BMS College of Engineering,Civil,CAT1,6730,SAMPLE_DATA_NOT_REAL,99
2023,1,E002,BMS College of Engineering,Civil,CAT1,4190,SAMPLE_DATA_NOT_REAL,0
2023,2,E002,BMS College of Engineering,Civil,CAT1,5348,SAMPLE_DATA_NOT_REAL,1
2023,Final,E002,BMS College of Engineering,Civil,CAT1,6329,SAMPLE_DATA_NOT_REAL,99
2024,1,E002,BMS College of Engineering,Civil,CAT1,4564,SAMPLE_DATA_NOT_REAL,0
2024,2,E002,BMS College of Engineering,Civil,CAT1,5142,SAMPLE_DATA_NOT_REAL,1
2024,Final,E002,BMS College of Engineering,Civil,CAT1,5416,SAMPLE_DATA_NOT_REAL,99
2025,1,E002,BMS College of Engineering,Civil,CAT1,4363,SAMPLE_DATA_NOT_REAL,0
2025,2,E002,BMS College of Engineering,Civil,CAT1,4993,SAMPLE_DATA_NOT_REAL,1
2025,Final,E002,BMS College of Engineering,Civil,CAT1,5453,SAMPLE_DATA_NOT_REAL,99
2021,1,E002,BMS College of Engineering,Civil,GM,3486,SAMPLE_DATA_NOT_REAL,0
2021,2,E002,BMS College of Engineering,Civil,GM,4602,SAMPLE_DATA_NOT_REAL,1
2021,Final,E002,BMS College of Engineering,Civil,GM,4787,SAMPLE_DATA_NOT_REAL,99
2022,1,E002,BMS College of Engineering,Civil,GM,3588,SAMPLE_DATA_NOT_REAL,0
2022,2,E002,BMS College of Engineering,Civil,GM,4053,SAMPLE_DATA_NOT_REAL,1
2022,Final,E002,BMS College of Engineering,Civil,GM,4589,SAMPLE_DATA_NOT_REAL,99
2023,1,E002,BMS College of Engineering,Civil,GM,3329,SAMPLE_DATA_NOT_REAL,0
2023,2,E002,BMS College of Engineering,Civil,GM,3992,SAMPLE_DATA_NOT_REAL,1
2023,Final,E002,BMS College of Engineering,Civil,GM,4960,SAMPLE_DATA_NOT_REAL,99
2024,1,E002,BMS College of Engineering,Civil,GM,3052,SAMPLE_DATA_NOT_REAL,0
2024,2,E002,BMS College of Engineering,Civil,GM,4028,SAMPLE_DATA_NOT_REAL,1
2024,Final,E002,BMS College of Engineering,Civil,GM,4219,SAMPLE_DATA_NOT_REAL,99
2025,1,E002,BMS College of Engineering,Civil,GM,3283,SAMPLE_DATA_NOT_REAL,0
2025,2,E002,BMS College of Engineering,Civil,GM,3810,SAMPLE_DATA_NOT_REAL,1
2025,Final,E002,BMS College of Engineering,Civil,GM,4563,SAMPLE_DATA_NOT_REAL,99
2021,1,E002,BMS College of Engineering,Civil,SC,12039,SAMPLE_DATA_NOT_REAL,0
2021,2,E002,BMS College of Engineering,Civil,SC,12169,SAMPLE_DATA_NOT_REAL,1
2021,Final,E002,BMS College of Engineering,Civil,SC,14277,SAMPLE_DATA_NOT_REAL,99
2022,1,E002,BMS College of Engineering,Civil,SC,11530,SAMPLE_DATA_NOT_REAL,0
2022,2,E002,BMS College of Engineering,Civil,SC,12499,SAMPLE_DATA_NOT_REAL,1
2022,Final,E002,BMS College of Engineering,Civil,SC,14239,SAMPLE_DATA_NOT_REAL,99
2023,1,E002,BMS College of Engineering,Civil,SC,10598,SAMPLE_DATA_NOT_REAL,0
2023,2,E002,BMS College of Engineering,Civil,SC,12765,SAMPLE_DATA_NOT_REAL,1
2023,Final,E002,BMS College of Engineering,Civil,SC,14636,SAMPLE_DATA_NOT_REAL,99
2024,1,E002,BMS College of Engineering,Civil,SC,10402,SAMPLE_DATA_NOT_REAL,0
2024,2,E002,BMS College of Engineering,Civil,SC,11973,SAMPLE_DATA_NOT_REAL,1
2024,Final,E002,BMS College of Engineering,Civil,SC,13431,SAMPLE_DATA_NOT_REAL,99
2025,1,E002,BMS College of Engineering,Civil,SC,9116,SAMPLE_DATA_NOT_REAL,0
2025,2,E002,BMS College of Engineering,Civil,SC,10785,SAMPLE_DATA_NOT_REAL,1
2025,Final,E002,BMS College of Engineering,Civil,SC,12058,SAMPLE_DATA_NOT_REAL,99
2021,1,E002,BMS College of Engineering,Civil,ST,14941,SAMPLE_DATA_NOT_REAL,0
2021,2,E002,BMS College of Engineering,Civil,ST,15773,SAMPLE_DATA_NOT_REAL,1
2021,Final,E002,BMS College of Engineering,Civil,ST,19692,SAMPLE_DATA_NOT_REAL,99
2022,1,E002,BMS College of Engineering,Civil,ST,14468,SAMPLE_DATA_NOT_REAL,0
2022,2,E002,BMS College of Engineering,Civil,ST,15619,SAMPLE_DATA_NOT_REAL,1
2022,Final,E002,BMS College of Engineering,Civil,ST,19385,SAMPLE_DATA_NOT_REAL,99
2023,1,E002,BMS College of Engineering,Civil,ST,13365,SAMPLE_DATA_NOT_REAL,0
2023,2,E002,BMS College of Engineering,Civil,ST,15692,SAMPLE_DATA_NOT_REAL,1
2023,Final,E002,BMS College of Engineering,Civil,ST,19442,SAMPLE_DATA_NOT_REAL,99
2024,1,E002,BMS College of Engineering,Civil,ST,12733,SAMPLE_DATA_NOT_REAL,0
2024,2,E002,BMS College of Engineering,Civil,ST,15812,SAMPLE_DATA_NOT_REAL,1
2024,Final,E002,BMS College of Engineering,Civil,ST,18491,SAMPLE_DATA_NOT_REAL,99
2025,1,E002,BMS College of Engineering,Civil,ST,12254,SAMPLE_DATA_NOT_REAL,0
2025,2,E002,BMS College of Engineering,Civil,ST,14329,SAMPLE_DATA_NOT_REAL,1
2025,Final,E002,BMS College of Engineering,Civil,ST,15863,SAMPLE_DATA_NOT_REAL,99
2021,1,E002,BMS College of Engineering,Computer Science,1G,1007,SAMPLE_DATA_NOT_REAL,0
2021,2,E002,BMS College of Engineering,Computer Science,1G,1208,SAMPLE_DATA_NOT_REAL,1
2021,Final,E002,BMS College of Engineering,Computer Science,1G,1351,SAMPLE_DATA_NOT_REAL,99
2022,1,E002,BMS College of Engineering,Computer Science,1G,926,SAMPLE_DATA_NOT_REAL,0
2022,2,E002,BMS College of Engineering,Computer Science,1G,1022,SAMPLE_DATA_NOT_REAL,1
2022,Final,E002,BMS College of Engineering,Computer Science,1G,1168,SAMPLE_DATA_NOT_REAL,99
2023,1,E002,BMS College of Engineering,Computer Science,1G,946,SAMPLE_DATA_NOT_REAL,0
2023,2,E002,BMS College of Engineering,Computer Science,1G,998,SAMPLE_DATA_NOT_REAL,1
2023,Final,E002,BMS College of Engineering,Computer Science,1G,1257,SAMPLE_DATA_NOT_REAL,99
2024,1,E002,BMS College of Engineering,Computer Science,1G,833,SAMPLE_DATA_NOT_REAL,0
2024,2,E002,BMS College of Engineering,Computer Science,1G,1039,SAMPLE_DATA_NOT_REAL,1
2024,Final,E002,BMS College of Engineering,Computer Science,1G,1113,SAMPLE_DATA_NOT_REAL,99
2025,1,E002,BMS College of Engineering,Computer Science,1G,833,SAMPLE_DATA_NOT_REAL,0
2025,2,E002,BMS College of Engineering,Computer Science,1G,972,SAMPLE_DATA_NOT_REAL,1
2025,Final,E002,BMS College of Engineering,Computer Science,1G,1020,SAMPLE_DATA_NOT_REAL,99
2021,1,E002,BMS College of Engineering,Computer Science,2A,1194,SAMPLE_DATA_NOT_REAL,0
2021,2,E002,BMS College of Engineering,Computer Science,2A,1496,SAMPLE_DATA_NOT_REAL,1
2021,Final,E002,BMS College of Engineering,Computer Science,2A,1674,SAMPLE_DATA_NOT_REAL,99
2022,1,E002,BMS College of Engineering,Computer Science,2A,1210,SAMPLE_DATA_NOT_REAL,0
2022,2,E002,BMS College of Engineering,Computer Science,2A,1423,SAMPLE_DATA_NOT_REAL,1
2022,Final,E002,BMS College of Engineering,Computer Science,2A,1657,SAMPLE_DATA_NOT_REAL,99
2023,1,E002,BMS College of Engineering,Computer Science,2A,1116,SAMPLE_DATA_NOT_REAL,0
2023,2,E002,BMS College of Engineering,Computer Science,2A,1297,SAMPLE_DATA_NOT_REAL,1
2023,Final,E002,BMS College of Engineering,Computer Science,2A,1636,SAMPLE_DATA_NOT_REAL,99
2024,1,E002,BMS College of Engineering,Computer Science,2A,1127,SAMPLE_DATA_NOT_REAL,0
2024,2,E002,BMS College of Engineering,Computer Science,2A,1296,SAMPLE_DATA_NOT_REAL,1
2024,Final,E002,BMS College of Engineering,Computer Science,2A,1547,SAMPLE_DATA_NOT_REAL,99
2025,1,E002,BMS College of Engineering,Computer Science,2A,1065,SAMPLE_DATA_NOT_REAL,0
2025,2,E002,BMS College of Engineering,Computer Science,2A,1211,SAMPLE_DATA_NOT_REAL,1
2025,Final,E002,BMS College of Engineering,Computer Science,2A,1401,SAMPLE_DATA_NOT_REAL,99
2021,1,E002,BMS College of Engineering,Computer Science,2B,1493,SAMPLE_DATA_NOT_REAL,0
2021,2,E002,BMS College of Engineering,Computer Science,2B,1597,SAMPLE_DATA_NOT_REAL,1
2021,Final,E002,BMS College of Engineering,Computer Science,2B,1833,SAMPLE_DATA_NOT_REAL,99
2022,1,E002,BMS College of Engineering,Computer Science,2B,1301,SAMPLE_DATA_NOT_REAL,0
2022,2,E002,BMS College of Engineering,Computer Science,2B,1607,SAMPLE_DATA_NOT_REAL,1
2022,Final,E002,BMS College of Engineering,Computer Science,2B,1950,SAMPLE_DATA_NOT_REAL,99
2023,1,E002,BMS College of Engineering,Computer Science,2B,1258,SAMPLE_DATA_NOT_REAL,0
2023,2,E002,BMS College of Engineering,Computer Science,2B,1522,SAMPLE_DATA_NOT_REAL,1
2023,Final,E002,BMS College of Engineering,Computer Science,2B,1841,SAMPLE_DATA_NOT_REAL,99
2024,1,E002,BMS College of Engineering,Computer Science,2B,1316,SAMPLE_DATA_NOT_REAL,0
2024,2,E002,BMS College of Engineering,Computer Science,2B,1380,SAMPLE_DATA_NOT_REAL,1
2024,Final,E002,BMS College of Engineering,Computer Science,2B,1570,SAMPLE_DATA_NOT_REAL,99
2025,1,E002,BMS College of Engineering,Computer Science,2B,1127,SAMPLE_DATA_NOT_REAL,0
2025,2,E002,BMS College of Engineering,Computer Science,2B,1329,SAMPLE_DATA_NOT_REAL,1
2025,Final,E002,BMS College of Engineering,Computer Science,2B,1571,SAMPLE_DATA_NOT_REAL,99
2021,1,E002,BMS College of Engineering,Computer Science,3A,1448,SAMPLE_DATA_NOT_REAL,0
2021,2,E002,BMS College of Engineering,Computer Science,3A,1622,SAMPLE_DATA_NOT_REAL,1
2021,Final,E002,BMS College of Engineering,Computer Science,3A,2110,SAMPLE_DATA_NOT_REAL,99
2022,1,E002,BMS College of Engineering,Computer Science,3A,1466,SAMPLE_DATA_NOT_REAL,0
2022,2,E002,BMS College of Engineering,Computer Science,3A,1736,SAMPLE_DATA_NOT_REAL,1
2022,Final,E002,BMS College of Engineering,Computer Science,3A,2034,SAMPLE_DATA_NOT_REAL,99
2023,1,E002,BMS College of Engineering,Computer Science,3A,1282,SAMPLE_DATA_NOT_REAL,0
2023,2,E002,BMS College of Engineering,Computer Science,3A,1539,SAMPLE_DATA_NOT_REAL,1
2023,Final,E002,BMS College of Engineering,Computer Science,3A,1919,SAMPLE_DATA_NOT_REAL,99
2024,1,E002,BMS College of Engineering,Computer Science,3A,1326,SAMPLE_DATA_NOT_REAL,0
2024,2,E002,BMS College of Engineering,Computer Science,3A,1427,SAMPLE_DATA_NOT_REAL,1
2024,Final,E002,BMS College of Engineering,Computer Science,3A,1676,SAMPLE_DATA_NOT_REAL,99
2025,1,E002,BMS College of Engineering,Computer Science,3A,1165,SAMPLE_DATA_NOT_REAL,0
2025,2,E002,BMS College of Engineering,Computer Science,3A,1372,SAMPLE_DATA_NOT_REAL,1
2025,Final,E002,BMS College of Engineering,Computer Science,3A,1789,SAMPLE_DATA_NOT_REAL,99
2021,1,E002,BMS College of Engineering,Computer Science,3B,1589,SAMPLE_DATA_NOT_REAL,0
2021,2,E002,BMS College of Engineering,Computer Science,3B,1997,SAMPLE_DATA_NOT_REAL,1
2021,Final,E002,BMS College of Engineering,Computer Science,3B,2023,SAMPLE_DATA_NOT_REAL,99
2022,1,E002,BMS College of Engineering,Computer Science,3B,1434,SAMPLE_DATA_NOT_REAL,0
2022,2,E002,BMS College of Engineering,Computer Science,3B,1718,SAMPLE_DATA_NOT_REAL,1
2022,Final,E002,BMS College of Engineering,Computer Science,3B,1946,SAMPLE_DATA_NOT_REAL,99
2023,1,E002,BMS College of Engineering,Computer Science,3B,1545,SAMPLE_DATA_NOT_REAL,0
2023,2,E002,BMS College of Engineering,Computer Science,3B,1704,SAMPLE_DATA_NOT_REAL,1
2023,Final,E002,BMS College of Engineering,Computer Science,3B,1906,SAMPLE_DATA_NOT_REAL,99
2024,1,E002,BMS College of Engineering,Computer Science,3B,1424,SAMPLE_DATA_NOT_REAL,0
2024,2,E002,BMS College of Engineering,Computer Science,3B,1488,SAMPLE_DATA_NOT_REAL,1
2024,Final,E002,BMS College of Engineering,Computer Science,3B,1807,SAMPLE_DATA_NOT_REAL,99
2025,1,E002,BMS College of Engineering,Computer Science,3B,1226,SAMPLE_DATA_NOT_REAL,0
2025,2,E002,BMS College of Engineering,Computer Science,3B,1492,SAMPLE_DATA_NOT_REAL,1
2025,Final,E002,BMS College of Engineering,Computer Science,3B,1665,SAMPLE_DATA_NOT_REAL,99
2021,1,E002,BMS College of Engineering,Computer Science,CAT1,1181,SAMPLE_DATA_NOT_REAL,0
2021,2,E002,BMS College of Engineering,Computer Science,CAT1,1343,SAMPLE_DATA_NOT_REAL,1
2021,Final,E002,BMS College of Engineering,Computer Science,CAT1,1559,SAMPLE_DATA_NOT_REAL,99
2022,1,E002,BMS College of Engineering,Computer Science,CAT1,1072,SAMPLE_DATA_NOT_REAL,0
2022,2,E002,BMS College of Engineering,Computer Science,CAT1,1239,SAMPLE_DATA_NOT_REAL,1
2022,Final,E002,BMS College of Engineering,Computer Science,CAT1,1499,SAMPLE_DATA_NOT_REAL,99
2023,1,E002,BMS College of Engineering,Computer Science,CAT1,1041,SAMPLE_DATA_NOT_REAL,0
2023,2,E002,BMS College of Engineering,Computer Science,CAT1,1179,SAMPLE_DATA_NOT_REAL,1
2023,Final,E002,BMS College of Engineering,Computer Science,CAT1,1406,SAMPLE_DATA_NOT_REAL,99
2024,1,E002,BMS College of Engineering,Computer Science,CAT1,952,SAMPLE_DATA_NOT_REAL,0
2024,2,E002,BMS College of Engineering,Computer Science,CAT1,1123,SAMPLE_DATA_NOT_REAL,1
2024,Final,E002,BMS College of Engineering,Computer Science,CAT1,1323,SAMPLE_DATA_NOT_REAL,99
2025,1,E002,BMS College of Engineering,Computer Science,CAT1,1015,SAMPLE_DATA_NOT_REAL,0
2025,2,E002,BMS College of Engineering,Computer Science,CAT1,1164,SAMPLE_DATA_NOT_REAL,1
2025,Final,E002,BMS College of Engineering,Computer Science,CAT1,1190,SAMPLE_DATA_NOT_REAL,99
2021,1,E002,BMS College of Engineering,Computer Science,GM,921,SAMPLE_DATA_NOT_REAL,0
2021,2,E002,BMS College of Engineering,Computer Science,GM,1009,SAMPLE_DATA_NOT_REAL,1
2021,Final,E002,BMS College of Engineering,Computer Science,GM,1287,SAMPLE_DATA_NOT_REAL,99
2022,1,E002,BMS College of Engineering,Computer Science,GM,837,SAMPLE_DATA_NOT_REAL,0
2022,2,E002,BMS College of Engineering,Computer Science,GM,917,SAMPLE_DATA_NOT_REAL,1
2022,Final,E002,BMS College of Engineering,Computer Science,GM,1238,SAMPLE_DATA_NOT_REAL,99
2023,1,E002,BMS College of Engineering,Computer Science,GM,812,SAMPLE_DATA_NOT_REAL,0
2023,2,E002,BMS College of Engineering,Computer Science,GM,994,SAMPLE_DATA_NOT_REAL,1
2023,Final,E002,BMS College of Engineering,Computer Science,GM,1051,SAMPLE_DATA_NOT_REAL,99
2024,1,E002,BMS College of Engineering,Computer Science,GM,757,SAMPLE_DATA_NOT_REAL,0
2024,2,E002,BMS College of Engineering,Computer Science,GM,877,SAMPLE_DATA_NOT_REAL,1
2024,Final,E002,BMS College of Engineering,Computer Science,GM,968,SAMPLE_DATA_NOT_REAL,99
2025,1,E002,BMS College of Engineering,Computer Science,GM,758,SAMPLE_DATA_NOT_REAL,0
2025,2,E002,BMS College of Engineering,Computer Science,GM,819,SAMPLE_DATA_NOT_REAL,1
2025,Final,E002,BMS College of Engineering,Computer Science,GM,940,SAMPLE_DATA_NOT_REAL,99
2021,1,E002,BMS College of Engineering,Computer Science,SC,2911,SAMPLE_DATA_NOT_REAL,0
2021,2,E002,BMS College of Engineering,Computer Science,SC,2899,SAMPLE_DATA_NOT_REAL,1
2021,Final,E002,BMS College of Engineering,Computer Science,SC,3789,SAMPLE_DATA_NOT_REAL,99
2022,1,E002,BMS College of Engineering,Computer Science,SC,2567,SAMPLE_DATA_NOT_REAL,0
2022,2,E002,BMS College of Engineering,Computer Science,SC,2764,SAMPLE_DATA_NOT_REAL,1
2022,Final,E002,BMS College of Engineering,Computer Science,SC,3479,SAMPLE_DATA_NOT_REAL,99
2023,1,E002,BMS College of Engineering,Computer Science,SC,2295,SAMPLE_DATA_NOT_REAL,0
2023,2,E002,BMS College of Engineering,Computer Science,SC,2832,SAMPLE_DATA_NOT_REAL,1
2023,Final,E002,BMS College of Engineering,Computer Science,SC,3417,SAMPLE_DATA_NOT_REAL,99
2024,1,E002,BMS College of Engineering,Computer Science,SC,2185,SAMPLE_DATA_NOT_REAL,0
2024,2,E002,BMS College of Engineering,Computer Science,SC,2780,SAMPLE_DATA_NOT_REAL,1
2024,Final,E002,BMS College of Engineering,Computer Science,SC,3085,SAMPLE_DATA_NOT_REAL,99
2025,1,E002,BMS College of Engineering,Computer Science,SC,2140,SAMPLE_DATA_NOT_REAL,0
2025,2,E002,BMS College of Engineering,Computer Science,SC,2546,SAMPLE_DATA_NOT_REAL,1
2025,Final,E002,BMS College of Engineering,Computer Science,SC,2781,SAMPLE_DATA_NOT_REAL,99
2021,1,E002,BMS College of Engineering,Computer Science,ST,3681,SAMPLE_DATA_NOT_REAL,0
2021,2,E002,BMS College of Engineering,Computer Science,ST,4286,SAMPLE_DATA_NOT_REAL,1
2021,Final,E002,BMS College of Engineering,Computer Science,ST,4638,SAMPLE_DATA_NOT_REAL,99
2022,1,E002,BMS College of Engineering,Computer Science,ST,3565,SAMPLE_DATA_NOT_REAL,0
2022,2,E002,BMS College of Engineering,Computer Science,ST,3622,SAMPLE_DATA_NOT_REAL,1
2022,Final,E002,BMS College of Engineering,Computer Science,ST,4424,SAMPLE_DATA_NOT_REAL,99
2023,1,E002,BMS College of Engineering,Computer Science,ST,3093,SAMPLE_DATA_NOT_REAL,0
2023,2,E002,BMS College of Engineering,Computer Science,ST,3655,SAMPLE_DATA_NOT_REAL,1
2023,Final,E002,BMS College of Engineering,Computer Science,ST,4603,SAMPLE_DATA_NOT_REAL,99
2024,1,E002,BMS College of Engineering,Computer Science,ST,3269,SAMPLE_DATA_NOT_REAL,0
2024,2,E002,BMS College of Engineering,Computer Science,ST,3483,SAMPLE_DATA_NOT_REAL,1
2024,Final,E002,BMS College of Engineering,Computer Science,ST,4442,SAMPLE_DATA_NOT_REAL,99
2025,1,E002,BMS College of Engineering,Computer Science,ST,2808,SAMPLE_DATA_NOT_REAL,0
2025,2,E002,BMS College of Engineering,Computer Science,ST,3619,SAMPLE_DATA_NOT_REAL,1
2025,Final,E002,BMS College of Engineering,Computer Science,ST,3992,SAMPLE_DATA_NOT_REAL,99
2021,1,E002,BMS College of Engineering,Electrical & Electronics,1G,5557,SAMPLE_DATA_NOT_REAL,0
2021,2,E002,BMS College of Engineering,Electrical & Electronics,1G,7458,SAMPLE_DATA_NOT_REAL,1
2021,Final,E002,BMS College of Engineering,Electrical & Electronics,1G,8572,SAMPLE_DATA_NOT_REAL,99
2022,1,E002,BMS College of Engineering,Electrical & Electronics,1G,5961,SAMPLE_DATA_NOT_REAL,0
2022,2,E002,BMS College of Engineering,Electrical & Electronics,1G,7133,SAMPLE_DATA_NOT_REAL,1
2022,Final,E002,BMS College of Engineering,Electrical & Electronics,1G,7573,SAMPLE_DATA_NOT_REAL,99
2023,1,E002,BMS College of Engineering,Electrical & Electronics,1G,5634,SAMPLE_DATA_NOT_REAL,0
2023,2,E002,BMS College of Engineering,Electrical & Electronics,1G,6106,SAMPLE_DATA_NOT_REAL,1
2023,Final,E002,BMS College of Engineering,Electrical & Electronics,1G,7822,SAMPLE_DATA_NOT_REAL,99
2024,1,E002,BMS College of Engineering,Electrical & Electronics,1G,5262,SAMPLE_DATA_NOT_REAL,0
2024,2,E002,BMS College of Engineering,Electrical & Electronics,1G,5646,SAMPLE_DATA_NOT_REAL,1
2024,Final,E002,BMS College of Engineering,Electrical & Electronics,1G,6712,SAMPLE_DATA_NOT_REAL,99
2025,1,E002,BMS College of Engineering,Electrical & Electronics,1G,5525,SAMPLE_DATA_NOT_REAL,0
2025,2,E002,BMS College of Engineering,Electrical & Electronics,1G,5659,SAMPLE_DATA_NOT_REAL,1
2025,Final,E002,BMS College of Engineering,Electrical & Electronics,1G,6940,SAMPLE_DATA_NOT_REAL,99
2021,1,E002,BMS College of Engineering,Electrical & Electronics,2A,7943,SAMPLE_DATA_NOT_REAL,0
2021,2,E002,BMS College of Engineering,Electrical & Electronics,2A,8898,SAMPLE_DATA_NOT_REAL,1
2021,Final,E002,BMS College of Engineering,Electrical & Electronics,2A,10865,SAMPLE_DATA_NOT_REAL,99
2022,1,E002,BMS College of Engineering,Electrical & Electronics,2A,6807,SAMPLE_DATA_NOT_REAL,0
2022,2,E002,BMS College of Engineering,Electrical & Electronics,2A,8243,SAMPLE_DATA_NOT_REAL,1
2022,Final,E002,BMS College of Engineering,Electrical & Electronics,2A,9569,SAMPLE_DATA_NOT_REAL,99
2023,1,E002,BMS College of Engineering,Electrical & Electronics,2A,6694,SAMPLE_DATA_NOT_REAL,0
2023,2,E002,BMS College of Engineering,Electrical & Electronics,2A,8485,SAMPLE_DATA_NOT_REAL,1
2023,Final,E002,BMS College of Engineering,Electrical & Electronics,2A,9162,SAMPLE_DATA_NOT_REAL,99
2024,1,E002,BMS College of Engineering,Electrical & Electronics,2A,6438,SAMPLE_DATA_NOT_REAL,0
2024,2,E002,BMS College of Engineering,Electrical & Electronics,2A,8373,SAMPLE_DATA_NOT_REAL,1
2024,Final,E002,BMS College of Engineering,Electrical & Electronics,2A,9631,SAMPLE_DATA_NOT_REAL,99
2025,1,E002,BMS College of Engineering,Electrical & Electronics,2A,6791,SAMPLE_DATA_NOT_REAL,0
2025,2,E002,BMS College of Engineering,Electrical & Electronics,2A,7032,SAMPLE_DATA_NOT_REAL,1
2025,Final,E002,BMS College of Engineering,Electrical & Electronics,2A,9374,SAMPLE_DATA_NOT_REAL,99
2021,1,E002,BMS College of Engineering,Electrical & Electronics,2B,9023,SAMPLE_DATA_NOT_REAL,0
2021,2,E002,BMS College of Engineering,Electrical & Electronics,2B,10402,SAMPLE_DATA_NOT_REAL,1
2021,Final,E002,BMS College of Engineering,Electrical & Electronics,2B,11026,SAMPLE_DATA_NOT_REAL,99
2022,1,E002,BMS College of Engineering,Electrical & Electronics,2B,8383,SAMPLE_DATA_NOT_REAL,0
2022,2,E002,BMS College of Engineering,Electrical & Electronics,2B,9866,SAMPLE_DATA_NOT_REAL,1
2022,Final,E002,BMS College of Engineering,Electrical & Electronics,2B,10672,SAMPLE_DATA_NOT_REAL,99
2023,1,E002,BMS College of Engineering,Electrical & Electronics,2B,8499,SAMPLE_DATA_NOT_REAL,0
2023,2,E002,BMS College of Engineering,Electrical & Electronics,2B,9639,SAMPLE_DATA_NOT_REAL,1
2023,Final,E002,BMS College of Engineering,Electrical & Electronics,2B,11382,SAMPLE_DATA_NOT_REAL,99
2024,1,E002,BMS College of Engineering,Electrical & Electronics,2B,7971,SAMPLE_DATA_NOT_REAL,0
2024,2,E002,BMS College of Engineering,Electrical & Electronics,2B,9375,SAMPLE_DATA_NOT_REAL,1
2024,Final,E002,BMS College of Engineering,Electrical & Electronics,2B,11182,SAMPLE_DATA_NOT_REAL,99
2025,1,E002,BMS College of Engineering,Electrical & Electronics,2B,7032,SAMPLE_DATA_NOT_REAL,0
2025,2,E002,BMS College of Engineering,Electrical & Electronics,2B,8015,SAMPLE_DATA_NOT_REAL,1
2025,Final,E002,BMS College of Engineering,Electrical & Electronics,2B,10664,SAMPLE_DATA_NOT_REAL,99
2021,1,E002,BMS College of Engineering,Electrical & Electronics,3A,9371,SAMPLE_DATA_NOT_REAL,0
2021,2,E002,BMS College of Engineering,Electrical & Electronics,3A,10073,SAMPLE_DATA_NOT_REAL,1
2021,Final,E002,BMS College of Engineering,Electrical & Electronics,3A,13305,SAMPLE_DATA_NOT_REAL,99
2022,1,E002,BMS College of Engineering,Electrical & Electronics,3A,9612,SAMPLE_DATA_NOT_REAL,0
2022,2,E002,BMS College of Engineering,Electrical & Electronics,3A,10785,SAMPLE_DATA_NOT_REAL,1
2022,Final,E002,BMS College of Engineering,Electrical & Electronics,3A,11412,SAMPLE_DATA_NOT_REAL,99
2023,1,E002,BMS College of Engineering,Electrical & Electronics,3A,8308,SAMPLE_DATA_NOT_REAL,0
2023,2,E002,BMS College of Engineering,Electrical & Electronics,3A,9543,SAMPLE_DATA_NOT_REAL,1
2023,Final,E002,BMS College of Engineering,Electrical & Electronics,3A,11485,SAMPLE_DATA_NOT_REAL,99
2024,1,E002,BMS College of Engineering,Electrical & Electronics,3A,8389,SAMPLE_DATA_NOT_REAL,0
2024,2,E002,BMS College of Engineering,Electrical & Electronics,3A,9451,SAMPLE_DATA_NOT_REAL,1
2024,Final,E002,BMS College of Engineering,Electrical & Electronics,3A,11091,SAMPLE_DATA_NOT_REAL,99
2025,1,E002,BMS College of Engineering,Electrical & Electronics,3A,8359,SAMPLE_DATA_NOT_REAL,0
2025,2,E002,BMS College of Engineering,Electrical & Electronics,3A,8616,SAMPLE_DATA_NOT_REAL,1
2025,Final,E002,BMS College of Engineering,Electrical & Electronics,3A,10614,SAMPLE_DATA_NOT_REAL,99
2021,1,E002,BMS College of Engineering,Electrical & Electronics,3B,9496,SAMPLE_DATA_NOT_REAL,0
2021,2,E002,BMS College of Engineering,Electrical & Electronics,3B,12012,SAMPLE_DATA_NOT_REAL,1
2021,Final,E002,BMS College of Engineering,Electrical & Electronics,3B,12341,SAMPLE_DATA_NOT_REAL,99
2022,1,E002,BMS College of Engineering,Electrical & Electronics,3B,9898,SAMPLE_DATA_NOT_REAL,0
2022,2,E002,BMS College of Engineering,Electrical & Electronics,3B,10593,SAMPLE_DATA_NOT_REAL,1
2022,Final,E002,BMS College of Engineering,Electrical & Electronics,3B,13164,SAMPLE_DATA_NOT_REAL,99
2023,1,E002,BMS College of Engineering,Electrical & Electronics,3B,8786,SAMPLE_DATA_NOT_REAL,0
2023,2,E002,BMS College of Engineering,Electrical & Electronics,3B,10395,SAMPLE_DATA_NOT_REAL,1
2023,Final,E002,BMS College of Engineering,Electrical & Electronics,3B,12739,SAMPLE_DATA_NOT_REAL,99
2024,1,E002,BMS College of Engineering,Electrical & Electronics,3B,8994,SAMPLE_DATA_NOT_REAL,0
2024,2,E002,BMS College of Engineering,Electrical & Electronics,3B,10144,SAMPLE_DATA_NOT_REAL,1
2024,Final,E002,BMS College of Engineering,Electrical & Electronics,3B,11426,SAMPLE_DATA_NOT_REAL,99
2025,1,E002,BMS College of Engineering,Electrical & Electronics,3B,8589,SAMPLE_DATA_NOT_REAL,0
2025,2,E002,BMS College of Engineering,Electrical & Electronics,3B,9086,SAMPLE_DATA_NOT_REAL,1
2025,Final,E002,BMS College of Engineering,Electrical & Electronics,3B,11448,SAMPLE_DATA_NOT_REAL,99
2021,1,E002,BMS College of Engineering,Electrical & Electronics,CAT1,7050,SAMPLE_DATA_NOT_REAL,0
2021,2,E002,BMS College of Engineering,Electrical & Electronics,CAT1,8290,SAMPLE_DATA_NOT_REAL,1
2021,Final,E002,BMS College of Engineering,Electrical & Electronics,CAT1,10175,SAMPLE_DATA_NOT_REAL,99
2022,1,E002,BMS College of Engineering,Electrical & Electronics,CAT1,7081,SAMPLE_DATA_NOT_REAL,0
2022,2,E002,BMS College of Engineering,Electrical & Electronics,CAT1,8317,SAMPLE_DATA_NOT_REAL,1
2022,Final,E002,BMS College of Engineering,Electrical & Electronics,CAT1,8554,SAMPLE_DATA_NOT_REAL,99
2023,1,E002,BMS College of Engineering,Electrical & Electronics,CAT1,6395,SAMPLE_DATA_NOT_REAL,0
2023,2,E002,BMS College of Engineering,Electrical & Electronics,CAT1,7553,SAMPLE_DATA_NOT_REAL,1
2023,Final,E002,BMS College of Engineering,Electrical & Electronics,CAT1,9248,SAMPLE_DATA_NOT_REAL,99
2024,1,E002,BMS College of Engineering,Electrical & Electronics,CAT1,5978,SAMPLE_DATA_NOT_REAL,0
2024,2,E002,BMS College of Engineering,Electrical & Electronics,CAT1,7459,SAMPLE_DATA_NOT_REAL,1
2024,Final,E002,BMS College of Engineering,Electrical & Electronics,CAT1,9039,SAMPLE_DATA_NOT_REAL,99
2025,1,E002,BMS College of Engineering,Electrical & Electronics,CAT1,5711,SAMPLE_DATA_NOT_REAL,0
2025,2,E002,BMS College of Engineering,Electrical & Electronics,CAT1,6743,SAMPLE_DATA_NOT_REAL,1
2025,Final,E002,BMS College of Engineering,Electrical & Electronics,CAT1,8666,SAMPLE_DATA_NOT_REAL,99
2021,1,E002,BMS College of Engineering,Electrical & Electronics,GM,5796,SAMPLE_DATA_NOT_REAL,0
2021,2,E002,BMS College of Engineering,Electrical & Electronics,GM,6074,SAMPLE_DATA_NOT_REAL,1
2021,Final,E002,BMS College of Engineering,Electrical & Electronics,GM,7398,SAMPLE_DATA_NOT_REAL,99
2022,1,E002,BMS College of Engineering,Electrical & Electronics,GM,5450,SAMPLE_DATA_NOT_REAL,0
2022,2,E002,BMS College of Engineering,Electrical & Electronics,GM,5861,SAMPLE_DATA_NOT_REAL,1
2022,Final,E002,BMS College of Engineering,Electrical & Electronics,GM,6770,SAMPLE_DATA_NOT_REAL,99
2023,1,E002,BMS College of Engineering,Electrical & Electronics,GM,4956,SAMPLE_DATA_NOT_REAL,0
2023,2,E002,BMS College of Engineering,Electrical & Electronics,GM,5683,SAMPLE_DATA_NOT_REAL,1
2023,Final,E002,BMS College of Engineering,Electrical & Electronics,GM,6406,SAMPLE_DATA_NOT_REAL,99
2024,1,E002,BMS College of Engineering,Electrical & Electronics,GM,4499,SAMPLE_DATA_NOT_REAL,0
2024,2,E002,BMS College of Engineering,Electrical & Electronics,GM,5611,SAMPLE_DATA_NOT_REAL,1
2024,Final,E002,BMS College of Engineering,Electrical & Electronics,GM,6504,SAMPLE_DATA_NOT_REAL,99
2025,1,E002,BMS College of Engineering,Electrical & Electronics,GM,4517,SAMPLE_DATA_NOT_REAL,0
2025,2,E002,BMS College of Engineering,Electrical & Electronics,GM,5196,SAMPLE_DATA_NOT_REAL,1
2025,Final,E002,BMS College of Engineering,Electrical & Electronics,GM,6593,SAMPLE_DATA_NOT_REAL,99
2021,1,E002,BMS College of Engineering,Electrical & Electronics,SC,16811,SAMPLE_DATA_NOT_REAL,0
2021,2,E002,BMS College of Engineering,Electrical & Electronics,SC,18878,SAMPLE_DATA_NOT_REAL,1
2021,Final,E002,BMS College of Engineering,Electrical & Electronics,SC,20485,SAMPLE_DATA_NOT_REAL,99
2022,1,E002,BMS College of Engineering,Electrical & Electronics,SC,16480,SAMPLE_DATA_NOT_REAL,0
2022,2,E002,BMS College of Engineering,Electrical & Electronics,SC,17670,SAMPLE_DATA_NOT_REAL,1
2022,Final,E002,BMS College of Engineering,Electrical & Electronics,SC,22419,SAMPLE_DATA_NOT_REAL,99
2023,1,E002,BMS College of Engineering,Electrical & Electronics,SC,15703,SAMPLE_DATA_NOT_REAL,0
2023,2,E002,BMS College of Engineering,Electrical & Electronics,SC,17453,SAMPLE_DATA_NOT_REAL,1
2023,Final,E002,BMS College of Engineering,Electrical & Electronics,SC,18927,SAMPLE_DATA_NOT_REAL,99
2024,1,E002,BMS College of Engineering,Electrical & Electronics,SC,14766,SAMPLE_DATA_NOT_REAL,0
2024,2,E002,BMS College of Engineering,Electrical & Electronics,SC,17891,SAMPLE_DATA_NOT_REAL,1
2024,Final,E002,BMS College of Engineering,Electrical & Electronics,SC,19204,SAMPLE_DATA_NOT_REAL,99
2025,1,E002,BMS College of Engineering,Electrical & Electronics,SC,14630,SAMPLE_DATA_NOT_REAL,0
2025,2,E002,BMS College of Engineering,Electrical & Electronics,SC,15430,SAMPLE_DATA_NOT_REAL,1
2025,Final,E002,BMS College of Engineering,Electrical & Electronics,SC,19566,SAMPLE_DATA_NOT_REAL,99
2021,1,E002,BMS College of Engineering,Electrical & Electronics,ST,20558,SAMPLE_DATA_NOT_REAL,0
2021,2,E002,BMS College of Engineering,Electrical & Electronics,ST,26711,SAMPLE_DATA_NOT_REAL,1
2021,Final,E002,BMS College of Engineering,Electrical & Electronics,ST,31586,SAMPLE_DATA_NOT_REAL,99
2022,1,E002,BMS College of Engineering,Electrical & Electronics,ST,21305,SAMPLE_DATA_NOT_REAL,0
2022,2,E002,BMS College of Engineering,Electrical & Electronics,ST,25421,SAMPLE_DATA_NOT_REAL,1
2022,Final,E002,BMS College of Engineering,Electrical & Electronics,ST,29303,SAMPLE_DATA_NOT_REAL,99
2023,1,E002,BMS College of Engineering,Electrical & Electronics,ST,20513,SAMPLE_DATA_NOT_REAL,0
2023,2,E002,BMS College of Engineering,Electrical & Electronics,ST,22848,SAMPLE_DATA_NOT_REAL,1
2023,Final,E002,BMS College of Engineering,Electrical & Electronics,ST,27101,SAMPLE_DATA_NOT_REAL,99
2024,1,E002,BMS College of Engineering,Electrical & Electronics,ST,20285,SAMPLE_DATA_NOT_REAL,0
2024,2,E002,BMS College of Engineering,Electrical & Electronics,ST,21799,SAMPLE_DATA_NOT_REAL,1
2024,Final,E002,BMS College of Engineering,Electrical & Electronics,ST,27509,SAMPLE_DATA_NOT_REAL,99
2025,1,E002,BMS College of Engineering,Electrical & Electronics,ST,17287,SAMPLE_DATA_NOT_REAL,0
2025,2,E002,BMS College of Engineering,Electrical & Electronics,ST,20005,SAMPLE_DATA_NOT_REAL,1
2025,Final,E002,BMS College of Engineering,Electrical & Electronics,ST,24281,SAMPLE_DATA_NOT_REAL,99
2021,1,E002,BMS College of Engineering,Electronics & Comm.,1G,5237,SAMPLE_DATA_NOT_REAL,0
2021,2,E002,BMS College of Engineering,Electronics & Comm.,1G,6180,SAMPLE_DATA_NOT_REAL,1
2021,Final,E002,BMS College of Engineering,Electronics & Comm.,1G,7020,SAMPLE_DATA_NOT_REAL,99
2022,1,E002,BMS College of Engineering,Electronics & Comm.,1G,5188,SAMPLE_DATA_NOT_REAL,0
2022,2,E002,BMS College of Engineering,Electronics & Comm.,1G,6051,SAMPLE_DATA_NOT_REAL,1
2022,Final,E002,BMS College of Engineering,Electronics & Comm.,1G,6529,SAMPLE_DATA_NOT_REAL,99
2023,1,E002,BMS College of Engineering,Electronics & Comm.,1G,4579,SAMPLE_DATA_NOT_REAL,0
2023,2,E002,BMS College of Engineering,Electronics & Comm.,1G,5686,SAMPLE_DATA_NOT_REAL,1
2023,Final,E002,BMS College of Engineering,Electronics & Comm.,1G,6752,SAMPLE_DATA_NOT_REAL,99
2024,1,E002,BMS College of Engineering,Electronics & Comm.,1G,4586,SAMPLE_DATA_NOT_REAL,0
2024,2,E002,BMS College of Engineering,Electronics & Comm.,1G,5727,SAMPLE_DATA_NOT_REAL,1
2024,Final,E002,BMS College of Engineering,Electronics & Comm.,1G,6783,SAMPLE_DATA_NOT_REAL,99
2025,1,E002,BMS College of Engineering,Electronics & Comm.,1G,4489,SAMPLE_DATA_NOT_REAL,0
2025,2,E002,BMS College of Engineering,Electronics & Comm.,1G,5012,SAMPLE_DATA_NOT_REAL,1
2025,Final,E002,BMS College of Engineering,Electronics & Comm.,1G,6206,SAMPLE_DATA_NOT_REAL,99
2021,1,E002,BMS College of Engineering,Electronics & Comm.,2A,7039,SAMPLE_DATA_NOT_REAL,0
2021,2,E002,BMS College of Engineering,Electronics & Comm.,2A,7938,SAMPLE_DATA_NOT_REAL,1
2021,Final,E002,BMS College of Engineering,Electronics & Comm.,2A,9513,SAMPLE_DATA_NOT_REAL,99
2022,1,E002,BMS College of Engineering,Electronics & Comm.,2A,6594,SAMPLE_DATA_NOT_REAL,0
2022,2,E002,BMS College of Engineering,Electronics & Comm.,2A,7370,SAMPLE_DATA_NOT_REAL,1
2022,Final,E002,BMS College of Engineering,Electronics & Comm.,2A,8325,SAMPLE_DATA_NOT_REAL,99
2023,1,E002,BMS College of Engineering,Electronics & Comm.,2A,6101,SAMPLE_DATA_NOT_REAL,0
2023,2,E002,BMS College of Engineering,Electronics & Comm.,2A,7115,SAMPLE_DATA_NOT_REAL,1
2023,Final,E002,BMS College of Engineering,Electronics & Comm.,2A,8116,SAMPLE_DATA_NOT_REAL,99
2024,1,E002,BMS College of Engineering,Electronics & Comm.,2A,6037,SAMPLE_DATA_NOT_REAL,0
2024,2,E002,BMS College of Engineering,Electronics & Comm.,2A,6673,SAMPLE_DATA_NOT_REAL,1
2024,Final,E002,BMS College of Engineering,Electronics & Comm.,2A,8446,SAMPLE_DATA_NOT_REAL,99
2025,1,E002,BMS College of Engineering,Electronics & Comm.,2A,6271,SAMPLE_DATA_NOT_REAL,0
2025,2,E002,BMS College of Engineering,Electronics & Comm.,2A,6836,SAMPLE_DATA_NOT_REAL,1
2025,Final,E002,BMS College of Engineering,Electronics & Comm.,2A,7462,SAMPLE_DATA_NOT_REAL,99
2021,1,E002,BMS College of Engineering,Electronics & Comm.,2B,7719,SAMPLE_DATA_NOT_REAL,0
2021,2,E002,BMS College of Engineering,Electronics & Comm.,2B,8919,SAMPLE_DATA_NOT_REAL,1
2021,Final,E002,BMS College of Engineering,Electronics & Comm.,2B,10573,SAMPLE_DATA_NOT_REAL,99
2022,1,E002,BMS College of Engineering,Electronics & Comm.,2B,6987,SAMPLE_DATA_NOT_REAL,0
2022,2,E002,BMS College of Engineering,Electronics & Comm.,2B,8507,SAMPLE_DATA_NOT_REAL,1
2022,Final,E002,BMS College of Engineering,Electronics & Comm.,2B,9577,SAMPLE_DATA_NOT_REAL,99
2023,1,E002,BMS College of Engineering,Electronics & Comm.,2B,7537,SAMPLE_DATA_NOT_REAL,0
2023,2,E002,BMS College of Engineering,Electronics & Comm.,2B,8060,SAMPLE_DATA_NOT_REAL,1
2023,Final,E002,BMS College of Engineering,Electronics & Comm.,2B,9145,SAMPLE_DATA_NOT_REAL,99
2024,1,E002,BMS College of Engineering,Electronics & Comm.,2B,7340,SAMPLE_DATA_NOT_REAL,0
2024,2,E002,BMS College of Engineering,Electronics & Comm.,2B,8170,SAMPLE_DATA_NOT_REAL,1
2024,Final,E002,BMS College of Engineering,Electronics & Comm.,2B,9077,SAMPLE_DATA_NOT_REAL,99
2025,1,E002,BMS College of Engineering,Electronics & Comm.,2B,6731,SAMPLE_DATA_NOT_REAL,0
2025,2,E002,BMS College of Engineering,Electronics & Comm.,2B,7761,SAMPLE_DATA_NOT_REAL,1
2025,Final,E002,BMS College of Engineering,Electronics & Comm.,2B,9518,SAMPLE_DATA_NOT_REAL,99
2021,1,E002,BMS College of Engineering,Electronics & Comm.,3A,8893,SAMPLE_DATA_NOT_REAL,0
2021,2,E002,BMS College of Engineering,Electronics & Comm.,3A,9969,SAMPLE_DATA_NOT_REAL,1
2021,Final,E002,BMS College of Engineering,Electronics & Comm.,3A,11155,SAMPLE_DATA_NOT_REAL,99
2022,1,E002,BMS College of Engineering,Electronics & Comm.,3A,7542,SAMPLE_DATA_NOT_REAL,0
2022,2,E002,BMS College of Engineering,Electronics & Comm.,3A,8901,SAMPLE_DATA_NOT_REAL,1
2022,Final,E002,BMS College of Engineering,Electronics & Comm.,3A,11362,SAMPLE_DATA_NOT_REAL,99
2023,1,E002,BMS College of Engineering,Electronics & Comm.,3A,7279,SAMPLE_DATA_NOT_REAL,0
2023,2,E002,BMS College of Engineering,Electronics & Comm.,3A,8912,SAMPLE_DATA_NOT_REAL,1
2023,Final,E002,BMS College of Engineering,Electronics & Comm.,3A,9993,SAMPLE_DATA_NOT_REAL,99
2024,1,E002,BMS College of Engineering,Electronics & Comm.,3A,7430,SAMPLE_DATA_NOT_REAL,0
2024,2,E002,BMS College of Engineering,Electronics & Comm.,3A,9046,SAMPLE_DATA_NOT_REAL,1
2024,Final,E002,BMS College of Engineering,Electronics & Comm.,3A,10257,SAMPLE_DATA_NOT_REAL,99
2025,1,E002,BMS College of Engineering,Electronics & Comm.,3A,7175,SAMPLE_DATA_NOT_REAL,0
2025,2,E002,BMS College of Engineering,Electronics & Comm.,3A,7563,SAMPLE_DATA_NOT_REAL,1
2025,Final,E002,BMS College of Engineering,Electronics & Comm.,3A,9427,SAMPLE_DATA_NOT_REAL,99
2021,1,E002,BMS College of Engineering,Electronics & Comm.,3B,8773,SAMPLE_DATA_NOT_REAL,0
2021,2,E002,BMS College of Engineering,Electronics & Comm.,3B,9880,SAMPLE_DATA_NOT_REAL,1
2021,Final,E002,BMS College of Engineering,Electronics & Comm.,3B,11489,SAMPLE_DATA_NOT_REAL,99
2022,1,E002,BMS College of Engineering,Electronics & Comm.,3B,8251,SAMPLE_DATA_NOT_REAL,0
2022,2,E002,BMS College of Engineering,Electronics & Comm.,3B,9574,SAMPLE_DATA_NOT_REAL,1
2022,Final,E002,BMS College of Engineering,Electronics & Comm.,3B,10666,SAMPLE_DATA_NOT_REAL,99
2023,1,E002,BMS College of Engineering,Electronics & Comm.,3B,8483,SAMPLE_DATA_NOT_REAL,0
2023,2,E002,BMS College of Engineering,Electronics & Comm.,3B,8874,SAMPLE_DATA_NOT_REAL,1
2023,Final,E002,BMS College of Engineering,Electronics & Comm.,3B,11365,SAMPLE_DATA_NOT_REAL,99
2024,1,E002,BMS College of Engineering,Electronics & Comm.,3B,7195,SAMPLE_DATA_NOT_REAL,0
2024,2,E002,BMS College of Engineering,Electronics & Comm.,3B,9295,SAMPLE_DATA_NOT_REAL,1
2024,Final,E002,BMS College of Engineering,Electronics & Comm.,3B,10865,SAMPLE_DATA_NOT_REAL,99
2025,1,E002,BMS College of Engineering,Electronics & Comm.,3B,7213,SAMPLE_DATA_NOT_REAL,0
2025,2,E002,BMS College of Engineering,Electronics & Comm.,3B,8722,SAMPLE_DATA_NOT_REAL,1
2025,Final,E002,BMS College of Engineering,Electronics & Comm.,3B,9570,SAMPLE_DATA_NOT_REAL,99
2021,1,E002,BMS College of Engineering,Electronics & Comm.,CAT1,6440,SAMPLE_DATA_NOT_REAL,0
2021,2,E002,BMS College of Engineering,Electronics & Comm.,CAT1,7043,SAMPLE_DATA_NOT_REAL,1
2021,Final,E002,BMS College of Engineering,Electronics & Comm.,CAT1,8513,SAMPLE_DATA_NOT_REAL,99
2022,1,E002,BMS College of Engineering,Electronics & Comm.,CAT1,6227,SAMPLE_DATA_NOT_REAL,0
2022,2,E002,BMS College of Engineering,Electronics & Comm.,CAT1,7498,SAMPLE_DATA_NOT_REAL,1
2022,Final,E002,BMS College of Engineering,Electronics & Comm.,CAT1,8880,SAMPLE_DATA_NOT_REAL,99
2023,1,E002,BMS College of Engineering,Electronics & Comm.,CAT1,5490,SAMPLE_DATA_NOT_REAL,0
2023,2,E002,BMS College of Engineering,Electronics & Comm.,CAT1,7147,SAMPLE_DATA_NOT_REAL,1
2023,Final,E002,BMS College of Engineering,Electronics & Comm.,CAT1,7492,SAMPLE_DATA_NOT_REAL,99
2024,1,E002,BMS College of Engineering,Electronics & Comm.,CAT1,5723,SAMPLE_DATA_NOT_REAL,0
2024,2,E002,BMS College of Engineering,Electronics & Comm.,CAT1,6563,SAMPLE_DATA_NOT_REAL,1
2024,Final,E002,BMS College of Engineering,Electronics & Comm.,CAT1,8012,SAMPLE_DATA_NOT_REAL,99
2025,1,E002,BMS College of Engineering,Electronics & Comm.,CAT1,5744,SAMPLE_DATA_NOT_REAL,0
2025,2,E002,BMS College of Engineering,Electronics & Comm.,CAT1,6625,SAMPLE_DATA_NOT_REAL,1
2025,Final,E002,BMS College of Engineering,Electronics & Comm.,CAT1,7287,SAMPLE_DATA_NOT_REAL,99
2021,1,E002,BMS College of Engineering,Electronics & Comm.,GM,5201,SAMPLE_DATA_NOT_REAL,0
2021,2,E002,BMS College of Engineering,Electronics & Comm.,GM,5716,SAMPLE_DATA_NOT_REAL,1
2021,Final,E002,BMS College of Engineering,Electronics & Comm.,GM,6807,SAMPLE_DATA_NOT_REAL,99
2022,1,E002,BMS College of Engineering,Electronics & Comm.,GM,4483,SAMPLE_DATA_NOT_REAL,0
2022,2,E002,BMS College of Engineering,Electronics & Comm.,GM,5064,SAMPLE_DATA_NOT_REAL,1
2022,Final,E002,BMS College of Engineering,Electronics & Comm.,GM,6841,SAMPLE_DATA_NOT_REAL,99
2023,1,E002,BMS College of Engineering,Electronics & Comm.,GM,4619,SAMPLE_DATA_NOT_REAL,0
2023,2,E002,BMS College of Engineering,Electronics & Comm.,GM,5514,SAMPLE_DATA_NOT_REAL,1
2023,Final,E002,BMS College of Engineering,Electronics & Comm.,GM,5664,SAMPLE_DATA_NOT_REAL,99
2024,1,E002,BMS College of Engineering,Electronics & Comm.,GM,4426,SAMPLE_DATA_NOT_REAL,0
2024,2,E002,BMS College of Engineering,Electronics & Comm.,GM,4707,SAMPLE_DATA_NOT_REAL,1
2024,Final,E002,BMS College of Engineering,Electronics & Comm.,GM,6209,SAMPLE_DATA_NOT_REAL,99
2025,1,E002,BMS College of Engineering,Electronics & Comm.,GM,4097,SAMPLE_DATA_NOT_REAL,0
2025,2,E002,BMS College of Engineering,Electronics & Comm.,GM,4837,SAMPLE_DATA_NOT_REAL,1
2025,Final,E002,BMS College of Engineering,Electronics & Comm.,GM,5227,SAMPLE_DATA_NOT_REAL,99
2021,1,E002,BMS College of Engineering,Electronics & Comm.,SC,14164,SAMPLE_DATA_NOT_REAL,0
2021,2,E002,BMS College of Engineering,Electronics & Comm.,SC,17475,SAMPLE_DATA_NOT_REAL,1
2021,Final,E002,BMS College of Engineering,Electronics & Comm.,SC,20680,SAMPLE_DATA_NOT_REAL,99
2022,1,E002,BMS College of Engineering,Electronics & Comm.,SC,14070,SAMPLE_DATA_NOT_REAL,0
2022,2,E002,BMS College of Engineering,Electronics & Comm.,SC,15169,SAMPLE_DATA_NOT_REAL,1
2022,Final,E002,BMS College of Engineering,Electronics & Comm.,SC,19282,SAMPLE_DATA_NOT_REAL,99
2023,1,E002,BMS College of Engineering,Electronics & Comm.,SC,13541,SAMPLE_DATA_NOT_REAL,0
2023,2,E002,BMS College of Engineering,Electronics & Comm.,SC,15865,SAMPLE_DATA_NOT_REAL,1
2023,Final,E002,BMS College of Engineering,Electronics & Comm.,SC,18977,SAMPLE_DATA_NOT_REAL,99
2024,1,E002,BMS College of Engineering,Electronics & Comm.,SC,13819,SAMPLE_DATA_NOT_REAL,0
2024,2,E002,BMS College of Engineering,Electronics & Comm.,SC,14024,SAMPLE_DATA_NOT_REAL,1
2024,Final,E002,BMS College of Engineering,Electronics & Comm.,SC,16442,SAMPLE_DATA_NOT_REAL,99
2025,1,E002,BMS College of Engineering,Electronics & Comm.,SC,12508,SAMPLE_DATA_NOT_REAL,0
2025,2,E002,BMS College of Engineering,Electronics & Comm.,SC,13661,SAMPLE_DATA_NOT_REAL,1
2025,Final,E002,BMS College of Engineering,Electronics & Comm.,SC,15825,SAMPLE_DATA_NOT_REAL,99
2021,1,E002,BMS College of Engineering,Electronics & Comm.,ST,18828,SAMPLE_DATA_NOT_REAL,0
2021,2,E002,BMS College of Engineering,Electronics & Comm.,ST,21740,SAMPLE_DATA_NOT_REAL,1
2021,Final,E002,BMS College of Engineering,Electronics & Comm.,ST,24855,SAMPLE_DATA_NOT_REAL,99
2022,1,E002,BMS College of Engineering,Electronics & Comm.,ST,18709,SAMPLE_DATA_NOT_REAL,0
2022,2,E002,BMS College of Engineering,Electronics & Comm.,ST,23055,SAMPLE_DATA_NOT_REAL,1
2022,Final,E002,BMS College of Engineering,Electronics & Comm.,ST,25168,SAMPLE_DATA_NOT_REAL,99
2023,1,E002,BMS College of Engineering,Electronics & Comm.,ST,18848,SAMPLE_DATA_NOT_REAL,0
2023,2,E002,BMS College of Engineering,Electronics & Comm.,ST,21936,SAMPLE_DATA_NOT_REAL,1
2023,Final,E002,BMS College of Engineering,Electronics & Comm.,ST,23372,SAMPLE_DATA_NOT_REAL,99
2024,1,E002,BMS College of Engineering,Electronics & Comm.,ST,16634,SAMPLE_DATA_NOT_REAL,0
2024,2,E002,BMS College of Engineering,Electronics & Comm.,ST,18602,SAMPLE_DATA_NOT_REAL,1
2024,Final,E002,BMS College of Engineering,Electronics & Comm.,ST,23739,SAMPLE_DATA_NOT_REAL,99
2025,1,E002,BMS College of Engineering,Electronics & Comm.,ST,17815,SAMPLE_DATA_NOT_REAL,0
2025,2,E002,BMS College of Engineering,Electronics & Comm.,ST,19094,SAMPLE_DATA_NOT_REAL,1
2025,Final,E002,BMS College of Engineering,Electronics & Comm.,ST,22632,SAMPLE_DATA_NOT_REAL,99
2021,1,E002,BMS College of Engineering,Information Science,1G,5921,SAMPLE_DATA_NOT_REAL,0
2021,2,E002,BMS College of Engineering,Information Science,1G,6652,SAMPLE_DATA_NOT_REAL,1
2021,Final,E002,BMS College of Engineering,Information Science,1G,7420,SAMPLE_DATA_NOT_REAL,99
2022,1,E002,BMS College of Engineering,Information Science,1G,5544,SAMPLE_DATA_NOT_REAL,0
2022,2,E002,BMS College of Engineering,Information Science,1G,5969,SAMPLE_DATA_NOT_REAL,1
2022,Final,E002,BMS College of Engineering,Information Science,1G,7853,SAMPLE_DATA_NOT_REAL,99
2023,1,E002,BMS College of Engineering,Information Science,1G,5510,SAMPLE_DATA_NOT_REAL,0
2023,2,E002,BMS College of Engineering,Information Science,1G,5478,SAMPLE_DATA_NOT_REAL,1
2023,Final,E002,BMS College of Engineering,Information Science,1G,6629,SAMPLE_DATA_NOT_REAL,99
2024,1,E002,BMS College of Engineering,Information Science,1G,4902,SAMPLE_DATA_NOT_REAL,0
2024,2,E002,BMS College of Engineering,Information Science,1G,6128,SAMPLE_DATA_NOT_REAL,1
2024,Final,E002,BMS College of Engineering,Information Science,1G,6736,SAMPLE_DATA_NOT_REAL,99
2025,1,E002,BMS College of Engineering,Information Science,1G,5103,SAMPLE_DATA_NOT_REAL,0
2025,2,E002,BMS College of Engineering,Information Science,1G,5611,SAMPLE_DATA_NOT_REAL,1
2025,Final,E002,BMS College of Engineering,Information Science,1G,6425,SAMPLE_DATA_NOT_REAL,99
2021,1,E002,BMS College of Engineering,Information Science,2A,7460,SAMPLE_DATA_NOT_REAL,0
2021,2,E002,BMS College of Engineering,Information Science,2A,8408,SAMPLE_DATA_NOT_REAL,1
2021,Final,E002,BMS College of Engineering,Information Science,2A,9987,SAMPLE_DATA_NOT_REAL,99
2022,1,E002,BMS College of Engineering,Information Science,2A,6440,SAMPLE_DATA_NOT_REAL,0
2022,2,E002,BMS College of Engineering,Information Science,2A,7423,SAMPLE_DATA_NOT_REAL,1
2022,Final,E002,BMS College of Engineering,Information Science,2A,9572,SAMPLE_DATA_NOT_REAL,99
2023,1,E002,BMS College of Engineering,Information Science,2A,6539,SAMPLE_DATA_NOT_REAL,0
2023,2,E002,BMS College of Engineering,Information Science,2A,7264,SAMPLE_DATA_NOT_REAL,1
2023,Final,E002,BMS College of Engineering,Information Science,2A,8589,SAMPLE_DATA_NOT_REAL,99
2024,1,E002,BMS College of Engineering,Information Science,2A,6128,SAMPLE_DATA_NOT_REAL,0
2024,2,E002,BMS College of Engineering,Information Science,2A,6995,SAMPLE_DATA_NOT_REAL,1
2024,Final,E002,BMS College of Engineering,Information Science,2A,9129,SAMPLE_DATA_NOT_REAL,99
2025,1,E002,BMS College of Engineering,Information Science,2A,6521,SAMPLE_DATA_NOT_REAL,0
2025,2,E002,BMS College of Engineering,Information Science,2A,7387,SAMPLE_DATA_NOT_REAL,1
2025,Final,E002,BMS College of Engineering,Information Science,2A,7781,SAMPLE_DATA_NOT_REAL,99
2021,1,E002,BMS College of Engineering,Information Science,2B,7811,SAMPLE_DATA_NOT_REAL,0
2021,2,E002,BMS College of Engineering,Information Science,2B,9376,SAMPLE_DATA_NOT_REAL,1
2021,Final,E002,BMS College of Engineering,Information Science,2B,11511,SAMPLE_DATA_NOT_REAL,99
2022,1,E002,BMS College of Engineering,Information Science,2B,8434,SAMPLE_DATA_NOT_REAL,0
2022,2,E002,BMS College of Engineering,Information Science,2B,8563,SAMPLE_DATA_NOT_REAL,1
2022,Final,E002,BMS College of Engineering,Information Science,2B,9893,SAMPLE_DATA_NOT_REAL,99
2023,1,E002,BMS College of Engineering,Information Science,2B,7304,SAMPLE_DATA_NOT_REAL,0
2023,2,E002,BMS College of Engineering,Information Science,2B,8268,SAMPLE_DATA_NOT_REAL,1
2023,Final,E002,BMS College of Engineering,Information Science,2B,10381,SAMPLE_DATA_NOT_REAL,99
2024,1,E002,BMS College of Engineering,Information Science,2B,7534,SAMPLE_DATA_NOT_REAL,0
2024,2,E002,BMS College of Engineering,Information Science,2B,8228,SAMPLE_DATA_NOT_REAL,1
2024,Final,E002,BMS College of Engineering,Information Science,2B,9774,SAMPLE_DATA_NOT_REAL,99
2025,1,E002,BMS College of Engineering,Information Science,2B,7044,SAMPLE_DATA_NOT_REAL,0
2025,2,E002,BMS College of Engineering,Information Science,2B,8239,SAMPLE_DATA_NOT_REAL,1
2025,Final,E002,BMS College of Engineering,Information Science,2B,8717,SAMPLE_DATA_NOT_REAL,99
2021,1,E002,BMS College of Engineering,Information Science,3A,8026,SAMPLE_DATA_NOT_REAL,0
2021,2,E002,BMS College of Engineering,Information Science,3A,10444,SAMPLE_DATA_NOT_REAL,1
2021,Final,E002,BMS College of Engineering,Information Science,3A,11838,SAMPLE_DATA_NOT_REAL,99
2022,1,E002,BMS College of Engineering,Information Science,3A,8187,SAMPLE_DATA_NOT_REAL,0
2022,2,E002,BMS College of Engineering,Information Science,3A,9499,SAMPLE_DATA_NOT_REAL,1
2022,Final,E002,BMS College of Engineering,Information Science,3A,12001,SAMPLE_DATA_NOT_REAL,99
2023,1,E002,BMS College of Engineering,Information Science,3A,8271,SAMPLE_DATA_NOT_REAL,0
2023,2,E002,BMS College of Engineering,Information Science,3A,9547,SAMPLE_DATA_NOT_REAL,1
2023,Final,E002,BMS College of Engineering,Information Science,3A,10997,SAMPLE_DATA_NOT_REAL,99
2024,1,E002,BMS College of Engineering,Information Science,3A,7609,SAMPLE_DATA_NOT_REAL,0
2024,2,E002,BMS College of Engineering,Information Science,3A,8815,SAMPLE_DATA_NOT_REAL,1
2024,Final,E002,BMS College of Engineering,Information Science,3A,10803,SAMPLE_DATA_NOT_REAL,99
2025,1,E002,BMS College of Engineering,Information Science,3A,7661,SAMPLE_DATA_NOT_REAL,0
2025,2,E002,BMS College of Engineering,Information Science,3A,8571,SAMPLE_DATA_NOT_REAL,1
2025,Final,E002,BMS College of Engineering,Information Science,3A,10684,SAMPLE_DATA_NOT_REAL,99
2021,1,E002,BMS College of Engineering,Information Science,3B,8914,SAMPLE_DATA_NOT_REAL,0
2021,2,E002,BMS College of Engineering,Information Science,3B,9875,SAMPLE_DATA_NOT_REAL,1
2021,Final,E002,BMS College of Engineering,Information Science,3B,11577,SAMPLE_DATA_NOT_REAL,99
2022,1,E002,BMS College of Engineering,Information Science,3B,9234,SAMPLE_DATA_NOT_REAL,0
2022,2,E002,BMS College of Engineering,Information Science,3B,10229,SAMPLE_DATA_NOT_REAL,1
2022,Final,E002,BMS College of Engineering,Information Science,3B,12661,SAMPLE_DATA_NOT_REAL,99
2023,1,E002,BMS College of Engineering,Information Science,3B,8843,SAMPLE_DATA_NOT_REAL,0
2023,2,E002,BMS College of Engineering,Information Science,3B,9636,SAMPLE_DATA_NOT_REAL,1
2023,Final,E002,BMS College of Engineering,Information Science,3B,11011,SAMPLE_DATA_NOT_REAL,99
2024,1,E002,BMS College of Engineering,Information Science,3B,8291,SAMPLE_DATA_NOT_REAL,0
2024,2,E002,BMS College of Engineering,Information Science,3B,9987,SAMPLE_DATA_NOT_REAL,1
2024,Final,E002,BMS College of Engineering,Information Science,3B,10415,SAMPLE_DATA_NOT_REAL,99
2025,1,E002,BMS College of Engineering,Information Science,3B,7234,SAMPLE_DATA_NOT_REAL,0
2025,2,E002,BMS College of Engineering,Information Science,3B,9397,SAMPLE_DATA_NOT_REAL,1
2025,Final,E002,BMS College of Engineering,Information Science,3B,10168,SAMPLE_DATA_NOT_REAL,99
2021,1,E002,BMS College of Engineering,Information Science,CAT1,7104,SAMPLE_DATA_NOT_REAL,0
2021,2,E002,BMS College of Engineering,Information Science,CAT1,7392,SAMPLE_DATA_NOT_REAL,1
2021,Final,E002,BMS College of Engineering,Information Science,CAT1,9125,SAMPLE_DATA_NOT_REAL,99
2022,1,E002,BMS College of Engineering,Information Science,CAT1,6628,SAMPLE_DATA_NOT_REAL,0
2022,2,E002,BMS College of Engineering,Information Science,CAT1,7153,SAMPLE_DATA_NOT_REAL,1
2022,Final,E002,BMS College of Engineering,Information Science,CAT1,8422,SAMPLE_DATA_NOT_REAL,99
2023,1,E002,BMS College of Engineering,Information Science,CAT1,5798,SAMPLE_DATA_NOT_REAL,0
2023,2,E002,BMS College of Engineering,Information Science,CAT1,7293,SAMPLE_DATA_NOT_REAL,1
2023,Final,E002,BMS College of Engineering,Information Science,CAT1,7619,SAMPLE_DATA_NOT_REAL,99
2024,1,E002,BMS College of Engineering,Information Science,CAT1,5590,SAMPLE_DATA_NOT_REAL,0
2024,2,E002,BMS College of Engineering,Information Science,CAT1,6741,SAMPLE_DATA_NOT_REAL,1
2024,Final,E002,BMS College of Engineering,Information Science,CAT1,7979,SAMPLE_DATA_NOT_REAL,99
2025,1,E002,BMS College of Engineering,Information Science,CAT1,5456,SAMPLE_DATA_NOT_REAL,0
2025,2,E002,BMS College of Engineering,Information Science,CAT1,6090,SAMPLE_DATA_NOT_REAL,1
2025,Final,E002,BMS College of Engineering,Information Science,CAT1,7083,SAMPLE_DATA_NOT_REAL,99
2021,1,E002,BMS College of Engineering,Information Science,GM,5254,SAMPLE_DATA_NOT_REAL,0
2021,2,E002,BMS College of Engineering,Information Science,GM,6111,SAMPLE_DATA_NOT_REAL,1
2021,Final,E002,BMS College of Engineering,Information Science,GM,6714,SAMPLE_DATA_NOT_REAL,99
2022,1,E002,BMS College of Engineering,Information Science,GM,5282,SAMPLE_DATA_NOT_REAL,0
2022,2,E002,BMS College of Engineering,Information Science,GM,5507,SAMPLE_DATA_NOT_REAL,1
2022,Final,E002,BMS College of Engineering,Information Science,GM,6148,SAMPLE_DATA_NOT_REAL,99
2023,1,E002,BMS College of Engineering,Information Science,GM,4755,SAMPLE_DATA_NOT_REAL,0
2023,2,E002,BMS College of Engineering,Information Science,GM,5346,SAMPLE_DATA_NOT_REAL,1
2023,Final,E002,BMS College of Engineering,Information Science,GM,6708,SAMPLE_DATA_NOT_REAL,99
2024,1,E002,BMS College of Engineering,Information Science,GM,4668,SAMPLE_DATA_NOT_REAL,0
2024,2,E002,BMS College of Engineering,Information Science,GM,4827,SAMPLE_DATA_NOT_REAL,1
2024,Final,E002,BMS College of Engineering,Information Science,GM,5890,SAMPLE_DATA_NOT_REAL,99
2025,1,E002,BMS College of Engineering,Information Science,GM,4679,SAMPLE_DATA_NOT_REAL,0
2025,2,E002,BMS College of Engineering,Information Science,GM,5172,SAMPLE_DATA_NOT_REAL,1
2025,Final,E002,BMS College of Engineering,Information Science,GM,6028,SAMPLE_DATA_NOT_REAL,99
2021,1,E002,BMS College of Engineering,Information Science,SC,14740,SAMPLE_DATA_NOT_REAL,0
2021,2,E002,BMS College of Engineering,Information Science,SC,16821,SAMPLE_DATA_NOT_REAL,1
2021,Final,E002,BMS College of Engineering,Information Science,SC,19188,SAMPLE_DATA_NOT_REAL,99
2022,1,E002,BMS College of Engineering,Information Science,SC,14318,SAMPLE_DATA_NOT_REAL,0
2022,2,E002,BMS College of Engineering,Information Science,SC,16652,SAMPLE_DATA_NOT_REAL,1
2022,Final,E002,BMS College of Engineering,Information Science,SC,19903,SAMPLE_DATA_NOT_REAL,99
2023,1,E002,BMS College of Engineering,Information Science,SC,14081,SAMPLE_DATA_NOT_REAL,0
2023,2,E002,BMS College of Engineering,Information Science,SC,17108,SAMPLE_DATA_NOT_REAL,1
2023,Final,E002,BMS College of Engineering,Information Science,SC,19421,SAMPLE_DATA_NOT_REAL,99
2024,1,E002,BMS College of Engineering,Information Science,SC,12716,SAMPLE_DATA_NOT_REAL,0
2024,2,E002,BMS College of Engineering,Information Science,SC,15851,SAMPLE_DATA_NOT_REAL,1
2024,Final,E002,BMS College of Engineering,Information Science,SC,17099,SAMPLE_DATA_NOT_REAL,99
2025,1,E002,BMS College of Engineering,Information Science,SC,12490,SAMPLE_DATA_NOT_REAL,0
2025,2,E002,BMS College of Engineering,Information Science,SC,15449,SAMPLE_DATA_NOT_REAL,1
2025,Final,E002,BMS College of Engineering,Information Science,SC,16804,SAMPLE_DATA_NOT_REAL,99
2021,1,E002,BMS College of Engineering,Information Science,ST,19468,SAMPLE_DATA_NOT_REAL,0
2021,2,E002,BMS College of Engineering,Information Science,ST,24194,SAMPLE_DATA_NOT_REAL,1
2021,Final,E002,BMS College of Engineering,Information Science,ST,26046,SAMPLE_DATA_NOT_REAL,99
2022,1,E002,BMS College of Engineering,Information Science,ST,20972,SAMPLE_DATA_NOT_REAL,0
2022,2,E002,BMS College of Engineering,Information Science,ST,20827,SAMPLE_DATA_NOT_REAL,1
2022,Final,E002,BMS College of Engineering,Information Science,ST,27304,SAMPLE_DATA_NOT_REAL,99
2023,1,E002,BMS College of Engineering,Information Science,ST,19206,SAMPLE_DATA_NOT_REAL,0
2023,2,E002,BMS College of Engineering,Information Science,ST,20368,SAMPLE_DATA_NOT_REAL,1
2023,Final,E002,BMS College of Engineering,Information Science,ST,24127,SAMPLE_DATA_NOT_REAL,99
2024,1,E002,BMS College of Engineering,Information Science,ST,16995,SAMPLE_DATA_NOT_REAL,0
2024,2,E002,BMS College of Engineering,Information Science,ST,19700,SAMPLE_DATA_NOT_REAL,1
2024,Final,E002,BMS College of Engineering,Information Science,ST,25365,SAMPLE_DATA_NOT_REAL,99
2025,1,E002,BMS College of Engineering,Information Science,ST,17669,SAMPLE_DATA_NOT_REAL,0
2025,2,E002,BMS College of Engineering,Information Science,ST,20132,SAMPLE_DATA_NOT_REAL,1
2025,Final,E002,BMS College of Engineering,Information Science,ST,24002,SAMPLE_DATA_NOT_REAL,99
2021,1,E002,BMS College of Engineering,Mechanical,1G,4696,SAMPLE_DATA_NOT_REAL,0
2021,2,E002,BMS College of Engineering,Mechanical,1G,5066,SAMPLE_DATA_NOT_REAL,1
2021,Final,E002,BMS College of Engineering,Mechanical,1G,6433,SAMPLE_DATA_NOT_REAL,99
2022,1,E002,BMS College of Engineering,Mechanical,1G,4325,SAMPLE_DATA_NOT_REAL,0
2022,2,E002,BMS College of Engineering,Mechanical,1G,5174,SAMPLE_DATA_NOT_REAL,1
2022,Final,E002,BMS College of Engineering,Mechanical,1G,5775,SAMPLE_DATA_NOT_REAL,99
2023,1,E002,BMS College of Engineering,Mechanical,1G,4361,SAMPLE_DATA_NOT_REAL,0
2023,2,E002,BMS College of Engineering,Mechanical,1G,4941,SAMPLE_DATA_NOT_REAL,1
2023,Final,E002,BMS College of Engineering,Mechanical,1G,5619,SAMPLE_DATA_NOT_REAL,99
2024,1,E002,BMS College of Engineering,Mechanical,1G,4040,SAMPLE_DATA_NOT_REAL,0
2024,2,E002,BMS College of Engineering,Mechanical,1G,4673,SAMPLE_DATA_NOT_REAL,1
2024,Final,E002,BMS College of Engineering,Mechanical,1G,5550,SAMPLE_DATA_NOT_REAL,99
2025,1,E002,BMS College of Engineering,Mechanical,1G,3820,SAMPLE_DATA_NOT_REAL,0
2025,2,E002,BMS College of Engineering,Mechanical,1G,4841,SAMPLE_DATA_NOT_REAL,1
2025,Final,E002,BMS College of Engineering,Mechanical,1G,5699,SAMPLE_DATA_NOT_REAL,99
2021,1,E002,BMS College of Engineering,Mechanical,2A,6272,SAMPLE_DATA_NOT_REAL,0
2021,2,E002,BMS College of Engineering,Mechanical,2A,6369,SAMPLE_DATA_NOT_REAL,1
2021,Final,E002,BMS College of Engineering,Mechanical,2A,7944,SAMPLE_DATA_NOT_REAL,99
2022,1,E002,BMS College of Engineering,Mechanical,2A,5763,SAMPLE_DATA_NOT_REAL,0
2022,2,E002,BMS College of Engineering,Mechanical,2A,6166,SAMPLE_DATA_NOT_REAL,1
2022,Final,E002,BMS College of Engineering,Mechanical,2A,7416,SAMPLE_DATA_NOT_REAL,99
2023,1,E002,BMS College of Engineering,Mechanical,2A,5350,SAMPLE_DATA_NOT_REAL,0
2023,2,E002,BMS College of Engineering,Mechanical,2A,6013,SAMPLE_DATA_NOT_REAL,1
2023,Final,E002,BMS College of Engineering,Mechanical,2A,7115,SAMPLE_DATA_NOT_REAL,99
2024,1,E002,BMS College of Engineering,Mechanical,2A,4866,SAMPLE_DATA_NOT_REAL,0
2024,2,E002,BMS College of Engineering,Mechanical,2A,6380,SAMPLE_DATA_NOT_REAL,1
2024,Final,E002,BMS College of Engineering,Mechanical,2A,6900,SAMPLE_DATA_NOT_REAL,99
2025,1,E002,BMS College of Engineering,Mechanical,2A,5033,SAMPLE_DATA_NOT_REAL,0
2025,2,E002,BMS College of Engineering,Mechanical,2A,5465,SAMPLE_DATA_NOT_REAL,1
2025,Final,E002,BMS College of Engineering,Mechanical,2A,7157,SAMPLE_DATA_NOT_REAL,99
2021,1,E002,BMS College of Engineering,Mechanical,2B,6631,SAMPLE_DATA_NOT_REAL,0
2021,2,E002,BMS College of Engineering,Mechanical,2B,7795,SAMPLE_DATA_NOT_REAL,1
2021,Final,E002,BMS College of Engineering,Mechanical,2B,9341,SAMPLE_DATA_NOT_REAL,99
2022,1,E002,BMS College of Engineering,Mechanical,2B,6120,SAMPLE_DATA_NOT_REAL,0
2022,2,E002,BMS College of Engineering,Mechanical,2B,7298,SAMPLE_DATA_NOT_REAL,1
2022,Final,E002,BMS College of Engineering,Mechanical,2B,9154,SAMPLE_DATA_NOT_REAL,99
2023,1,E002,BMS College of Engineering,Mechanical,2B,6673,SAMPLE_DATA_NOT_REAL,0
2023,2,E002,BMS College of Engineering,Mechanical,2B,7584,SAMPLE_DATA_NOT_REAL,1
2023,Final,E002,BMS College of Engineering,Mechanical,2B,8786,SAMPLE_DATA_NOT_REAL,99
2024,1,E002,BMS College of Engineering,Mechanical,2B,6058,SAMPLE_DATA_NOT_REAL,0
2024,2,E002,BMS College of Engineering,Mechanical,2B,6472,SAMPLE_DATA_NOT_REAL,1
2024,Final,E002,BMS College of Engineering,Mechanical,2B,8030,SAMPLE_DATA_NOT_REAL,99
2025,1,E002,BMS College of Engineering,Mechanical,2B,5396,SAMPLE_DATA_NOT_REAL,0
2025,2,E002,BMS College of Engineering,Mechanical,2B,6076,SAMPLE_DATA_NOT_REAL,1
2025,Final,E002,BMS College of Engineering,Mechanical,2B,7270,SAMPLE_DATA_NOT_REAL,99
2021,1,E002,BMS College of Engineering,Mechanical,3A,6839,SAMPLE_DATA_NOT_REAL,0
2021,2,E002,BMS College of Engineering,Mechanical,3A,8580,SAMPLE_DATA_NOT_REAL,1
2021,Final,E002,BMS College of Engineering,Mechanical,3A,8963,SAMPLE_DATA_NOT_REAL,99
2022,1,E002,BMS College of Engineering,Mechanical,3A,7414,SAMPLE_DATA_NOT_REAL,0
2022,2,E002,BMS College of Engineering,Mechanical,3A,7448,SAMPLE_DATA_NOT_REAL,1
2022,Final,E002,BMS College of Engineering,Mechanical,3A,9578,SAMPLE_DATA_NOT_REAL,99
2023,1,E002,BMS College of Engineering,Mechanical,3A,6476,SAMPLE_DATA_NOT_REAL,0
2023,2,E002,BMS College of Engineering,Mechanical,3A,7075,SAMPLE_DATA_NOT_REAL,1
2023,Final,E002,BMS College of Engineering,Mechanical,3A,9618,SAMPLE_DATA_NOT_REAL,99
2024,1,E002,BMS College of Engineering,Mechanical,3A,6076,SAMPLE_DATA_NOT_REAL,0
2024,2,E002,BMS College of Engineering,Mechanical,3A,7449,SAMPLE_DATA_NOT_REAL,1
2024,Final,E002,BMS College of Engineering,Mechanical,3A,8334,SAMPLE_DATA_NOT_REAL,99
2025,1,E002,BMS College of Engineering,Mechanical,3A,5709,SAMPLE_DATA_NOT_REAL,0
2025,2,E002,BMS College of Engineering,Mechanical,3A,7315,SAMPLE_DATA_NOT_REAL,1
2025,Final,E002,BMS College of Engineering,Mechanical,3A,7824,SAMPLE_DATA_NOT_REAL,99
2021,1,E002,BMS College of Engineering,Mechanical,3B,8185,SAMPLE_DATA_NOT_REAL,0
2021,2,E002,BMS College of Engineering,Mechanical,3B,8280,SAMPLE_DATA_NOT_REAL,1
2021,Final,E002,BMS College of Engineering,Mechanical,3B,10064,SAMPLE_DATA_NOT_REAL,99
2022,1,E002,BMS College of Engineering,Mechanical,3B,7557,SAMPLE_DATA_NOT_REAL,0
2022,2,E002,BMS College of Engineering,Mechanical,3B,8104,SAMPLE_DATA_NOT_REAL,1
2022,Final,E002,BMS College of Engineering,Mechanical,3B,10196,SAMPLE_DATA_NOT_REAL,99
2023,1,E002,BMS College of Engineering,Mechanical,3B,6470,SAMPLE_DATA_NOT_REAL,0
2023,2,E002,BMS College of Engineering,Mechanical,3B,7489,SAMPLE_DATA_NOT_REAL,1
2023,Final,E002,BMS College of Engineering,Mechanical,3B,9378,SAMPLE_DATA_NOT_REAL,99
2024,1,E002,BMS College of Engineering,Mechanical,3B,6759,SAMPLE_DATA_NOT_REAL,0
2024,2,E002,BMS College of Engineering,Mechanical,3B,8248,SAMPLE_DATA_NOT_REAL,1
2024,Final,E002,BMS College of Engineering,Mechanical,3B,9651,SAMPLE_DATA_NOT_REAL,99
2025,1,E002,BMS College of Engineering,Mechanical,3B,5970,SAMPLE_DATA_NOT_REAL,0
2025,2,E002,BMS College of Engineering,Mechanical,3B,7104,SAMPLE_DATA_NOT_REAL,1
2025,Final,E002,BMS College of Engineering,Mechanical,3B,8599,SAMPLE_DATA_NOT_REAL,99
2021,1,E002,BMS College of Engineering,Mechanical,CAT1,5079,SAMPLE_DATA_NOT_REAL,0
2021,2,E002,BMS College of Engineering,Mechanical,CAT1,6523,SAMPLE_DATA_NOT_REAL,1
2021,Final,E002,BMS College of Engineering,Mechanical,CAT1,7157,SAMPLE_DATA_NOT_REAL,99
2022,1,E002,BMS College of Engineering,Mechanical,CAT1,5533,SAMPLE_DATA_NOT_REAL,0
2022,2,E002,BMS College of Engineering,Mechanical,CAT1,5982,SAMPLE_DATA_NOT_REAL,1
2022,Final,E002,BMS College of Engineering,Mechanical,CAT1,6613,SAMPLE_DATA_NOT_REAL,99
2023,1,E002,BMS College of Engineering,Mechanical,CAT1,4654,SAMPLE_DATA_NOT_REAL,0
2023,2,E002,BMS College of Engineering,Mechanical,CAT1,5368,SAMPLE_DATA_NOT_REAL,1
2023,Final,E002,BMS College of Engineering,Mechanical,CAT1,7187,SAMPLE_DATA_NOT_REAL,99
2024,1,E002,BMS College of Engineering,Mechanical,CAT1,5097,SAMPLE_DATA_NOT_REAL,0
2024,2,E002,BMS College of Engineering,Mechanical,CAT1,5749,SAMPLE_DATA_NOT_REAL,1
2024,Final,E002,BMS College of Engineering,Mechanical,CAT1,6248,SAMPLE_DATA_NOT_REAL,99
2025,1,E002,BMS College of Engineering,Mechanical,CAT1,4900,SAMPLE_DATA_NOT_REAL,0
2025,2,E002,BMS College of Engineering,Mechanical,CAT1,5301,SAMPLE_DATA_NOT_REAL,1
2025,Final,E002,BMS College of Engineering,Mechanical,CAT1,6383,SAMPLE_DATA_NOT_REAL,99
2021,1,E002,BMS College of Engineering,Mechanical,GM,4052,SAMPLE_DATA_NOT_REAL,0
2021,2,E002,BMS College of Engineering,Mechanical,GM,4550,SAMPLE_DATA_NOT_REAL,1
2021,Final,E002,BMS College of Engineering,Mechanical,GM,5489,SAMPLE_DATA_NOT_REAL,99
2022,1,E002,BMS College of Engineering,Mechanical,GM,4054,SAMPLE_DATA_NOT_REAL,0
2022,2,E002,BMS College of Engineering,Mechanical,GM,5006,SAMPLE_DATA_NOT_REAL,1
2022,Final,E002,BMS College of Engineering,Mechanical,GM,5229,SAMPLE_DATA_NOT_REAL,99
2023,1,E002,BMS College of Engineering,Mechanical,GM,3953,SAMPLE_DATA_NOT_REAL,0
2023,2,E002,BMS College of Engineering,Mechanical,GM,4207,SAMPLE_DATA_NOT_REAL,1
2023,Final,E002,BMS College of Engineering,Mechanical,GM,5235,SAMPLE_DATA_NOT_REAL,99
2024,1,E002,BMS College of Engineering,Mechanical,GM,3712,SAMPLE_DATA_NOT_REAL,0
2024,2,E002,BMS College of Engineering,Mechanical,GM,4114,SAMPLE_DATA_NOT_REAL,1
2024,Final,E002,BMS College of Engineering,Mechanical,GM,4639,SAMPLE_DATA_NOT_REAL,99
2025,1,E002,BMS College of Engineering,Mechanical,GM,3367,SAMPLE_DATA_NOT_REAL,0
2025,2,E002,BMS College of Engineering,Mechanical,GM,3864,SAMPLE_DATA_NOT_REAL,1
2025,Final,E002,BMS College of Engineering,Mechanical,GM,4496,SAMPLE_DATA_NOT_REAL,99
2021,1,E002,BMS College of Engineering,Mechanical,SC,12655,SAMPLE_DATA_NOT_REAL,0
2021,2,E002,BMS College of Engineering,Mechanical,SC,13872,SAMPLE_DATA_NOT_REAL,1
2021,Final,E002,BMS College of Engineering,Mechanical,SC,17330,SAMPLE_DATA_NOT_REAL,99
2022,1,E002,BMS College of Engineering,Mechanical,SC,11741,SAMPLE_DATA_NOT_REAL,0
2022,2,E002,BMS College of Engineering,Mechanical,SC,13935,SAMPLE_DATA_NOT_REAL,1
2022,Final,E002,BMS College of Engineering,Mechanical,SC,15900,SAMPLE_DATA_NOT_REAL,99
2023,1,E002,BMS College of Engineering,Mechanical,SC,11085,SAMPLE_DATA_NOT_REAL,0
2023,2,E002,BMS College of Engineering,Mechanical,SC,12361,SAMPLE_DATA_NOT_REAL,1
2023,Final,E002,BMS College of Engineering,Mechanical,SC,16454,SAMPLE_DATA_NOT_REAL,99
2024,1,E002,BMS College of Engineering,Mechanical,SC,11394,SAMPLE_DATA_NOT_REAL,0
2024,2,E002,BMS College of Engineering,Mechanical,SC,13195,SAMPLE_DATA_NOT_REAL,1
2024,Final,E002,BMS College of Engineering,Mechanical,SC,14132,SAMPLE_DATA_NOT_REAL,99
2025,1,E002,BMS College of Engineering,Mechanical,SC,10093,SAMPLE_DATA_NOT_REAL,0
2025,2,E002,BMS College of Engineering,Mechanical,SC,12748,SAMPLE_DATA_NOT_REAL,1
2025,Final,E002,BMS College of Engineering,Mechanical,SC,14975,SAMPLE_DATA_NOT_REAL,99
2021,1,E002,BMS College of Engineering,Mechanical,ST,15745,SAMPLE_DATA_NOT_REAL,0
2021,2,E002,BMS College of Engineering,Mechanical,ST,19326,SAMPLE_DATA_NOT_REAL,1
2021,Final,E002,BMS College of Engineering,Mechanical,ST,20953,SAMPLE_DATA_NOT_REAL,99
2022,1,E002,BMS College of Engineering,Mechanical,ST,15751,SAMPLE_DATA_NOT_REAL,0
2022,2,E002,BMS College of Engineering,Mechanical,ST,17300,SAMPLE_DATA_NOT_REAL,1
2022,Final,E002,BMS College of Engineering,Mechanical,ST,21038,SAMPLE_DATA_NOT_REAL,99
2023,1,E002,BMS College of Engineering,Mechanical,ST,15212,SAMPLE_DATA_NOT_REAL,0
2023,2,E002,BMS College of Engineering,Mechanical,ST,17877,SAMPLE_DATA_NOT_REAL,1
2023,Final,E002,BMS College of Engineering,Mechanical,ST,20392,SAMPLE_DATA_NOT_REAL,99
2024,1,E002,BMS College of Engineering,Mechanical,ST,15043,SAMPLE_DATA_NOT_REAL,0
2024,2,E002,BMS College of Engineering,Mechanical,ST,16501,SAMPLE_DATA_NOT_REAL,1
2024,Final,E002,BMS College of Engineering,Mechanical,ST,19011,SAMPLE_DATA_NOT_REAL,99
2025,1,E002,BMS College of Engineering,Mechanical,ST,15161,SAMPLE_DATA_NOT_REAL,0
2025,2,E002,BMS College of Engineering,Mechanical,ST,17477,SAMPLE_DATA_NOT_REAL,1
2025,Final,E002,BMS College of Engineering,Mechanical,ST,19240,SAMPLE_DATA_NOT_REAL,99
2021,1,E008,BNM Institute of Technology,Civil,1G,3785,SAMPLE_DATA_NOT_REAL,0
2021,2,E008,BNM Institute of Technology,Civil,1G,4930,SAMPLE_DATA_NOT_REAL,1
2021,Final,E008,BNM Institute of Technology,Civil,1G,5926,SAMPLE_DATA_NOT_REAL,99
2022,1,E008,BNM Institute of Technology,Civil,1G,3676,SAMPLE_DATA_NOT_REAL,0
2022,2,E008,BNM Institute of Technology,Civil,1G,4438,SAMPLE_DATA_NOT_REAL,1
2022,Final,E008,BNM Institute of Technology,Civil,1G,5010,SAMPLE_DATA_NOT_REAL,99
2023,1,E008,BNM Institute of Technology,Civil,1G,3481,SAMPLE_DATA_NOT_REAL,0
2023,2,E008,BNM Institute of Technology,Civil,1G,4395,SAMPLE_DATA_NOT_REAL,1
2023,Final,E008,BNM Institute of Technology,Civil,1G,5394,SAMPLE_DATA_NOT_REAL,99
2024,1,E008,BNM Institute of Technology,Civil,1G,3376,SAMPLE_DATA_NOT_REAL,0
2024,2,E008,BNM Institute of Technology,Civil,1G,4418,SAMPLE_DATA_NOT_REAL,1
2024,Final,E008,BNM Institute of Technology,Civil,1G,5174,SAMPLE_DATA_NOT_REAL,99
2025,1,E008,BNM Institute of Technology,Civil,1G,3482,SAMPLE_DATA_NOT_REAL,0
2025,2,E008,BNM Institute of Technology,Civil,1G,3806,SAMPLE_DATA_NOT_REAL,1
2025,Final,E008,BNM Institute of Technology,Civil,1G,4428,SAMPLE_DATA_NOT_REAL,99
2021,1,E008,BNM Institute of Technology,Civil,2A,5001,SAMPLE_DATA_NOT_REAL,0
2021,2,E008,BNM Institute of Technology,Civil,2A,5529,SAMPLE_DATA_NOT_REAL,1
2021,Final,E008,BNM Institute of Technology,Civil,2A,6560,SAMPLE_DATA_NOT_REAL,99
2022,1,E008,BNM Institute of Technology,Civil,2A,5185,SAMPLE_DATA_NOT_REAL,0
2022,2,E008,BNM Institute of Technology,Civil,2A,5968,SAMPLE_DATA_NOT_REAL,1
2022,Final,E008,BNM Institute of Technology,Civil,2A,6852,SAMPLE_DATA_NOT_REAL,99
2023,1,E008,BNM Institute of Technology,Civil,2A,4614,SAMPLE_DATA_NOT_REAL,0
2023,2,E008,BNM Institute of Technology,Civil,2A,5131,SAMPLE_DATA_NOT_REAL,1
2023,Final,E008,BNM Institute of Technology,Civil,2A,5987,SAMPLE_DATA_NOT_REAL,99
2024,1,E008,BNM Institute of Technology,Civil,2A,4255,SAMPLE_DATA_NOT_REAL,0
2024,2,E008,BNM Institute of Technology,Civil,2A,5322,SAMPLE_DATA_NOT_REAL,1
2024,Final,E008,BNM Institute of Technology,Civil,2A,5813,SAMPLE_DATA_NOT_REAL,99
2025,1,E008,BNM Institute of Technology,Civil,2A,4134,SAMPLE_DATA_NOT_REAL,0
2025,2,E008,BNM Institute of Technology,Civil,2A,5162,SAMPLE_DATA_NOT_REAL,1
2025,Final,E008,BNM Institute of Technology,Civil,2A,6216,SAMPLE_DATA_NOT_REAL,99
2021,1,E008,BNM Institute of Technology,Civil,2B,5935,SAMPLE_DATA_NOT_REAL,0
2021,2,E008,BNM Institute of Technology,Civil,2B,6892,SAMPLE_DATA_NOT_REAL,1
2021,Final,E008,BNM Institute of Technology,Civil,2B,8221,SAMPLE_DATA_NOT_REAL,99
2022,1,E008,BNM Institute of Technology,Civil,2B,5437,SAMPLE_DATA_NOT_REAL,0
2022,2,E008,BNM Institute of Technology,Civil,2B,6160,SAMPLE_DATA_NOT_REAL,1
2022,Final,E008,BNM Institute of Technology,Civil,2B,8041,SAMPLE_DATA_NOT_REAL,99
2023,1,E008,BNM Institute of Technology,Civil,2B,5597,SAMPLE_DATA_NOT_REAL,0
2023,2,E008,BNM Institute of Technology,Civil,2B,6617,SAMPLE_DATA_NOT_REAL,1
2023,Final,E008,BNM Institute of Technology,Civil,2B,7849,SAMPLE_DATA_NOT_REAL,99
2024,1,E008,BNM Institute of Technology,Civil,2B,5458,SAMPLE_DATA_NOT_REAL,0
2024,2,E008,BNM Institute of Technology,Civil,2B,6186,SAMPLE_DATA_NOT_REAL,1
2024,Final,E008,BNM Institute of Technology,Civil,2B,7232,SAMPLE_DATA_NOT_REAL,99
2025,1,E008,BNM Institute of Technology,Civil,2B,4957,SAMPLE_DATA_NOT_REAL,0
2025,2,E008,BNM Institute of Technology,Civil,2B,6067,SAMPLE_DATA_NOT_REAL,1
2025,Final,E008,BNM Institute of Technology,Civil,2B,7302,SAMPLE_DATA_NOT_REAL,99
2021,1,E008,BNM Institute of Technology,Civil,3A,6685,SAMPLE_DATA_NOT_REAL,0
2021,2,E008,BNM Institute of Technology,Civil,3A,7228,SAMPLE_DATA_NOT_REAL,1
2021,Final,E008,BNM Institute of Technology,Civil,3A,8360,SAMPLE_DATA_NOT_REAL,99
2022,1,E008,BNM Institute of Technology,Civil,3A,5852,SAMPLE_DATA_NOT_REAL,0
2022,2,E008,BNM Institute of Technology,Civil,3A,6780,SAMPLE_DATA_NOT_REAL,1
2022,Final,E008,BNM Institute of Technology,Civil,3A,8782,SAMPLE_DATA_NOT_REAL,99
2023,1,E008,BNM Institute of Technology,Civil,3A,6097,SAMPLE_DATA_NOT_REAL,0
2023,2,E008,BNM Institute of Technology,Civil,3A,6686,SAMPLE_DATA_NOT_REAL,1
2023,Final,E008,BNM Institute of Technology,Civil,3A,8065,SAMPLE_DATA_NOT_REAL,99
2024,1,E008,BNM Institute of Technology,Civil,3A,5589,SAMPLE_DATA_NOT_REAL,0
2024,2,E008,BNM Institute of Technology,Civil,3A,6228,SAMPLE_DATA_NOT_REAL,1
2024,Final,E008,BNM Institute of Technology,Civil,3A,8006,SAMPLE_DATA_NOT_REAL,99
2025,1,E008,BNM Institute of Technology,Civil,3A,5596,SAMPLE_DATA_NOT_REAL,0
2025,2,E008,BNM Institute of Technology,Civil,3A,5732,SAMPLE_DATA_NOT_REAL,1
2025,Final,E008,BNM Institute of Technology,Civil,3A,7141,SAMPLE_DATA_NOT_REAL,99
2021,1,E008,BNM Institute of Technology,Civil,3B,6245,SAMPLE_DATA_NOT_REAL,0
2021,2,E008,BNM Institute of Technology,Civil,3B,7922,SAMPLE_DATA_NOT_REAL,1
2021,Final,E008,BNM Institute of Technology,Civil,3B,9485,SAMPLE_DATA_NOT_REAL,99
2022,1,E008,BNM Institute of Technology,Civil,3B,6614,SAMPLE_DATA_NOT_REAL,0
2022,2,E008,BNM Institute of Technology,Civil,3B,7851,SAMPLE_DATA_NOT_REAL,1
2022,Final,E008,BNM Institute of Technology,Civil,3B,9278,SAMPLE_DATA_NOT_REAL,99
2023,1,E008,BNM Institute of Technology,Civil,3B,6544,SAMPLE_DATA_NOT_REAL,0
2023,2,E008,BNM Institute of Technology,Civil,3B,7151,SAMPLE_DATA_NOT_REAL,1
2023,Final,E008,BNM Institute of Technology,Civil,3B,7981,SAMPLE_DATA_NOT_REAL,99
2024,1,E008,BNM Institute of Technology,Civil,3B,5871,SAMPLE_DATA_NOT_REAL,0
2024,2,E008,BNM Institute of Technology,Civil,3B,7333,SAMPLE_DATA_NOT_REAL,1
2024,Final,E008,BNM Institute of Technology,Civil,3B,8519,SAMPLE_DATA_NOT_REAL,99
2025,1,E008,BNM Institute of Technology,Civil,3B,5566,SAMPLE_DATA_NOT_REAL,0
2025,2,E008,BNM Institute of Technology,Civil,3B,6055,SAMPLE_DATA_NOT_REAL,1
2025,Final,E008,BNM Institute of Technology,Civil,3B,7450,SAMPLE_DATA_NOT_REAL,99
2021,1,E008,BNM Institute of Technology,Civil,CAT1,4605,SAMPLE_DATA_NOT_REAL,0
2021,2,E008,BNM Institute of Technology,Civil,CAT1,5855,SAMPLE_DATA_NOT_REAL,1
2021,Final,E008,BNM Institute of Technology,Civil,CAT1,6162,SAMPLE_DATA_NOT_REAL,99
2022,1,E008,BNM Institute of Technology,Civil,CAT1,4416,SAMPLE_DATA_NOT_REAL,0
2022,2,E008,BNM Institute of Technology,Civil,CAT1,5561,SAMPLE_DATA_NOT_REAL,1
2022,Final,E008,BNM Institute of Technology,Civil,CAT1,6059,SAMPLE_DATA_NOT_REAL,99
2023,1,E008,BNM Institute of Technology,Civil,CAT1,4608,SAMPLE_DATA_NOT_REAL,0
2023,2,E008,BNM Institute of Technology,Civil,CAT1,5284,SAMPLE_DATA_NOT_REAL,1
2023,Final,E008,BNM Institute of Technology,Civil,CAT1,5637,SAMPLE_DATA_NOT_REAL,99
2024,1,E008,BNM Institute of Technology,Civil,CAT1,4381,SAMPLE_DATA_NOT_REAL,0
2024,2,E008,BNM Institute of Technology,Civil,CAT1,4805,SAMPLE_DATA_NOT_REAL,1
2024,Final,E008,BNM Institute of Technology,Civil,CAT1,5928,SAMPLE_DATA_NOT_REAL,99
2025,1,E008,BNM Institute of Technology,Civil,CAT1,4279,SAMPLE_DATA_NOT_REAL,0
2025,2,E008,BNM Institute of Technology,Civil,CAT1,5020,SAMPLE_DATA_NOT_REAL,1
2025,Final,E008,BNM Institute of Technology,Civil,CAT1,5108,SAMPLE_DATA_NOT_REAL,99
2021,1,E008,BNM Institute of Technology,Civil,GM,3545,SAMPLE_DATA_NOT_REAL,0
2021,2,E008,BNM Institute of Technology,Civil,GM,4191,SAMPLE_DATA_NOT_REAL,1
2021,Final,E008,BNM Institute of Technology,Civil,GM,5414,SAMPLE_DATA_NOT_REAL,99
2022,1,E008,BNM Institute of Technology,Civil,GM,3774,SAMPLE_DATA_NOT_REAL,0
2022,2,E008,BNM Institute of Technology,Civil,GM,3829,SAMPLE_DATA_NOT_REAL,1
2022,Final,E008,BNM Institute of Technology,Civil,GM,4760,SAMPLE_DATA_NOT_REAL,99
2023,1,E008,BNM Institute of Technology,Civil,GM,3461,SAMPLE_DATA_NOT_REAL,0
2023,2,E008,BNM Institute of Technology,Civil,GM,3771,SAMPLE_DATA_NOT_REAL,1
2023,Final,E008,BNM Institute of Technology,Civil,GM,4752,SAMPLE_DATA_NOT_REAL,99
2024,1,E008,BNM Institute of Technology,Civil,GM,3102,SAMPLE_DATA_NOT_REAL,0
2024,2,E008,BNM Institute of Technology,Civil,GM,3787,SAMPLE_DATA_NOT_REAL,1
2024,Final,E008,BNM Institute of Technology,Civil,GM,4106,SAMPLE_DATA_NOT_REAL,99
2025,1,E008,BNM Institute of Technology,Civil,GM,3083,SAMPLE_DATA_NOT_REAL,0
2025,2,E008,BNM Institute of Technology,Civil,GM,3516,SAMPLE_DATA_NOT_REAL,1
2025,Final,E008,BNM Institute of Technology,Civil,GM,4164,SAMPLE_DATA_NOT_REAL,99
2021,1,E008,BNM Institute of Technology,Civil,SC,11019,SAMPLE_DATA_NOT_REAL,0
2021,2,E008,BNM Institute of Technology,Civil,SC,13202,SAMPLE_DATA_NOT_REAL,1
2021,Final,E008,BNM Institute of Technology,Civil,SC,15515,SAMPLE_DATA_NOT_REAL,99
2022,1,E008,BNM Institute of Technology,Civil,SC,10902,SAMPLE_DATA_NOT_REAL,0
2022,2,E008,BNM Institute of Technology,Civil,SC,11618,SAMPLE_DATA_NOT_REAL,1
2022,Final,E008,BNM Institute of Technology,Civil,SC,14624,SAMPLE_DATA_NOT_REAL,99
2023,1,E008,BNM Institute of Technology,Civil,SC,10840,SAMPLE_DATA_NOT_REAL,0
2023,2,E008,BNM Institute of Technology,Civil,SC,11845,SAMPLE_DATA_NOT_REAL,1
2023,Final,E008,BNM Institute of Technology,Civil,SC,13634,SAMPLE_DATA_NOT_REAL,99
2024,1,E008,BNM Institute of Technology,Civil,SC,10660,SAMPLE_DATA_NOT_REAL,0
2024,2,E008,BNM Institute of Technology,Civil,SC,11442,SAMPLE_DATA_NOT_REAL,1
2024,Final,E008,BNM Institute of Technology,Civil,SC,13145,SAMPLE_DATA_NOT_REAL,99
2025,1,E008,BNM Institute of Technology,Civil,SC,9739,SAMPLE_DATA_NOT_REAL,0
2025,2,E008,BNM Institute of Technology,Civil,SC,10385,SAMPLE_DATA_NOT_REAL,1
2025,Final,E008,BNM Institute of Technology,Civil,SC,13808,SAMPLE_DATA_NOT_REAL,99
2021,1,E008,BNM Institute of Technology,Civil,ST,15205,SAMPLE_DATA_NOT_REAL,0
2021,2,E008,BNM Institute of Technology,Civil,ST,17362,SAMPLE_DATA_NOT_REAL,1
2021,Final,E008,BNM Institute of Technology,Civil,ST,21566,SAMPLE_DATA_NOT_REAL,99
2022,1,E008,BNM Institute of Technology,Civil,ST,15155,SAMPLE_DATA_NOT_REAL,0
2022,2,E008,BNM Institute of Technology,Civil,ST,17165,SAMPLE_DATA_NOT_REAL,1
2022,Final,E008,BNM Institute of Technology,Civil,ST,18073,SAMPLE_DATA_NOT_REAL,99
2023,1,E008,BNM Institute of Technology,Civil,ST,14632,SAMPLE_DATA_NOT_REAL,0
2023,2,E008,BNM Institute of Technology,Civil,ST,15519,SAMPLE_DATA_NOT_REAL,1
2023,Final,E008,BNM Institute of Technology,Civil,ST,19946,SAMPLE_DATA_NOT_REAL,99
2024,1,E008,BNM Institute of Technology,Civil,ST,12303,SAMPLE_DATA_NOT_REAL,0
2024,2,E008,BNM Institute of Technology,Civil,ST,14264,SAMPLE_DATA_NOT_REAL,1
2024,Final,E008,BNM Institute of Technology,Civil,ST,17403,SAMPLE_DATA_NOT_REAL,99
2025,1,E008,BNM Institute of Technology,Civil,ST,11947,SAMPLE_DATA_NOT_REAL,0
2025,2,E008,BNM Institute of Technology,Civil,ST,13791,SAMPLE_DATA_NOT_REAL,1
2025,Final,E008,BNM Institute of Technology,Civil,ST,17945,SAMPLE_DATA_NOT_REAL,99
2021,1,E008,BNM Institute of Technology,Computer Science,1G,5572,SAMPLE_DATA_NOT_REAL,0
2021,2,E008,BNM Institute of Technology,Computer Science,1G,6284,SAMPLE_DATA_NOT_REAL,1
2021,Final,E008,BNM Institute of Technology,Computer Science,1G,6773,SAMPLE_DATA_NOT_REAL,99
2022,1,E008,BNM Institute of Technology,Computer Science,1G,4906,SAMPLE_DATA_NOT_REAL,0
2022,2,E008,BNM Institute of Technology,Computer Science,1G,5789,SAMPLE_DATA_NOT_REAL,1
2022,Final,E008,BNM Institute of Technology,Computer Science,1G,6379,SAMPLE_DATA_NOT_REAL,99
2023,1,E008,BNM Institute of Technology,Computer Science,1G,5130,SAMPLE_DATA_NOT_REAL,0
2023,2,E008,BNM Institute of Technology,Computer Science,1G,5980,SAMPLE_DATA_NOT_REAL,1
2023,Final,E008,BNM Institute of Technology,Computer Science,1G,6937,SAMPLE_DATA_NOT_REAL,99
2024,1,E008,BNM Institute of Technology,Computer Science,1G,4523,SAMPLE_DATA_NOT_REAL,0
2024,2,E008,BNM Institute of Technology,Computer Science,1G,5351,SAMPLE_DATA_NOT_REAL,1
2024,Final,E008,BNM Institute of Technology,Computer Science,1G,6326,SAMPLE_DATA_NOT_REAL,99
2025,1,E008,BNM Institute of Technology,Computer Science,1G,4232,SAMPLE_DATA_NOT_REAL,0
2025,2,E008,BNM Institute of Technology,Computer Science,1G,4904,SAMPLE_DATA_NOT_REAL,1
2025,Final,E008,BNM Institute of Technology,Computer Science,1G,6355,SAMPLE_DATA_NOT_REAL,99
2021,1,E008,BNM Institute of Technology,Computer Science,2A,6953,SAMPLE_DATA_NOT_REAL,0
2021,2,E008,BNM Institute of Technology,Computer Science,2A,7922,SAMPLE_DATA_NOT_REAL,1
2021,Final,E008,BNM Institute of Technology,Computer Science,2A,8861,SAMPLE_DATA_NOT_REAL,99
2022,1,E008,BNM Institute of Technology,Computer Science,2A,6080,SAMPLE_DATA_NOT_REAL,0
2022,2,E008,BNM Institute of Technology,Computer Science,2A,6970,SAMPLE_DATA_NOT_REAL,1
2022,Final,E008,BNM Institute of Technology,Computer Science,2A,9267,SAMPLE_DATA_NOT_REAL,99
2023,1,E008,BNM Institute of Technology,Computer Science,2A,5979,SAMPLE_DATA_NOT_REAL,0
2023,2,E008,BNM Institute of Technology,Computer Science,2A,7092,SAMPLE_DATA_NOT_REAL,1
2023,Final,E008,BNM Institute of Technology,Computer Science,2A,7839,SAMPLE_DATA_NOT_REAL,99
2024,1,E008,BNM Institute of Technology,Computer Science,2A,6365,SAMPLE_DATA_NOT_REAL,0
2024,2,E008,BNM Institute of Technology,Computer Science,2A,7315,SAMPLE_DATA_NOT_REAL,1
2024,Final,E008,BNM Institute of Technology,Computer Science,2A,7849,SAMPLE_DATA_NOT_REAL,99
2025,1,E008,BNM Institute of Technology,Computer Science,2A,5879,SAMPLE_DATA_NOT_REAL,0
2025,2,E008,BNM Institute of Technology,Computer Science,2A,6246,SAMPLE_DATA_NOT_REAL,1
2025,Final,E008,BNM Institute of Technology,Computer Science,2A,7863,SAMPLE_DATA_NOT_REAL,99
2021,1,E008,BNM Institute of Technology,Computer Science,2B,7432,SAMPLE_DATA_NOT_REAL,0
2021,2,E008,BNM Institute of Technology,Computer Science,2B,9306,SAMPLE_DATA_NOT_REAL,1
2021,Final,E008,BNM Institute of Technology,Computer Science,2B,10829,SAMPLE_DATA_NOT_REAL,99
2022,1,E008,BNM Institute of Technology,Computer Science,2B,7559,SAMPLE_DATA_NOT_REAL,0
2022,2,E008,BNM Institute of Technology,Computer Science,2B,8960,SAMPLE_DATA_NOT_REAL,1
2022,Final,E008,BNM Institute of Technology,Computer Science,2B,10290,SAMPLE_DATA_NOT_REAL,99
2023,1,E008,BNM Institute of Technology,Computer Science,2B,7468,SAMPLE_DATA_NOT_REAL,0
2023,2,E008,BNM Institute of Technology,Computer Science,2B,7946,SAMPLE_DATA_NOT_REAL,1
2023,Final,E008,BNM Institute of Technology,Computer Science,2B,8870,SAMPLE_DATA_NOT_REAL,99
2024,1,E008,BNM Institute of Technology,Computer Science,2B,6721,SAMPLE_DATA_NOT_REAL,0
2024,2,E008,BNM Institute of Technology,Computer Science,2B,7911,SAMPLE_DATA_NOT_REAL,1
2024,Final,E008,BNM Institute of Technology,Computer Science,2B,8652,SAMPLE_DATA_NOT_REAL,99
2025,1,E008,BNM Institute of Technology,Computer Science,2B,6536,SAMPLE_DATA_NOT_REAL,0
2025,2,E008,BNM Institute of Technology,Computer Science,2B,7988,SAMPLE_DATA_NOT_REAL,1
2025,Final,E008,BNM Institute of Technology,Computer Science,2B,9051,SAMPLE_DATA_NOT_REAL,99
2021,1,E008,BNM Institute of Technology,Computer Science,3A,7908,SAMPLE_DATA_NOT_REAL,0
2021,2,E008,BNM Institute of Technology,Computer Science,3A,9573,SAMPLE_DATA_NOT_REAL,1
2021,Final,E008,BNM Institute of Technology,Computer Science,3A,11656,SAMPLE_DATA_NOT_REAL,99
2022,1,E008,BNM Institute of Technology,Computer Science,3A,7481,SAMPLE_DATA_NOT_REAL,0
2022,2,E008,BNM Institute of Technology,Computer Science,3A,8920,SAMPLE_DATA_NOT_REAL,1
2022,Final,E008,BNM Institute of Technology,Computer Science,3A,10575,SAMPLE_DATA_NOT_REAL,99
2023,1,E008,BNM Institute of Technology,Computer Science,3A,7888,SAMPLE_DATA_NOT_REAL,0
2023,2,E008,BNM Institute of Technology,Computer Science,3A,9190,SAMPLE_DATA_NOT_REAL,1
2023,Final,E008,BNM Institute of Technology,Computer Science,3A,10877,SAMPLE_DATA_NOT_REAL,99
2024,1,E008,BNM Institute of Technology,Computer Science,3A,7774,SAMPLE_DATA_NOT_REAL,0
2024,2,E008,BNM Institute of Technology,Computer Science,3A,8909,SAMPLE_DATA_NOT_REAL,1
2024,Final,E008,BNM Institute of Technology,Computer Science,3A,9197,SAMPLE_DATA_NOT_REAL,99
2025,1,E008,BNM Institute of Technology,Computer Science,3A,7116,SAMPLE_DATA_NOT_REAL,0
2025,2,E008,BNM Institute of Technology,Computer Science,3A,8331,SAMPLE_DATA_NOT_REAL,1
2025,Final,E008,BNM Institute of Technology,Computer Science,3A,9648,SAMPLE_DATA_NOT_REAL,99
2021,1,E008,BNM Institute of Technology,Computer Science,3B,8510,SAMPLE_DATA_NOT_REAL,0
2021,2,E008,BNM Institute of Technology,Computer Science,3B,10573,SAMPLE_DATA_NOT_REAL,1
2021,Final,E008,BNM Institute of Technology,Computer Science,3B,11346,SAMPLE_DATA_NOT_REAL,99
2022,1,E008,BNM Institute of Technology,Computer Science,3B,8026,SAMPLE_DATA_NOT_REAL,0
2022,2,E008,BNM Institute of Technology,Computer Science,3B,8773,SAMPLE_DATA_NOT_REAL,1
2022,Final,E008,BNM Institute of Technology,Computer Science,3B,11910,SAMPLE_DATA_NOT_REAL,99
2023,1,E008,BNM Institute of Technology,Computer Science,3B,7988,SAMPLE_DATA_NOT_REAL,0
2023,2,E008,BNM Institute of Technology,Computer Science,3B,8815,SAMPLE_DATA_NOT_REAL,1
2023,Final,E008,BNM Institute of Technology,Computer Science,3B,11479,SAMPLE_DATA_NOT_REAL,99
2024,1,E008,BNM Institute of Technology,Computer Science,3B,7451,SAMPLE_DATA_NOT_REAL,0
2024,2,E008,BNM Institute of Technology,Computer Science,3B,8379,SAMPLE_DATA_NOT_REAL,1
2024,Final,E008,BNM Institute of Technology,Computer Science,3B,10621,SAMPLE_DATA_NOT_REAL,99
2025,1,E008,BNM Institute of Technology,Computer Science,3B,7578,SAMPLE_DATA_NOT_REAL,0
2025,2,E008,BNM Institute of Technology,Computer Science,3B,8222,SAMPLE_DATA_NOT_REAL,1
2025,Final,E008,BNM Institute of Technology,Computer Science,3B,10133,SAMPLE_DATA_NOT_REAL,99
2021,1,E008,BNM Institute of Technology,Computer Science,CAT1,5865,SAMPLE_DATA_NOT_REAL,0
2021,2,E008,BNM Institute of Technology,Computer Science,CAT1,7105,SAMPLE_DATA_NOT_REAL,1
2021,Final,E008,BNM Institute of Technology,Computer Science,CAT1,8945,SAMPLE_DATA_NOT_REAL,99
2022,1,E008,BNM Institute of Technology,Computer Science,CAT1,6352,SAMPLE_DATA_NOT_REAL,0
2022,2,E008,BNM Institute of Technology,Computer Science,CAT1,7094,SAMPLE_DATA_NOT_REAL,1
2022,Final,E008,BNM Institute of Technology,Computer Science,CAT1,8239,SAMPLE_DATA_NOT_REAL,99
2023,1,E008,BNM Institute of Technology,Computer Science,CAT1,5905,SAMPLE_DATA_NOT_REAL,0
2023,2,E008,BNM Institute of Technology,Computer Science,CAT1,7044,SAMPLE_DATA_NOT_REAL,1
2023,Final,E008,BNM Institute of Technology,Computer Science,CAT1,7157,SAMPLE_DATA_NOT_REAL,99
2024,1,E008,BNM Institute of Technology,Computer Science,CAT1,5948,SAMPLE_DATA_NOT_REAL,0
2024,2,E008,BNM Institute of Technology,Computer Science,CAT1,6197,SAMPLE_DATA_NOT_REAL,1
2024,Final,E008,BNM Institute of Technology,Computer Science,CAT1,7234,SAMPLE_DATA_NOT_REAL,99
2025,1,E008,BNM Institute of Technology,Computer Science,CAT1,5261,SAMPLE_DATA_NOT_REAL,0
2025,2,E008,BNM Institute of Technology,Computer Science,CAT1,6562,SAMPLE_DATA_NOT_REAL,1
2025,Final,E008,BNM Institute of Technology,Computer Science,CAT1,7359,SAMPLE_DATA_NOT_REAL,99
2021,1,E008,BNM Institute of Technology,Computer Science,GM,4655,SAMPLE_DATA_NOT_REAL,0
2021,2,E008,BNM Institute of Technology,Computer Science,GM,5675,SAMPLE_DATA_NOT_REAL,1
2021,Final,E008,BNM Institute of Technology,Computer Science,GM,6740,SAMPLE_DATA_NOT_REAL,99
2022,1,E008,BNM Institute of Technology,Computer Science,GM,4474,SAMPLE_DATA_NOT_REAL,0
2022,2,E008,BNM Institute of Technology,Computer Science,GM,5538,SAMPLE_DATA_NOT_REAL,1
2022,Final,E008,BNM Institute of Technology,Computer Science,GM,6195,SAMPLE_DATA_NOT_REAL,99
2023,1,E008,BNM Institute of Technology,Computer Science,GM,4597,SAMPLE_DATA_NOT_REAL,0
2023,2,E008,BNM Institute of Technology,Computer Science,GM,4740,SAMPLE_DATA_NOT_REAL,1
2023,Final,E008,BNM Institute of Technology,Computer Science,GM,6216,SAMPLE_DATA_NOT_REAL,99
2024,1,E008,BNM Institute of Technology,Computer Science,GM,4526,SAMPLE_DATA_NOT_REAL,0
2024,2,E008,BNM Institute of Technology,Computer Science,GM,4580,SAMPLE_DATA_NOT_REAL,1
2024,Final,E008,BNM Institute of Technology,Computer Science,GM,5847,SAMPLE_DATA_NOT_REAL,99
2025,1,E008,BNM Institute of Technology,Computer Science,GM,3924,SAMPLE_DATA_NOT_REAL,0
2025,2,E008,BNM Institute of Technology,Computer Science,GM,4628,SAMPLE_DATA_NOT_REAL,1
2025,Final,E008,BNM Institute of Technology,Computer Science,GM,5092,SAMPLE_DATA_NOT_REAL,99
2021,1,E008,BNM Institute of Technology,Computer Science,SC,14169,SAMPLE_DATA_NOT_REAL,0
2021,2,E008,BNM Institute of Technology,Computer Science,SC,16941,SAMPLE_DATA_NOT_REAL,1
2021,Final,E008,BNM Institute of Technology,Computer Science,SC,18264,SAMPLE_DATA_NOT_REAL,99
2022,1,E008,BNM Institute of Technology,Computer Science,SC,12848,SAMPLE_DATA_NOT_REAL,0
2022,2,E008,BNM Institute of Technology,Computer Science,SC,17056,SAMPLE_DATA_NOT_REAL,1
2022,Final,E008,BNM Institute of Technology,Computer Science,SC,19551,SAMPLE_DATA_NOT_REAL,99
2023,1,E008,BNM Institute of Technology,Computer Science,SC,12258,SAMPLE_DATA_NOT_REAL,0
2023,2,E008,BNM Institute of Technology,Computer Science,SC,16347,SAMPLE_DATA_NOT_REAL,1
2023,Final,E008,BNM Institute of Technology,Computer Science,SC,18965,SAMPLE_DATA_NOT_REAL,99
2024,1,E008,BNM Institute of Technology,Computer Science,SC,11898,SAMPLE_DATA_NOT_REAL,0
2024,2,E008,BNM Institute of Technology,Computer Science,SC,15219,SAMPLE_DATA_NOT_REAL,1
2024,Final,E008,BNM Institute of Technology,Computer Science,SC,16643,SAMPLE_DATA_NOT_REAL,99
2025,1,E008,BNM Institute of Technology,Computer Science,SC,13060,SAMPLE_DATA_NOT_REAL,0
2025,2,E008,BNM Institute of Technology,Computer Science,SC,14437,SAMPLE_DATA_NOT_REAL,1
2025,Final,E008,BNM Institute of Technology,Computer Science,SC,15874,SAMPLE_DATA_NOT_REAL,99
2021,1,E008,BNM Institute of Technology,Computer Science,ST,18565,SAMPLE_DATA_NOT_REAL,0
2021,2,E008,BNM Institute of Technology,Computer Science,ST,21396,SAMPLE_DATA_NOT_REAL,1
2021,Final,E008,BNM Institute of Technology,Computer Science,ST,25362,SAMPLE_DATA_NOT_REAL,99
2022,1,E008,BNM Institute of Technology,Computer Science,ST,19747,SAMPLE_DATA_NOT_REAL,0
2022,2,E008,BNM Institute of Technology,Computer Science,ST,20179,SAMPLE_DATA_NOT_REAL,1
2022,Final,E008,BNM Institute of Technology,Computer Science,ST,25579,SAMPLE_DATA_NOT_REAL,99
2023,1,E008,BNM Institute of Technology,Computer Science,ST,16684,SAMPLE_DATA_NOT_REAL,0
2023,2,E008,BNM Institute of Technology,Computer Science,ST,20936,SAMPLE_DATA_NOT_REAL,1
2023,Final,E008,BNM Institute of Technology,Computer Science,ST,25101,SAMPLE_DATA_NOT_REAL,99
2024,1,E008,BNM Institute of Technology,Computer Science,ST,15644,SAMPLE_DATA_NOT_REAL,0
2024,2,E008,BNM Institute of Technology,Computer Science,ST,18669,SAMPLE_DATA_NOT_REAL,1
2024,Final,E008,BNM Institute of Technology,Computer Science,ST,22686,SAMPLE_DATA_NOT_REAL,99
2025,1,E008,BNM Institute of Technology,Computer Science,ST,16139,SAMPLE_DATA_NOT_REAL,0
2025,2,E008,BNM Institute of Technology,Computer Science,ST,19330,SAMPLE_DATA_NOT_REAL,1
2025,Final,E008,BNM Institute of Technology,Computer Science,ST,21849,SAMPLE_DATA_NOT_REAL,99
2021,1,E008,BNM Institute of Technology,Electrical & Electronics,1G,6029,SAMPLE_DATA_NOT_REAL,0
2021,2,E008,BNM Institute of Technology,Electrical & Electronics,1G,6505,SAMPLE_DATA_NOT_REAL,1
2021,Final,E008,BNM Institute of Technology,Electrical & Electronics,1G,8513,SAMPLE_DATA_NOT_REAL,99
2022,1,E008,BNM Institute of Technology,Electrical & Electronics,1G,6001,SAMPLE_DATA_NOT_REAL,0
2022,2,E008,BNM Institute of Technology,Electrical & Electronics,1G,7188,SAMPLE_DATA_NOT_REAL,1
2022,Final,E008,BNM Institute of Technology,Electrical & Electronics,1G,7625,SAMPLE_DATA_NOT_REAL,99
2023,1,E008,BNM Institute of Technology,Electrical & Electronics,1G,5788,SAMPLE_DATA_NOT_REAL,0
2023,2,E008,BNM Institute of Technology,Electrical & Electronics,1G,6883,SAMPLE_DATA_NOT_REAL,1
2023,Final,E008,BNM Institute of Technology,Electrical & Electronics,1G,7949,SAMPLE_DATA_NOT_REAL,99
2024,1,E008,BNM Institute of Technology,Electrical & Electronics,1G,5301,SAMPLE_DATA_NOT_REAL,0
2024,2,E008,BNM Institute of Technology,Electrical & Electronics,1G,6282,SAMPLE_DATA_NOT_REAL,1
2024,Final,E008,BNM Institute of Technology,Electrical & Electronics,1G,7719,SAMPLE_DATA_NOT_REAL,99
2025,1,E008,BNM Institute of Technology,Electrical & Electronics,1G,4903,SAMPLE_DATA_NOT_REAL,0
2025,2,E008,BNM Institute of Technology,Electrical & Electronics,1G,5743,SAMPLE_DATA_NOT_REAL,1
2025,Final,E008,BNM Institute of Technology,Electrical & Electronics,1G,7137,SAMPLE_DATA_NOT_REAL,99
2021,1,E008,BNM Institute of Technology,Electrical & Electronics,2A,7366,SAMPLE_DATA_NOT_REAL,0
2021,2,E008,BNM Institute of Technology,Electrical & Electronics,2A,8456,SAMPLE_DATA_NOT_REAL,1
2021,Final,E008,BNM Institute of Technology,Electrical & Electronics,2A,9597,SAMPLE_DATA_NOT_REAL,99
2022,1,E008,BNM Institute of Technology,Electrical & Electronics,2A,7443,SAMPLE_DATA_NOT_REAL,0
2022,2,E008,BNM Institute of Technology,Electrical & Electronics,2A,7995,SAMPLE_DATA_NOT_REAL,1
2022,Final,E008,BNM Institute of Technology,Electrical & Electronics,2A,9812,SAMPLE_DATA_NOT_REAL,99
2023,1,E008,BNM Institute of Technology,Electrical & Electronics,2A,7131,SAMPLE_DATA_NOT_REAL,0
2023,2,E008,BNM Institute of Technology,Electrical & Electronics,2A,8398,SAMPLE_DATA_NOT_REAL,1
2023,Final,E008,BNM Institute of Technology,Electrical & Electronics,2A,9604,SAMPLE_DATA_NOT_REAL,99
2024,1,E008,BNM Institute of Technology,Electrical & Electronics,2A,7109,SAMPLE_DATA_NOT_REAL,0
2024,2,E008,BNM Institute of Technology,Electrical & Electronics,2A,7554,SAMPLE_DATA_NOT_REAL,1
2024,Final,E008,BNM Institute of Technology,Electrical & Electronics,2A,9503,SAMPLE_DATA_NOT_REAL,99
2025,1,E008,BNM Institute of Technology,Electrical & Electronics,2A,6838,SAMPLE_DATA_NOT_REAL,0
2025,2,E008,BNM Institute of Technology,Electrical & Electronics,2A,7567,SAMPLE_DATA_NOT_REAL,1
2025,Final,E008,BNM Institute of Technology,Electrical & Electronics,2A,8842,SAMPLE_DATA_NOT_REAL,99
2021,1,E008,BNM Institute of Technology,Electrical & Electronics,2B,8997,SAMPLE_DATA_NOT_REAL,0
2021,2,E008,BNM Institute of Technology,Electrical & Electronics,2B,9327,SAMPLE_DATA_NOT_REAL,1
2021,Final,E008,BNM Institute of Technology,Electrical & Electronics,2B,11029,SAMPLE_DATA_NOT_REAL,99
2022,1,E008,BNM Institute of Technology,Electrical & Electronics,2B,8399,SAMPLE_DATA_NOT_REAL,0
2022,2,E008,BNM Institute of Technology,Electrical & Electronics,2B,9738,SAMPLE_DATA_NOT_REAL,1
2022,Final,E008,BNM Institute of Technology,Electrical & Electronics,2B,11163,SAMPLE_DATA_NOT_REAL,99
2023,1,E008,BNM Institute of Technology,Electrical & Electronics,2B,8223,SAMPLE_DATA_NOT_REAL,0
2023,2,E008,BNM Institute of Technology,Electrical & Electronics,2B,9243,SAMPLE_DATA_NOT_REAL,1
2023,Final,E008,BNM Institute of Technology,Electrical & Electronics,2B,10373,SAMPLE_DATA_NOT_REAL,99
2024,1,E008,BNM Institute of Technology,Electrical & Electronics,2B,7896,SAMPLE_DATA_NOT_REAL,0
2024,2,E008,BNM Institute of Technology,Electrical & Electronics,2B,8306,SAMPLE_DATA_NOT_REAL,1
2024,Final,E008,BNM Institute of Technology,Electrical & Electronics,2B,9881,SAMPLE_DATA_NOT_REAL,99
2025,1,E008,BNM Institute of Technology,Electrical & Electronics,2B,7352,SAMPLE_DATA_NOT_REAL,0
2025,2,E008,BNM Institute of Technology,Electrical & Electronics,2B,8133,SAMPLE_DATA_NOT_REAL,1
2025,Final,E008,BNM Institute of Technology,Electrical & Electronics,2B,10313,SAMPLE_DATA_NOT_REAL,99
2021,1,E008,BNM Institute of Technology,Electrical & Electronics,3A,8588,SAMPLE_DATA_NOT_REAL,0
2021,2,E008,BNM Institute of Technology,Electrical & Electronics,3A,11384,SAMPLE_DATA_NOT_REAL,1
2021,Final,E008,BNM Institute of Technology,Electrical & Electronics,3A,13151,SAMPLE_DATA_NOT_REAL,99
2022,1,E008,BNM Institute of Technology,Electrical & Electronics,3A,9482,SAMPLE_DATA_NOT_REAL,0
2022,2,E008,BNM Institute of Technology,Electrical & Electronics,3A,9486,SAMPLE_DATA_NOT_REAL,1
2022,Final,E008,BNM Institute of Technology,Electrical & Electronics,3A,12059,SAMPLE_DATA_NOT_REAL,99
2023,1,E008,BNM Institute of Technology,Electrical & Electronics,3A,8975,SAMPLE_DATA_NOT_REAL,0
2023,2,E008,BNM Institute of Technology,Electrical & Electronics,3A,10184,SAMPLE_DATA_NOT_REAL,1
2023,Final,E008,BNM Institute of Technology,Electrical & Electronics,3A,11604,SAMPLE_DATA_NOT_REAL,99
2024,1,E008,BNM Institute of Technology,Electrical & Electronics,3A,8153,SAMPLE_DATA_NOT_REAL,0
2024,2,E008,BNM Institute of Technology,Electrical & Electronics,3A,10053,SAMPLE_DATA_NOT_REAL,1
2024,Final,E008,BNM Institute of Technology,Electrical & Electronics,3A,10448,SAMPLE_DATA_NOT_REAL,99
2025,1,E008,BNM Institute of Technology,Electrical & Electronics,3A,7806,SAMPLE_DATA_NOT_REAL,0
2025,2,E008,BNM Institute of Technology,Electrical & Electronics,3A,8412,SAMPLE_DATA_NOT_REAL,1
2025,Final,E008,BNM Institute of Technology,Electrical & Electronics,3A,11092,SAMPLE_DATA_NOT_REAL,99
2021,1,E008,BNM Institute of Technology,Electrical & Electronics,3B,10271,SAMPLE_DATA_NOT_REAL,0
2021,2,E008,BNM Institute of Technology,Electrical & Electronics,3B,11468,SAMPLE_DATA_NOT_REAL,1
2021,Final,E008,BNM Institute of Technology,Electrical & Electronics,3B,13046,SAMPLE_DATA_NOT_REAL,99
2022,1,E008,BNM Institute of Technology,Electrical & Electronics,3B,9226,SAMPLE_DATA_NOT_REAL,0
2022,2,E008,BNM Institute of Technology,Electrical & Electronics,3B,11163,SAMPLE_DATA_NOT_REAL,1
2022,Final,E008,BNM Institute of Technology,Electrical & Electronics,3B,13021,SAMPLE_DATA_NOT_REAL,99
2023,1,E008,BNM Institute of Technology,Electrical & Electronics,3B,9777,SAMPLE_DATA_NOT_REAL,0
2023,2,E008,BNM Institute of Technology,Electrical & Electronics,3B,9648,SAMPLE_DATA_NOT_REAL,1
2023,Final,E008,BNM Institute of Technology,Electrical & Electronics,3B,12203,SAMPLE_DATA_NOT_REAL,99
2024,1,E008,BNM Institute of Technology,Electrical & Electronics,3B,8289,SAMPLE_DATA_NOT_REAL,0
2024,2,E008,BNM Institute of Technology,Electrical & Electronics,3B,9617,SAMPLE_DATA_NOT_REAL,1
2024,Final,E008,BNM Institute of Technology,Electrical & Electronics,3B,12237,SAMPLE_DATA_NOT_REAL,99
2025,1,E008,BNM Institute of Technology,Electrical & Electronics,3B,8332,SAMPLE_DATA_NOT_REAL,0
2025,2,E008,BNM Institute of Technology,Electrical & Electronics,3B,10174,SAMPLE_DATA_NOT_REAL,1
2025,Final,E008,BNM Institute of Technology,Electrical & Electronics,3B,10726,SAMPLE_DATA_NOT_REAL,99
2021,1,E008,BNM Institute of Technology,Electrical & Electronics,CAT1,7046,SAMPLE_DATA_NOT_REAL,0
2021,2,E008,BNM Institute of Technology,Electrical & Electronics,CAT1,7628,SAMPLE_DATA_NOT_REAL,1
2021,Final,E008,BNM Institute of Technology,Electrical & Electronics,CAT1,9790,SAMPLE_DATA_NOT_REAL,99
2022,1,E008,BNM Institute of Technology,Electrical & Electronics,CAT1,7325,SAMPLE_DATA_NOT_REAL,0
2022,2,E008,BNM Institute of Technology,Electrical & Electronics,CAT1,8035,SAMPLE_DATA_NOT_REAL,1
2022,Final,E008,BNM Institute of Technology,Electrical & Electronics,CAT1,8716,SAMPLE_DATA_NOT_REAL,99
2023,1,E008,BNM Institute of Technology,Electrical & Electronics,CAT1,6765,SAMPLE_DATA_NOT_REAL,0
2023,2,E008,BNM Institute of Technology,Electrical & Electronics,CAT1,7347,SAMPLE_DATA_NOT_REAL,1
2023,Final,E008,BNM Institute of Technology,Electrical & Electronics,CAT1,8514,SAMPLE_DATA_NOT_REAL,99
2024,1,E008,BNM Institute of Technology,Electrical & Electronics,CAT1,6259,SAMPLE_DATA_NOT_REAL,0
2024,2,E008,BNM Institute of Technology,Electrical & Electronics,CAT1,7154,SAMPLE_DATA_NOT_REAL,1
2024,Final,E008,BNM Institute of Technology,Electrical & Electronics,CAT1,8967,SAMPLE_DATA_NOT_REAL,99
2025,1,E008,BNM Institute of Technology,Electrical & Electronics,CAT1,5923,SAMPLE_DATA_NOT_REAL,0
2025,2,E008,BNM Institute of Technology,Electrical & Electronics,CAT1,7164,SAMPLE_DATA_NOT_REAL,1
2025,Final,E008,BNM Institute of Technology,Electrical & Electronics,CAT1,7782,SAMPLE_DATA_NOT_REAL,99
2021,1,E008,BNM Institute of Technology,Electrical & Electronics,GM,5658,SAMPLE_DATA_NOT_REAL,0
2021,2,E008,BNM Institute of Technology,Electrical & Electronics,GM,6753,SAMPLE_DATA_NOT_REAL,1
2021,Final,E008,BNM Institute of Technology,Electrical & Electronics,GM,7534,SAMPLE_DATA_NOT_REAL,99
2022,1,E008,BNM Institute of Technology,Electrical & Electronics,GM,5487,SAMPLE_DATA_NOT_REAL,0
2022,2,E008,BNM Institute of Technology,Electrical & Electronics,GM,5701,SAMPLE_DATA_NOT_REAL,1
2022,Final,E008,BNM Institute of Technology,Electrical & Electronics,GM,7150,SAMPLE_DATA_NOT_REAL,99
2023,1,E008,BNM Institute of Technology,Electrical & Electronics,GM,5175,SAMPLE_DATA_NOT_REAL,0
2023,2,E008,BNM Institute of Technology,Electrical & Electronics,GM,5512,SAMPLE_DATA_NOT_REAL,1
2023,Final,E008,BNM Institute of Technology,Electrical & Electronics,GM,6624,SAMPLE_DATA_NOT_REAL,99
2024,1,E008,BNM Institute of Technology,Electrical & Electronics,GM,4788,SAMPLE_DATA_NOT_REAL,0
2024,2,E008,BNM Institute of Technology,Electrical & Electronics,GM,5532,SAMPLE_DATA_NOT_REAL,1
2024,Final,E008,BNM Institute of Technology,Electrical & Electronics,GM,6123,SAMPLE_DATA_NOT_REAL,99
2025,1,E008,BNM Institute of Technology,Electrical & Electronics,GM,4601,SAMPLE_DATA_NOT_REAL,0
2025,2,E008,BNM Institute of Technology,Electrical & Electronics,GM,5546,SAMPLE_DATA_NOT_REAL,1
2025,Final,E008,BNM Institute of Technology,Electrical & Electronics,GM,5857,SAMPLE_DATA_NOT_REAL,99
2021,1,E008,BNM Institute of Technology,Electrical & Electronics,SC,17169,SAMPLE_DATA_NOT_REAL,0
2021,2,E008,BNM Institute of Technology,Electrical & Electronics,SC,20184,SAMPLE_DATA_NOT_REAL,1
2021,Final,E008,BNM Institute of Technology,Electrical & Electronics,SC,21802,SAMPLE_DATA_NOT_REAL,99
2022,1,E008,BNM Institute of Technology,Electrical & Electronics,SC,16955,SAMPLE_DATA_NOT_REAL,0
2022,2,E008,BNM Institute of Technology,Electrical & Electronics,SC,17995,SAMPLE_DATA_NOT_REAL,1
2022,Final,E008,BNM Institute of Technology,Electrical & Electronics,SC,19751,SAMPLE_DATA_NOT_REAL,99
2023,1,E008,BNM Institute of Technology,Electrical & Electronics,SC,14668,SAMPLE_DATA_NOT_REAL,0
2023,2,E008,BNM Institute of Technology,Electrical & Electronics,SC,16636,SAMPLE_DATA_NOT_REAL,1
2023,Final,E008,BNM Institute of Technology,Electrical & Electronics,SC,21873,SAMPLE_DATA_NOT_REAL,99
2024,1,E008,BNM Institute of Technology,Electrical & Electronics,SC,14583,SAMPLE_DATA_NOT_REAL,0
2024,2,E008,BNM Institute of Technology,Electrical & Electronics,SC,17944,SAMPLE_DATA_NOT_REAL,1
2024,Final,E008,BNM Institute of Technology,Electrical & Electronics,SC,21019,SAMPLE_DATA_NOT_REAL,99
2025,1,E008,BNM Institute of Technology,Electrical & Electronics,SC,14767,SAMPLE_DATA_NOT_REAL,0
2025,2,E008,BNM Institute of Technology,Electrical & Electronics,SC,17132,SAMPLE_DATA_NOT_REAL,1
2025,Final,E008,BNM Institute of Technology,Electrical & Electronics,SC,18493,SAMPLE_DATA_NOT_REAL,99
2021,1,E008,BNM Institute of Technology,Electrical & Electronics,ST,20563,SAMPLE_DATA_NOT_REAL,0
2021,2,E008,BNM Institute of Technology,Electrical & Electronics,ST,24111,SAMPLE_DATA_NOT_REAL,1
2021,Final,E008,BNM Institute of Technology,Electrical & Electronics,ST,29943,SAMPLE_DATA_NOT_REAL,99
2022,1,E008,BNM Institute of Technology,Electrical & Electronics,ST,19433,SAMPLE_DATA_NOT_REAL,0
2022,2,E008,BNM Institute of Technology,Electrical & Electronics,ST,25088,SAMPLE_DATA_NOT_REAL,1
2022,Final,E008,BNM Institute of Technology,Electrical & Electronics,ST,27417,SAMPLE_DATA_NOT_REAL,99
2023,1,E008,BNM Institute of Technology,Electrical & Electronics,ST,19180,SAMPLE_DATA_NOT_REAL,0
2023,2,E008,BNM Institute of Technology,Electrical & Electronics,ST,23559,SAMPLE_DATA_NOT_REAL,1
2023,Final,E008,BNM Institute of Technology,Electrical & Electronics,ST,25212,SAMPLE_DATA_NOT_REAL,99
2024,1,E008,BNM Institute of Technology,Electrical & Electronics,ST,19576,SAMPLE_DATA_NOT_REAL,0
2024,2,E008,BNM Institute of Technology,Electrical & Electronics,ST,22844,SAMPLE_DATA_NOT_REAL,1
2024,Final,E008,BNM Institute of Technology,Electrical & Electronics,ST,26302,SAMPLE_DATA_NOT_REAL,99
2025,1,E008,BNM Institute of Technology,Electrical & Electronics,ST,19517,SAMPLE_DATA_NOT_REAL,0
2025,2,E008,BNM Institute of Technology,Electrical & Electronics,ST,19791,SAMPLE_DATA_NOT_REAL,1
2025,Final,E008,BNM Institute of Technology,Electrical & Electronics,ST,25983,SAMPLE_DATA_NOT_REAL,99
2021,1,E008,BNM Institute of Technology,Electronics & Comm.,1G,5472,SAMPLE_DATA_NOT_REAL,0
2021,2,E008,BNM Institute of Technology,Electronics & Comm.,1G,6625,SAMPLE_DATA_NOT_REAL,1
2021,Final,E008,BNM Institute of Technology,Electronics & Comm.,1G,6803,SAMPLE_DATA_NOT_REAL,99
2022,1,E008,BNM Institute of Technology,Electronics & Comm.,1G,4896,SAMPLE_DATA_NOT_REAL,0
2022,2,E008,BNM Institute of Technology,Electronics & Comm.,1G,5866,SAMPLE_DATA_NOT_REAL,1
2022,Final,E008,BNM Institute of Technology,Electronics & Comm.,1G,7560,SAMPLE_DATA_NOT_REAL,99
2023,1,E008,BNM Institute of Technology,Electronics & Comm.,1G,5230,SAMPLE_DATA_NOT_REAL,0
2023,2,E008,BNM Institute of Technology,Electronics & Comm.,1G,6112,SAMPLE_DATA_NOT_REAL,1
2023,Final,E008,BNM Institute of Technology,Electronics & Comm.,1G,6970,SAMPLE_DATA_NOT_REAL,99
2024,1,E008,BNM Institute of Technology,Electronics & Comm.,1G,5060,SAMPLE_DATA_NOT_REAL,0
2024,2,E008,BNM Institute of Technology,Electronics & Comm.,1G,5526,SAMPLE_DATA_NOT_REAL,1
2024,Final,E008,BNM Institute of Technology,Electronics & Comm.,1G,6135,SAMPLE_DATA_NOT_REAL,99
2025,1,E008,BNM Institute of Technology,Electronics & Comm.,1G,4862,SAMPLE_DATA_NOT_REAL,0
2025,2,E008,BNM Institute of Technology,Electronics & Comm.,1G,5041,SAMPLE_DATA_NOT_REAL,1
2025,Final,E008,BNM Institute of Technology,Electronics & Comm.,1G,6593,SAMPLE_DATA_NOT_REAL,99
2021,1,E008,BNM Institute of Technology,Electronics & Comm.,2A,7047,SAMPLE_DATA_NOT_REAL,0
2021,2,E008,BNM Institute of Technology,Electronics & Comm.,2A,8326,SAMPLE_DATA_NOT_REAL,1
2021,Final,E008,BNM Institute of Technology,Electronics & Comm.,2A,9436,SAMPLE_DATA_NOT_REAL,99
2022,1,E008,BNM Institute of Technology,Electronics & Comm.,2A,6471,SAMPLE_DATA_NOT_REAL,0
2022,2,E008,BNM Institute of Technology,Electronics & Comm.,2A,7356,SAMPLE_DATA_NOT_REAL,1
2022,Final,E008,BNM Institute of Technology,Electronics & Comm.,2A,9094,SAMPLE_DATA_NOT_REAL,99
2023,1,E008,BNM Institute of Technology,Electronics & Comm.,2A,5935,SAMPLE_DATA_NOT_REAL,0
2023,2,E008,BNM Institute of Technology,Electronics & Comm.,2A,7493,SAMPLE_DATA_NOT_REAL,1
2023,Final,E008,BNM Institute of Technology,Electronics & Comm.,2A,8065,SAMPLE_DATA_NOT_REAL,99
2024,1,E008,BNM Institute of Technology,Electronics & Comm.,2A,5826,SAMPLE_DATA_NOT_REAL,0
2024,2,E008,BNM Institute of Technology,Electronics & Comm.,2A,6764,SAMPLE_DATA_NOT_REAL,1
2024,Final,E008,BNM Institute of Technology,Electronics & Comm.,2A,7879,SAMPLE_DATA_NOT_REAL,99
2025,1,E008,BNM Institute of Technology,Electronics & Comm.,2A,6225,SAMPLE_DATA_NOT_REAL,0
2025,2,E008,BNM Institute of Technology,Electronics & Comm.,2A,6184,SAMPLE_DATA_NOT_REAL,1
2025,Final,E008,BNM Institute of Technology,Electronics & Comm.,2A,7908,SAMPLE_DATA_NOT_REAL,99
2021,1,E008,BNM Institute of Technology,Electronics & Comm.,2B,7815,SAMPLE_DATA_NOT_REAL,0
2021,2,E008,BNM Institute of Technology,Electronics & Comm.,2B,8687,SAMPLE_DATA_NOT_REAL,1
2021,Final,E008,BNM Institute of Technology,Electronics & Comm.,2B,11157,SAMPLE_DATA_NOT_REAL,99
2022,1,E008,BNM Institute of Technology,Electronics & Comm.,2B,7852,SAMPLE_DATA_NOT_REAL,0
2022,2,E008,BNM Institute of Technology,Electronics & Comm.,2B,8953,SAMPLE_DATA_NOT_REAL,1
2022,Final,E008,BNM Institute of Technology,Electronics & Comm.,2B,10730,SAMPLE_DATA_NOT_REAL,99
2023,1,E008,BNM Institute of Technology,Electronics & Comm.,2B,7670,SAMPLE_DATA_NOT_REAL,0
2023,2,E008,BNM Institute of Technology,Electronics & Comm.,2B,8547,SAMPLE_DATA_NOT_REAL,1
2023,Final,E008,BNM Institute of Technology,Electronics & Comm.,2B,10089,SAMPLE_DATA_NOT_REAL,99
2024,1,E008,BNM Institute of Technology,Electronics & Comm.,2B,7178,SAMPLE_DATA_NOT_REAL,0
2024,2,E008,BNM Institute of Technology,Electronics & Comm.,2B,8151,SAMPLE_DATA_NOT_REAL,1
2024,Final,E008,BNM Institute of Technology,Electronics & Comm.,2B,9878,SAMPLE_DATA_NOT_REAL,99
2025,1,E008,BNM Institute of Technology,Electronics & Comm.,2B,6309,SAMPLE_DATA_NOT_REAL,0
2025,2,E008,BNM Institute of Technology,Electronics & Comm.,2B,7336,SAMPLE_DATA_NOT_REAL,1
2025,Final,E008,BNM Institute of Technology,Electronics & Comm.,2B,8563,SAMPLE_DATA_NOT_REAL,99
2021,1,E008,BNM Institute of Technology,Electronics & Comm.,3A,8273,SAMPLE_DATA_NOT_REAL,0
2021,2,E008,BNM Institute of Technology,Electronics & Comm.,3A,10102,SAMPLE_DATA_NOT_REAL,1
2021,Final,E008,BNM Institute of Technology,Electronics & Comm.,3A,11355,SAMPLE_DATA_NOT_REAL,99
2022,1,E008,BNM Institute of Technology,Electronics & Comm.,3A,7982,SAMPLE_DATA_NOT_REAL,0
2022,2,E008,BNM Institute of Technology,Electronics & Comm.,3A,8827,SAMPLE_DATA_NOT_REAL,1
2022,Final,E008,BNM Institute of Technology,Electronics & Comm.,3A,10403,SAMPLE_DATA_NOT_REAL,99
2023,1,E008,BNM Institute of Technology,Electronics & Comm.,3A,7991,SAMPLE_DATA_NOT_REAL,0
2023,2,E008,BNM Institute of Technology,Electronics & Comm.,3A,9011,SAMPLE_DATA_NOT_REAL,1
2023,Final,E008,BNM Institute of Technology,Electronics & Comm.,3A,9589,SAMPLE_DATA_NOT_REAL,99
2024,1,E008,BNM Institute of Technology,Electronics & Comm.,3A,7263,SAMPLE_DATA_NOT_REAL,0
2024,2,E008,BNM Institute of Technology,Electronics & Comm.,3A,8904,SAMPLE_DATA_NOT_REAL,1
2024,Final,E008,BNM Institute of Technology,Electronics & Comm.,3A,9916,SAMPLE_DATA_NOT_REAL,99
2025,1,E008,BNM Institute of Technology,Electronics & Comm.,3A,6856,SAMPLE_DATA_NOT_REAL,0
2025,2,E008,BNM Institute of Technology,Electronics & Comm.,3A,7804,SAMPLE_DATA_NOT_REAL,1
2025,Final,E008,BNM Institute of Technology,Electronics & Comm.,3A,9457,SAMPLE_DATA_NOT_REAL,99
2021,1,E008,BNM Institute of Technology,Electronics & Comm.,3B,8437,SAMPLE_DATA_NOT_REAL,0
2021,2,E008,BNM Institute of Technology,Electronics & Comm.,3B,10138,SAMPLE_DATA_NOT_REAL,1
2021,Final,E008,BNM Institute of Technology,Electronics & Comm.,3B,11595,SAMPLE_DATA_NOT_REAL,99
2022,1,E008,BNM Institute of Technology,Electronics & Comm.,3B,8962,SAMPLE_DATA_NOT_REAL,0
2022,2,E008,BNM Institute of Technology,Electronics & Comm.,3B,10004,SAMPLE_DATA_NOT_REAL,1
2022,Final,E008,BNM Institute of Technology,Electronics & Comm.,3B,12212,SAMPLE_DATA_NOT_REAL,99
2023,1,E008,BNM Institute of Technology,Electronics & Comm.,3B,8624,SAMPLE_DATA_NOT_REAL,0
2023,2,E008,BNM Institute of Technology,Electronics & Comm.,3B,9767,SAMPLE_DATA_NOT_REAL,1
2023,Final,E008,BNM Institute of Technology,Electronics & Comm.,3B,11146,SAMPLE_DATA_NOT_REAL,99
2024,1,E008,BNM Institute of Technology,Electronics & Comm.,3B,7595,SAMPLE_DATA_NOT_REAL,0
2024,2,E008,BNM Institute of Technology,Electronics & Comm.,3B,9637,SAMPLE_DATA_NOT_REAL,1
2024,Final,E008,BNM Institute of Technology,Electronics & Comm.,3B,10661,SAMPLE_DATA_NOT_REAL,99
2025,1,E008,BNM Institute of Technology,Electronics & Comm.,3B,7439,SAMPLE_DATA_NOT_REAL,0
2025,2,E008,BNM Institute of Technology,Electronics & Comm.,3B,8807,SAMPLE_DATA_NOT_REAL,1
2025,Final,E008,BNM Institute of Technology,Electronics & Comm.,3B,10673,SAMPLE_DATA_NOT_REAL,99
2021,1,E008,BNM Institute of Technology,Electronics & Comm.,CAT1,6688,SAMPLE_DATA_NOT_REAL,0
2021,2,E008,BNM Institute of Technology,Electronics & Comm.,CAT1,7154,SAMPLE_DATA_NOT_REAL,1
2021,Final,E008,BNM Institute of Technology,Electronics & Comm.,CAT1,8354,SAMPLE_DATA_NOT_REAL,99
2022,1,E008,BNM Institute of Technology,Electronics & Comm.,CAT1,6430,SAMPLE_DATA_NOT_REAL,0
2022,2,E008,BNM Institute of Technology,Electronics & Comm.,CAT1,7024,SAMPLE_DATA_NOT_REAL,1
2022,Final,E008,BNM Institute of Technology,Electronics & Comm.,CAT1,8128,SAMPLE_DATA_NOT_REAL,99
2023,1,E008,BNM Institute of Technology,Electronics & Comm.,CAT1,5638,SAMPLE_DATA_NOT_REAL,0
2023,2,E008,BNM Institute of Technology,Electronics & Comm.,CAT1,6749,SAMPLE_DATA_NOT_REAL,1
2023,Final,E008,BNM Institute of Technology,Electronics & Comm.,CAT1,7526,SAMPLE_DATA_NOT_REAL,99
2024,1,E008,BNM Institute of Technology,Electronics & Comm.,CAT1,5690,SAMPLE_DATA_NOT_REAL,0
2024,2,E008,BNM Institute of Technology,Electronics & Comm.,CAT1,6045,SAMPLE_DATA_NOT_REAL,1
2024,Final,E008,BNM Institute of Technology,Electronics & Comm.,CAT1,7062,SAMPLE_DATA_NOT_REAL,99
2025,1,E008,BNM Institute of Technology,Electronics & Comm.,CAT1,5076,SAMPLE_DATA_NOT_REAL,0
2025,2,E008,BNM Institute of Technology,Electronics & Comm.,CAT1,6689,SAMPLE_DATA_NOT_REAL,1
2025,Final,E008,BNM Institute of Technology,Electronics & Comm.,CAT1,7870,SAMPLE_DATA_NOT_REAL,99
2021,1,E008,BNM Institute of Technology,Electronics & Comm.,GM,4857,SAMPLE_DATA_NOT_REAL,0
2021,2,E008,BNM Institute of Technology,Electronics & Comm.,GM,5677,SAMPLE_DATA_NOT_REAL,1
2021,Final,E008,BNM Institute of Technology,Electronics & Comm.,GM,6872,SAMPLE_DATA_NOT_REAL,99
2022,1,E008,BNM Institute of Technology,Electronics & Comm.,GM,4652,SAMPLE_DATA_NOT_REAL,0
2022,2,E008,BNM Institute of Technology,Electronics & Comm.,GM,5133,SAMPLE_DATA_NOT_REAL,1
2022,Final,E008,BNM Institute of Technology,Electronics & Comm.,GM,6300,SAMPLE_DATA_NOT_REAL,99
2023,1,E008,BNM Institute of Technology,Electronics & Comm.,GM,4188,SAMPLE_DATA_NOT_REAL,0
2023,2,E008,BNM Institute of Technology,Electronics & Comm.,GM,4878,SAMPLE_DATA_NOT_REAL,1
2023,Final,E008,BNM Institute of Technology,Electronics & Comm.,GM,6095,SAMPLE_DATA_NOT_REAL,99
2024,1,E008,BNM Institute of Technology,Electronics & Comm.,GM,4597,SAMPLE_DATA_NOT_REAL,0
2024,2,E008,BNM Institute of Technology,Electronics & Comm.,GM,5140,SAMPLE_DATA_NOT_REAL,1
2024,Final,E008,BNM Institute of Technology,Electronics & Comm.,GM,5504,SAMPLE_DATA_NOT_REAL,99
2025,1,E008,BNM Institute of Technology,Electronics & Comm.,GM,4259,SAMPLE_DATA_NOT_REAL,0
2025,2,E008,BNM Institute of Technology,Electronics & Comm.,GM,4446,SAMPLE_DATA_NOT_REAL,1
2025,Final,E008,BNM Institute of Technology,Electronics & Comm.,GM,5710,SAMPLE_DATA_NOT_REAL,99
2021,1,E008,BNM Institute of Technology,Electronics & Comm.,SC,14673,SAMPLE_DATA_NOT_REAL,0
2021,2,E008,BNM Institute of Technology,Electronics & Comm.,SC,17777,SAMPLE_DATA_NOT_REAL,1
2021,Final,E008,BNM Institute of Technology,Electronics & Comm.,SC,18557,SAMPLE_DATA_NOT_REAL,99
2022,1,E008,BNM Institute of Technology,Electronics & Comm.,SC,13696,SAMPLE_DATA_NOT_REAL,0
2022,2,E008,BNM Institute of Technology,Electronics & Comm.,SC,16799,SAMPLE_DATA_NOT_REAL,1
2022,Final,E008,BNM Institute of Technology,Electronics & Comm.,SC,20363,SAMPLE_DATA_NOT_REAL,99
2023,1,E008,BNM Institute of Technology,Electronics & Comm.,SC,14107,SAMPLE_DATA_NOT_REAL,0
2023,2,E008,BNM Institute of Technology,Electronics & Comm.,SC,15721,SAMPLE_DATA_NOT_REAL,1
2023,Final,E008,BNM Institute of Technology,Electronics & Comm.,SC,18814,SAMPLE_DATA_NOT_REAL,99
2024,1,E008,BNM Institute of Technology,Electronics & Comm.,SC,12793,SAMPLE_DATA_NOT_REAL,0
2024,2,E008,BNM Institute of Technology,Electronics & Comm.,SC,15734,SAMPLE_DATA_NOT_REAL,1
2024,Final,E008,BNM Institute of Technology,Electronics & Comm.,SC,17421,SAMPLE_DATA_NOT_REAL,99
2025,1,E008,BNM Institute of Technology,Electronics & Comm.,SC,12528,SAMPLE_DATA_NOT_REAL,0
2025,2,E008,BNM Institute of Technology,Electronics & Comm.,SC,13792,SAMPLE_DATA_NOT_REAL,1
2025,Final,E008,BNM Institute of Technology,Electronics & Comm.,SC,16228,SAMPLE_DATA_NOT_REAL,99
2021,1,E008,BNM Institute of Technology,Electronics & Comm.,ST,20909,SAMPLE_DATA_NOT_REAL,0
2021,2,E008,BNM Institute of Technology,Electronics & Comm.,ST,23487,SAMPLE_DATA_NOT_REAL,1
2021,Final,E008,BNM Institute of Technology,Electronics & Comm.,ST,27208,SAMPLE_DATA_NOT_REAL,99
2022,1,E008,BNM Institute of Technology,Electronics & Comm.,ST,19489,SAMPLE_DATA_NOT_REAL,0
2022,2,E008,BNM Institute of Technology,Electronics & Comm.,ST,19960,SAMPLE_DATA_NOT_REAL,1
2022,Final,E008,BNM Institute of Technology,Electronics & Comm.,ST,23700,SAMPLE_DATA_NOT_REAL,99
2023,1,E008,BNM Institute of Technology,Electronics & Comm.,ST,18285,SAMPLE_DATA_NOT_REAL,0
2023,2,E008,BNM Institute of Technology,Electronics & Comm.,ST,19299,SAMPLE_DATA_NOT_REAL,1
2023,Final,E008,BNM Institute of Technology,Electronics & Comm.,ST,22660,SAMPLE_DATA_NOT_REAL,99
2024,1,E008,BNM Institute of Technology,Electronics & Comm.,ST,17054,SAMPLE_DATA_NOT_REAL,0
2024,2,E008,BNM Institute of Technology,Electronics & Comm.,ST,21401,SAMPLE_DATA_NOT_REAL,1
2024,Final,E008,BNM Institute of Technology,Electronics & Comm.,ST,24019,SAMPLE_DATA_NOT_REAL,99
2025,1,E008,BNM Institute of Technology,Electronics & Comm.,ST,17309,SAMPLE_DATA_NOT_REAL,0
2025,2,E008,BNM Institute of Technology,Electronics & Comm.,ST,19911,SAMPLE_DATA_NOT_REAL,1
2025,Final,E008,BNM Institute of Technology,Electronics & Comm.,ST,21816,SAMPLE_DATA_NOT_REAL,99
2021,1,E008,BNM Institute of Technology,Information Science,1G,6016,SAMPLE_DATA_NOT_REAL,0
2021,2,E008,BNM Institute of Technology,Information Science,1G,6703,SAMPLE_DATA_NOT_REAL,1
2021,Final,E008,BNM Institute of Technology,Information Science,1G,8066,SAMPLE_DATA_NOT_REAL,99
2022,1,E008,BNM Institute of Technology,Information Science,1G,5504,SAMPLE_DATA_NOT_REAL,0
2022,2,E008,BNM Institute of Technology,Information Science,1G,6353,SAMPLE_DATA_NOT_REAL,1
2022,Final,E008,BNM Institute of Technology,Information Science,1G,7583,SAMPLE_DATA_NOT_REAL,99
2023,1,E008,BNM Institute of Technology,Information Science,1G,5387,SAMPLE_DATA_NOT_REAL,0
2023,2,E008,BNM Institute of Technology,Information Science,1G,5670,SAMPLE_DATA_NOT_REAL,1
2023,Final,E008,BNM Institute of Technology,Information Science,1G,6557,SAMPLE_DATA_NOT_REAL,99
2024,1,E008,BNM Institute of Technology,Information Science,1G,4676,SAMPLE_DATA_NOT_REAL,0
2024,2,E008,BNM Institute of Technology,Information Science,1G,5883,SAMPLE_DATA_NOT_REAL,1
2024,Final,E008,BNM Institute of Technology,Information Science,1G,6245,SAMPLE_DATA_NOT_REAL,99
2025,1,E008,BNM Institute of Technology,Information Science,1G,4476,SAMPLE_DATA_NOT_REAL,0
2025,2,E008,BNM Institute of Technology,Information Science,1G,5341,SAMPLE_DATA_NOT_REAL,1
2025,Final,E008,BNM Institute of Technology,Information Science,1G,6549,SAMPLE_DATA_NOT_REAL,99
2021,1,E008,BNM Institute of Technology,Information Science,2A,7356,SAMPLE_DATA_NOT_REAL,0
2021,2,E008,BNM Institute of Technology,Information Science,2A,7686,SAMPLE_DATA_NOT_REAL,1
2021,Final,E008,BNM Institute of Technology,Information Science,2A,9481,SAMPLE_DATA_NOT_REAL,99
2022,1,E008,BNM Institute of Technology,Information Science,2A,6787,SAMPLE_DATA_NOT_REAL,0
2022,2,E008,BNM Institute of Technology,Information Science,2A,7466,SAMPLE_DATA_NOT_REAL,1
2022,Final,E008,BNM Institute of Technology,Information Science,2A,8785,SAMPLE_DATA_NOT_REAL,99
2023,1,E008,BNM Institute of Technology,Information Science,2A,6234,SAMPLE_DATA_NOT_REAL,0
2023,2,E008,BNM Institute of Technology,Information Science,2A,7866,SAMPLE_DATA_NOT_REAL,1
2023,Final,E008,BNM Institute of Technology,Information Science,2A,8828,SAMPLE_DATA_NOT_REAL,99
2024,1,E008,BNM Institute of Technology,Information Science,2A,6120,SAMPLE_DATA_NOT_REAL,0
2024,2,E008,BNM Institute of Technology,Information Science,2A,7018,SAMPLE_DATA_NOT_REAL,1
2024,Final,E008,BNM Institute of Technology,Information Science,2A,8138,SAMPLE_DATA_NOT_REAL,99
2025,1,E008,BNM Institute of Technology,Information Science,2A,5692,SAMPLE_DATA_NOT_REAL,0
2025,2,E008,BNM Institute of Technology,Information Science,2A,7074,SAMPLE_DATA_NOT_REAL,1
2025,Final,E008,BNM Institute of Technology,Information Science,2A,8794,SAMPLE_DATA_NOT_REAL,99
2021,1,E008,BNM Institute of Technology,Information Science,2B,8701,SAMPLE_DATA_NOT_REAL,0
2021,2,E008,BNM Institute of Technology,Information Science,2B,9092,SAMPLE_DATA_NOT_REAL,1
2021,Final,E008,BNM Institute of Technology,Information Science,2B,11872,SAMPLE_DATA_NOT_REAL,99
2022,1,E008,BNM Institute of Technology,Information Science,2B,7842,SAMPLE_DATA_NOT_REAL,0
2022,2,E008,BNM Institute of Technology,Information Science,2B,9649,SAMPLE_DATA_NOT_REAL,1
2022,Final,E008,BNM Institute of Technology,Information Science,2B,11415,SAMPLE_DATA_NOT_REAL,99
2023,1,E008,BNM Institute of Technology,Information Science,2B,7276,SAMPLE_DATA_NOT_REAL,0
2023,2,E008,BNM Institute of Technology,Information Science,2B,9180,SAMPLE_DATA_NOT_REAL,1
2023,Final,E008,BNM Institute of Technology,Information Science,2B,9394,SAMPLE_DATA_NOT_REAL,99
2024,1,E008,BNM Institute of Technology,Information Science,2B,7081,SAMPLE_DATA_NOT_REAL,0
2024,2,E008,BNM Institute of Technology,Information Science,2B,7736,SAMPLE_DATA_NOT_REAL,1
2024,Final,E008,BNM Institute of Technology,Information Science,2B,9627,SAMPLE_DATA_NOT_REAL,99
2025,1,E008,BNM Institute of Technology,Information Science,2B,7066,SAMPLE_DATA_NOT_REAL,0
2025,2,E008,BNM Institute of Technology,Information Science,2B,8576,SAMPLE_DATA_NOT_REAL,1
2025,Final,E008,BNM Institute of Technology,Information Science,2B,9885,SAMPLE_DATA_NOT_REAL,99
2021,1,E008,BNM Institute of Technology,Information Science,3A,8846,SAMPLE_DATA_NOT_REAL,0
2021,2,E008,BNM Institute of Technology,Information Science,3A,10384,SAMPLE_DATA_NOT_REAL,1
2021,Final,E008,BNM Institute of Technology,Information Science,3A,11718,SAMPLE_DATA_NOT_REAL,99
2022,1,E008,BNM Institute of Technology,Information Science,3A,8968,SAMPLE_DATA_NOT_REAL,0
2022,2,E008,BNM Institute of Technology,Information Science,3A,9242,SAMPLE_DATA_NOT_REAL,1
2022,Final,E008,BNM Institute of Technology,Information Science,3A,12107,SAMPLE_DATA_NOT_REAL,99
2023,1,E008,BNM Institute of Technology,Information Science,3A,7685,SAMPLE_DATA_NOT_REAL,0
2023,2,E008,BNM Institute of Technology,Information Science,3A,8773,SAMPLE_DATA_NOT_REAL,1
2023,Final,E008,BNM Institute of Technology,Information Science,3A,10303,SAMPLE_DATA_NOT_REAL,99
2024,1,E008,BNM Institute of Technology,Information Science,3A,7744,SAMPLE_DATA_NOT_REAL,0
2024,2,E008,BNM Institute of Technology,Information Science,3A,8618,SAMPLE_DATA_NOT_REAL,1
2024,Final,E008,BNM Institute of Technology,Information Science,3A,10911,SAMPLE_DATA_NOT_REAL,99
2025,1,E008,BNM Institute of Technology,Information Science,3A,7710,SAMPLE_DATA_NOT_REAL,0
2025,2,E008,BNM Institute of Technology,Information Science,3A,8641,SAMPLE_DATA_NOT_REAL,1
2025,Final,E008,BNM Institute of Technology,Information Science,3A,9182,SAMPLE_DATA_NOT_REAL,99
2021,1,E008,BNM Institute of Technology,Information Science,3B,8903,SAMPLE_DATA_NOT_REAL,0
2021,2,E008,BNM Institute of Technology,Information Science,3B,10027,SAMPLE_DATA_NOT_REAL,1
2021,Final,E008,BNM Institute of Technology,Information Science,3B,12410,SAMPLE_DATA_NOT_REAL,99
2022,1,E008,BNM Institute of Technology,Information Science,3B,9452,SAMPLE_DATA_NOT_REAL,0
2022,2,E008,BNM Institute of Technology,Information Science,3B,10404,SAMPLE_DATA_NOT_REAL,1
2022,Final,E008,BNM Institute of Technology,Information Science,3B,12506,SAMPLE_DATA_NOT_REAL,99
2023,1,E008,BNM Institute of Technology,Information Science,3B,8935,SAMPLE_DATA_NOT_REAL,0
2023,2,E008,BNM Institute of Technology,Information Science,3B,9283,SAMPLE_DATA_NOT_REAL,1
2023,Final,E008,BNM Institute of Technology,Information Science,3B,11511,SAMPLE_DATA_NOT_REAL,99
2024,1,E008,BNM Institute of Technology,Information Science,3B,7554,SAMPLE_DATA_NOT_REAL,0
2024,2,E008,BNM Institute of Technology,Information Science,3B,9336,SAMPLE_DATA_NOT_REAL,1
2024,Final,E008,BNM Institute of Technology,Information Science,3B,11241,SAMPLE_DATA_NOT_REAL,99
2025,1,E008,BNM Institute of Technology,Information Science,3B,8370,SAMPLE_DATA_NOT_REAL,0
2025,2,E008,BNM Institute of Technology,Information Science,3B,8866,SAMPLE_DATA_NOT_REAL,1
2025,Final,E008,BNM Institute of Technology,Information Science,3B,11002,SAMPLE_DATA_NOT_REAL,99
2021,1,E008,BNM Institute of Technology,Information Science,CAT1,6415,SAMPLE_DATA_NOT_REAL,0
2021,2,E008,BNM Institute of Technology,Information Science,CAT1,8214,SAMPLE_DATA_NOT_REAL,1
2021,Final,E008,BNM Institute of Technology,Information Science,CAT1,9398,SAMPLE_DATA_NOT_REAL,99
2022,1,E008,BNM Institute of Technology,Information Science,CAT1,6191,SAMPLE_DATA_NOT_REAL,0
2022,2,E008,BNM Institute of Technology,Information Science,CAT1,7806,SAMPLE_DATA_NOT_REAL,1
2022,Final,E008,BNM Institute of Technology,Information Science,CAT1,9280,SAMPLE_DATA_NOT_REAL,99
2023,1,E008,BNM Institute of Technology,Information Science,CAT1,6369,SAMPLE_DATA_NOT_REAL,0
2023,2,E008,BNM Institute of Technology,Information Science,CAT1,6652,SAMPLE_DATA_NOT_REAL,1
2023,Final,E008,BNM Institute of Technology,Information Science,CAT1,7944,SAMPLE_DATA_NOT_REAL,99
2024,1,E008,BNM Institute of Technology,Information Science,CAT1,5744,SAMPLE_DATA_NOT_REAL,0
2024,2,E008,BNM Institute of Technology,Information Science,CAT1,6984,SAMPLE_DATA_NOT_REAL,1
2024,Final,E008,BNM Institute of Technology,Information Science,CAT1,7813,SAMPLE_DATA_NOT_REAL,99
2025,1,E008,BNM Institute of Technology,Information Science,CAT1,5285,SAMPLE_DATA_NOT_REAL,0
2025,2,E008,BNM Institute of Technology,Information Science,CAT1,6787,SAMPLE_DATA_NOT_REAL,1
2025,Final,E008,BNM Institute of Technology,Information Science,CAT1,7491,SAMPLE_DATA_NOT_REAL,99
2021,1,E008,BNM Institute of Technology,Information Science,GM,5044,SAMPLE_DATA_NOT_REAL,0
2021,2,E008,BNM Institute of Technology,Information Science,GM,5950,SAMPLE_DATA_NOT_REAL,1
2021,Final,E008,BNM Institute of Technology,Information Science,GM,7166,SAMPLE_DATA_NOT_REAL,99
2022,1,E008,BNM Institute of Technology,Information Science,GM,5228,SAMPLE_DATA_NOT_REAL,0
2022,2,E008,BNM Institute of Technology,Information Science,GM,5308,SAMPLE_DATA_NOT_REAL,1
2022,Final,E008,BNM Institute of Technology,Information Science,GM,6219,SAMPLE_DATA_NOT_REAL,99
2023,1,E008,BNM Institute of Technology,Information Science,GM,4482,SAMPLE_DATA_NOT_REAL,0
2023,2,E008,BNM Institute of Technology,Information Science,GM,5414,SAMPLE_DATA_NOT_REAL,1
2023,Final,E008,BNM Institute of Technology,Information Science,GM,6554,SAMPLE_DATA_NOT_REAL,99
2024,1,E008,BNM Institute of Technology,Information Science,GM,4451,SAMPLE_DATA_NOT_REAL,0
2024,2,E008,BNM Institute of Technology,Information Science,GM,5005,SAMPLE_DATA_NOT_REAL,1
2024,Final,E008,BNM Institute of Technology,Information Science,GM,6425,SAMPLE_DATA_NOT_REAL,99
2025,1,E008,BNM Institute of Technology,Information Science,GM,4576,SAMPLE_DATA_NOT_REAL,0
2025,2,E008,BNM Institute of Technology,Information Science,GM,5070,SAMPLE_DATA_NOT_REAL,1
2025,Final,E008,BNM Institute of Technology,Information Science,GM,5628,SAMPLE_DATA_NOT_REAL,99
2021,1,E008,BNM Institute of Technology,Information Science,SC,15445,SAMPLE_DATA_NOT_REAL,0
2021,2,E008,BNM Institute of Technology,Information Science,SC,16589,SAMPLE_DATA_NOT_REAL,1
2021,Final,E008,BNM Institute of Technology,Information Science,SC,22096,SAMPLE_DATA_NOT_REAL,99
2022,1,E008,BNM Institute of Technology,Information Science,SC,15117,SAMPLE_DATA_NOT_REAL,0
2022,2,E008,BNM Institute of Technology,Information Science,SC,16245,SAMPLE_DATA_NOT_REAL,1
2022,Final,E008,BNM Institute of Technology,Information Science,SC,18676,SAMPLE_DATA_NOT_REAL,99
2023,1,E008,BNM Institute of Technology,Information Science,SC,14556,SAMPLE_DATA_NOT_REAL,0
2023,2,E008,BNM Institute of Technology,Information Science,SC,15594,SAMPLE_DATA_NOT_REAL,1
2023,Final,E008,BNM Institute of Technology,Information Science,SC,18166,SAMPLE_DATA_NOT_REAL,99
2024,1,E008,BNM Institute of Technology,Information Science,SC,14002,SAMPLE_DATA_NOT_REAL,0
2024,2,E008,BNM Institute of Technology,Information Science,SC,15661,SAMPLE_DATA_NOT_REAL,1
2024,Final,E008,BNM Institute of Technology,Information Science,SC,17593,SAMPLE_DATA_NOT_REAL,99
2025,1,E008,BNM Institute of Technology,Information Science,SC,13692,SAMPLE_DATA_NOT_REAL,0
2025,2,E008,BNM Institute of Technology,Information Science,SC,14162,SAMPLE_DATA_NOT_REAL,1
2025,Final,E008,BNM Institute of Technology,Information Science,SC,17980,SAMPLE_DATA_NOT_REAL,99
2021,1,E008,BNM Institute of Technology,Information Science,ST,18802,SAMPLE_DATA_NOT_REAL,0
2021,2,E008,BNM Institute of Technology,Information Science,ST,23650,SAMPLE_DATA_NOT_REAL,1
2021,Final,E008,BNM Institute of Technology,Information Science,ST,27674,SAMPLE_DATA_NOT_REAL,99
2022,1,E008,BNM Institute of Technology,Information Science,ST,20516,SAMPLE_DATA_NOT_REAL,0
2022,2,E008,BNM Institute of Technology,Information Science,ST,22099,SAMPLE_DATA_NOT_REAL,1
2022,Final,E008,BNM Institute of Technology,Information Science,ST,26160,SAMPLE_DATA_NOT_REAL,99
2023,1,E008,BNM Institute of Technology,Information Science,ST,18216,SAMPLE_DATA_NOT_REAL,0
2023,2,E008,BNM Institute of Technology,Information Science,ST,22070,SAMPLE_DATA_NOT_REAL,1
2023,Final,E008,BNM Institute of Technology,Information Science,ST,25520,SAMPLE_DATA_NOT_REAL,99
2024,1,E008,BNM Institute of Technology,Information Science,ST,19008,SAMPLE_DATA_NOT_REAL,0
2024,2,E008,BNM Institute of Technology,Information Science,ST,19537,SAMPLE_DATA_NOT_REAL,1
2024,Final,E008,BNM Institute of Technology,Information Science,ST,24804,SAMPLE_DATA_NOT_REAL,99
2025,1,E008,BNM Institute of Technology,Information Science,ST,16085,SAMPLE_DATA_NOT_REAL,0
2025,2,E008,BNM Institute of Technology,Information Science,ST,19815,SAMPLE_DATA_NOT_REAL,1
2025,Final,E008,BNM Institute of Technology,Information Science,ST,24995,SAMPLE_DATA_NOT_REAL,99
2021,1,E008,BNM Institute of Technology,Mechanical,1G,4332,SAMPLE_DATA_NOT_REAL,0
2021,2,E008,BNM Institute of Technology,Mechanical,1G,5731,SAMPLE_DATA_NOT_REAL,1
2021,Final,E008,BNM Institute of Technology,Mechanical,1G,6190,SAMPLE_DATA_NOT_REAL,99
2022,1,E008,BNM Institute of Technology,Mechanical,1G,4499,SAMPLE_DATA_NOT_REAL,0
2022,2,E008,BNM Institute of Technology,Mechanical,1G,4898,SAMPLE_DATA_NOT_REAL,1
2022,Final,E008,BNM Institute of Technology,Mechanical,1G,5846,SAMPLE_DATA_NOT_REAL,99
2023,1,E008,BNM Institute of Technology,Mechanical,1G,4480,SAMPLE_DATA_NOT_REAL,0
2023,2,E008,BNM Institute of Technology,Mechanical,1G,4911,SAMPLE_DATA_NOT_REAL,1
2023,Final,E008,BNM Institute of Technology,Mechanical,1G,6040,SAMPLE_DATA_NOT_REAL,99
2024,1,E008,BNM Institute of Technology,Mechanical,1G,4088,SAMPLE_DATA_NOT_REAL,0
2024,2,E008,BNM Institute of Technology,Mechanical,1G,4689,SAMPLE_DATA_NOT_REAL,1
2024,Final,E008,BNM Institute of Technology,Mechanical,1G,5219,SAMPLE_DATA_NOT_REAL,99
2025,1,E008,BNM Institute of Technology,Mechanical,1G,3837,SAMPLE_DATA_NOT_REAL,0
2025,2,E008,BNM Institute of Technology,Mechanical,1G,4706,SAMPLE_DATA_NOT_REAL,1
2025,Final,E008,BNM Institute of Technology,Mechanical,1G,5220,SAMPLE_DATA_NOT_REAL,99
2021,1,E008,BNM Institute of Technology,Mechanical,2A,5920,SAMPLE_DATA_NOT_REAL,0
2021,2,E008,BNM Institute of Technology,Mechanical,2A,6401,SAMPLE_DATA_NOT_REAL,1
2021,Final,E008,BNM Institute of Technology,Mechanical,2A,8214,SAMPLE_DATA_NOT_REAL,99
2022,1,E008,BNM Institute of Technology,Mechanical,2A,6093,SAMPLE_DATA_NOT_REAL,0
2022,2,E008,BNM Institute of Technology,Mechanical,2A,6707,SAMPLE_DATA_NOT_REAL,1
2022,Final,E008,BNM Institute of Technology,Mechanical,2A,7379,SAMPLE_DATA_NOT_REAL,99
2023,1,E008,BNM Institute of Technology,Mechanical,2A,5257,SAMPLE_DATA_NOT_REAL,0
2023,2,E008,BNM Institute of Technology,Mechanical,2A,6745,SAMPLE_DATA_NOT_REAL,1
2023,Final,E008,BNM Institute of Technology,Mechanical,2A,7486,SAMPLE_DATA_NOT_REAL,99
2024,1,E008,BNM Institute of Technology,Mechanical,2A,4964,SAMPLE_DATA_NOT_REAL,0
2024,2,E008,BNM Institute of Technology,Mechanical,2A,5605,SAMPLE_DATA_NOT_REAL,1
2024,Final,E008,BNM Institute of Technology,Mechanical,2A,6780,SAMPLE_DATA_NOT_REAL,99
2025,1,E008,BNM Institute of Technology,Mechanical,2A,4725,SAMPLE_DATA_NOT_REAL,0
2025,2,E008,BNM Institute of Technology,Mechanical,2A,5496,SAMPLE_DATA_NOT_REAL,1
2025,Final,E008,BNM Institute of Technology,Mechanical,2A,6563,SAMPLE_DATA_NOT_REAL,99
2021,1,E008,BNM Institute of Technology,Mechanical,2B,6892,SAMPLE_DATA_NOT_REAL,0
2021,2,E008,BNM Institute of Technology,Mechanical,2B,8340,SAMPLE_DATA_NOT_REAL,1
2021,Final,E008,BNM Institute of Technology,Mechanical,2B,8894,SAMPLE_DATA_NOT_REAL,99
2022,1,E008,BNM Institute of Technology,Mechanical,2B,6538,SAMPLE_DATA_NOT_REAL,0
2022,2,E008,BNM Institute of Technology,Mechanical,2B,6866,SAMPLE_DATA_NOT_REAL,1
2022,Final,E008,BNM Institute of Technology,Mechanical,2B,8688,SAMPLE_DATA_NOT_REAL,99
2023,1,E008,BNM Institute of Technology,Mechanical,2B,6383,SAMPLE_DATA_NOT_REAL,0
2023,2,E008,BNM Institute of Technology,Mechanical,2B,7607,SAMPLE_DATA_NOT_REAL,1
2023,Final,E008,BNM Institute of Technology,Mechanical,2B,7796,SAMPLE_DATA_NOT_REAL,99
2024,1,E008,BNM Institute of Technology,Mechanical,2B,5861,SAMPLE_DATA_NOT_REAL,0
2024,2,E008,BNM Institute of Technology,Mechanical,2B,7304,SAMPLE_DATA_NOT_REAL,1
2024,Final,E008,BNM Institute of Technology,Mechanical,2B,8452,SAMPLE_DATA_NOT_REAL,99
2025,1,E008,BNM Institute of Technology,Mechanical,2B,6052,SAMPLE_DATA_NOT_REAL,0
2025,2,E008,BNM Institute of Technology,Mechanical,2B,6259,SAMPLE_DATA_NOT_REAL,1
2025,Final,E008,BNM Institute of Technology,Mechanical,2B,7629,SAMPLE_DATA_NOT_REAL,99
2021,1,E008,BNM Institute of Technology,Mechanical,3A,6982,SAMPLE_DATA_NOT_REAL,0
2021,2,E008,BNM Institute of Technology,Mechanical,3A,8721,SAMPLE_DATA_NOT_REAL,1
2021,Final,E008,BNM Institute of Technology,Mechanical,3A,8971,SAMPLE_DATA_NOT_REAL,99
2022,1,E008,BNM Institute of Technology,Mechanical,3A,6481,SAMPLE_DATA_NOT_REAL,0
2022,2,E008,BNM Institute of Technology,Mechanical,3A,8164,SAMPLE_DATA_NOT_REAL,1
2022,Final,E008,BNM Institute of Technology,Mechanical,3A,9848,SAMPLE_DATA_NOT_REAL,99
2023,1,E008,BNM Institute of Technology,Mechanical,3A,7059,SAMPLE_DATA_NOT_REAL,0
2023,2,E008,BNM Institute of Technology,Mechanical,3A,8048,SAMPLE_DATA_NOT_REAL,1
2023,Final,E008,BNM Institute of Technology,Mechanical,3A,9142,SAMPLE_DATA_NOT_REAL,99
2024,1,E008,BNM Institute of Technology,Mechanical,3A,6775,SAMPLE_DATA_NOT_REAL,0
2024,2,E008,BNM Institute of Technology,Mechanical,3A,7049,SAMPLE_DATA_NOT_REAL,1
2024,Final,E008,BNM Institute of Technology,Mechanical,3A,8782,SAMPLE_DATA_NOT_REAL,99
2025,1,E008,BNM Institute of Technology,Mechanical,3A,6031,SAMPLE_DATA_NOT_REAL,0
2025,2,E008,BNM Institute of Technology,Mechanical,3A,7553,SAMPLE_DATA_NOT_REAL,1
2025,Final,E008,BNM Institute of Technology,Mechanical,3A,8717,SAMPLE_DATA_NOT_REAL,99
2021,1,E008,BNM Institute of Technology,Mechanical,3B,7979,SAMPLE_DATA_NOT_REAL,0
2021,2,E008,BNM Institute of Technology,Mechanical,3B,9044,SAMPLE_DATA_NOT_REAL,1
2021,Final,E008,BNM Institute of Technology,Mechanical,3B,10857,SAMPLE_DATA_NOT_REAL,99
2022,1,E008,BNM Institute of Technology,Mechanical,3B,6989,SAMPLE_DATA_NOT_REAL,0
2022,2,E008,BNM Institute of Technology,Mechanical,3B,8807,SAMPLE_DATA_NOT_REAL,1
2022,Final,E008,BNM Institute of Technology,Mechanical,3B,10291,SAMPLE_DATA_NOT_REAL,99
2023,1,E008,BNM Institute of Technology,Mechanical,3B,6871,SAMPLE_DATA_NOT_REAL,0
2023,2,E008,BNM Institute of Technology,Mechanical,3B,8035,SAMPLE_DATA_NOT_REAL,1
2023,Final,E008,BNM Institute of Technology,Mechanical,3B,8703,SAMPLE_DATA_NOT_REAL,99
2024,1,E008,BNM Institute of Technology,Mechanical,3B,7083,SAMPLE_DATA_NOT_REAL,0
2024,2,E008,BNM Institute of Technology,Mechanical,3B,8289,SAMPLE_DATA_NOT_REAL,1
2024,Final,E008,BNM Institute of Technology,Mechanical,3B,8598,SAMPLE_DATA_NOT_REAL,99
2025,1,E008,BNM Institute of Technology,Mechanical,3B,6362,SAMPLE_DATA_NOT_REAL,0
2025,2,E008,BNM Institute of Technology,Mechanical,3B,7253,SAMPLE_DATA_NOT_REAL,1
2025,Final,E008,BNM Institute of Technology,Mechanical,3B,9023,SAMPLE_DATA_NOT_REAL,99
2021,1,E008,BNM Institute of Technology,Mechanical,CAT1,5242,SAMPLE_DATA_NOT_REAL,0
2021,2,E008,BNM Institute of Technology,Mechanical,CAT1,6613,SAMPLE_DATA_NOT_REAL,1
2021,Final,E008,BNM Institute of Technology,Mechanical,CAT1,7136,SAMPLE_DATA_NOT_REAL,99
2022,1,E008,BNM Institute of Technology,Mechanical,CAT1,5620,SAMPLE_DATA_NOT_REAL,0
2022,2,E008,BNM Institute of Technology,Mechanical,CAT1,5697,SAMPLE_DATA_NOT_REAL,1
2022,Final,E008,BNM Institute of Technology,Mechanical,CAT1,7015,SAMPLE_DATA_NOT_REAL,99
2023,1,E008,BNM Institute of Technology,Mechanical,CAT1,4902,SAMPLE_DATA_NOT_REAL,0
2023,2,E008,BNM Institute of Technology,Mechanical,CAT1,5607,SAMPLE_DATA_NOT_REAL,1
2023,Final,E008,BNM Institute of Technology,Mechanical,CAT1,7207,SAMPLE_DATA_NOT_REAL,99
2024,1,E008,BNM Institute of Technology,Mechanical,CAT1,4983,SAMPLE_DATA_NOT_REAL,0
2024,2,E008,BNM Institute of Technology,Mechanical,CAT1,5755,SAMPLE_DATA_NOT_REAL,1
2024,Final,E008,BNM Institute of Technology,Mechanical,CAT1,6535,SAMPLE_DATA_NOT_REAL,99
2025,1,E008,BNM Institute of Technology,Mechanical,CAT1,4888,SAMPLE_DATA_NOT_REAL,0
2025,2,E008,BNM Institute of Technology,Mechanical,CAT1,5026,SAMPLE_DATA_NOT_REAL,1
2025,Final,E008,BNM Institute of Technology,Mechanical,CAT1,6566,SAMPLE_DATA_NOT_REAL,99
2021,1,E008,BNM Institute of Technology,Mechanical,GM,3995,SAMPLE_DATA_NOT_REAL,0
2021,2,E008,BNM Institute of Technology,Mechanical,GM,4552,SAMPLE_DATA_NOT_REAL,1
2021,Final,E008,BNM Institute of Technology,Mechanical,GM,5788,SAMPLE_DATA_NOT_REAL,99
2022,1,E008,BNM Institute of Technology,Mechanical,GM,4318,SAMPLE_DATA_NOT_REAL,0
2022,2,E008,BNM Institute of Technology,Mechanical,GM,4383,SAMPLE_DATA_NOT_REAL,1
2022,Final,E008,BNM Institute of Technology,Mechanical,GM,5377,SAMPLE_DATA_NOT_REAL,99
2023,1,E008,BNM Institute of Technology,Mechanical,GM,4064,SAMPLE_DATA_NOT_REAL,0
2023,2,E008,BNM Institute of Technology,Mechanical,GM,4557,SAMPLE_DATA_NOT_REAL,1
2023,Final,E008,BNM Institute of Technology,Mechanical,GM,5067,SAMPLE_DATA_NOT_REAL,99
2024,1,E008,BNM Institute of Technology,Mechanical,GM,3829,SAMPLE_DATA_NOT_REAL,0
2024,2,E008,BNM Institute of Technology,Mechanical,GM,4561,SAMPLE_DATA_NOT_REAL,1
2024,Final,E008,BNM Institute of Technology,Mechanical,GM,4763,SAMPLE_DATA_NOT_REAL,99
2025,1,E008,BNM Institute of Technology,Mechanical,GM,3667,SAMPLE_DATA_NOT_REAL,0
2025,2,E008,BNM Institute of Technology,Mechanical,GM,4009,SAMPLE_DATA_NOT_REAL,1
2025,Final,E008,BNM Institute of Technology,Mechanical,GM,4959,SAMPLE_DATA_NOT_REAL,99
2021,1,E008,BNM Institute of Technology,Mechanical,SC,13162,SAMPLE_DATA_NOT_REAL,0
2021,2,E008,BNM Institute of Technology,Mechanical,SC,15670,SAMPLE_DATA_NOT_REAL,1
2021,Final,E008,BNM Institute of Technology,Mechanical,SC,16680,SAMPLE_DATA_NOT_REAL,99
2022,1,E008,BNM Institute of Technology,Mechanical,SC,11571,SAMPLE_DATA_NOT_REAL,0
2022,2,E008,BNM Institute of Technology,Mechanical,SC,15061,SAMPLE_DATA_NOT_REAL,1
2022,Final,E008,BNM Institute of Technology,Mechanical,SC,16722,SAMPLE_DATA_NOT_REAL,99
2023,1,E008,BNM Institute of Technology,Mechanical,SC,12514,SAMPLE_DATA_NOT_REAL,0
2023,2,E008,BNM Institute of Technology,Mechanical,SC,14451,SAMPLE_DATA_NOT_REAL,1
2023,Final,E008,BNM Institute of Technology,Mechanical,SC,15463,SAMPLE_DATA_NOT_REAL,99
2024,1,E008,BNM Institute of Technology,Mechanical,SC,10576,SAMPLE_DATA_NOT_REAL,0
2024,2,E008,BNM Institute of Technology,Mechanical,SC,12070,SAMPLE_DATA_NOT_REAL,1
2024,Final,E008,BNM Institute of Technology,Mechanical,SC,15966,SAMPLE_DATA_NOT_REAL,99
2025,1,E008,BNM Institute of Technology,Mechanical,SC,11210,SAMPLE_DATA_NOT_REAL,0
2025,2,E008,BNM Institute of Technology,Mechanical,SC,11517,SAMPLE_DATA_NOT_REAL,1
2025,Final,E008,BNM Institute of Technology,Mechanical,SC,13555,SAMPLE_DATA_NOT_REAL,99
2021,1,E008,BNM Institute of Technology,Mechanical,ST,17338,SAMPLE_DATA_NOT_REAL,0
2021,2,E008,BNM Institute of Technology,Mechanical,ST,20853,SAMPLE_DATA_NOT_REAL,1
2021,Final,E008,BNM Institute of Technology,Mechanical,ST,24593,SAMPLE_DATA_NOT_REAL,99
2022,1,E008,BNM Institute of Technology,Mechanical,ST,16577,SAMPLE_DATA_NOT_REAL,0
2022,2,E008,BNM Institute of Technology,Mechanical,ST,18395,SAMPLE_DATA_NOT_REAL,1
2022,Final,E008,BNM Institute of Technology,Mechanical,ST,21945,SAMPLE_DATA_NOT_REAL,99
2023,1,E008,BNM Institute of Technology,Mechanical,ST,16733,SAMPLE_DATA_NOT_REAL,0
2023,2,E008,BNM Institute of Technology,Mechanical,ST,19072,SAMPLE_DATA_NOT_REAL,1
2023,Final,E008,BNM Institute of Technology,Mechanical,ST,20223,SAMPLE_DATA_NOT_REAL,99
2024,1,E008,BNM Institute of Technology,Mechanical,ST,16115,SAMPLE_DATA_NOT_REAL,0
2024,2,E008,BNM Institute of Technology,Mechanical,ST,16551,SAMPLE_DATA_NOT_REAL,1
2024,Final,E008,BNM Institute of Technology,Mechanical,ST,21647,SAMPLE_DATA_NOT_REAL,99
2025,1,E008,BNM Institute of Technology,Mechanical,ST,13746,SAMPLE_DATA_NOT_REAL,0
2025,2,E008,BNM Institute of Technology,Mechanical,ST,15240,SAMPLE_DATA_NOT_REAL,1
2025,Final,E008,BNM Institute of Technology,Mechanical,ST,19767,SAMPLE_DATA_NOT_REAL,99
2021,1,E010,Bangalore Institute of Technology,Civil,1G,4273,SAMPLE_DATA_NOT_REAL,0
2021,2,E010,Bangalore Institute of Technology,Civil,1G,4783,SAMPLE_DATA_NOT_REAL,1
2021,Final,E010,Bangalore Institute of Technology,Civil,1G,5715,SAMPLE_DATA_NOT_REAL,99
2022,1,E010,Bangalore Institute of Technology,Civil,1G,3753,SAMPLE_DATA_NOT_REAL,0
2022,2,E010,Bangalore Institute of Technology,Civil,1G,4717,SAMPLE_DATA_NOT_REAL,1
2022,Final,E010,Bangalore Institute of Technology,Civil,1G,5574,SAMPLE_DATA_NOT_REAL,99
2023,1,E010,Bangalore Institute of Technology,Civil,1G,3701,SAMPLE_DATA_NOT_REAL,0
2023,2,E010,Bangalore Institute of Technology,Civil,1G,4473,SAMPLE_DATA_NOT_REAL,1
2023,Final,E010,Bangalore Institute of Technology,Civil,1G,5297,SAMPLE_DATA_NOT_REAL,99
2024,1,E010,Bangalore Institute of Technology,Civil,1G,3395,SAMPLE_DATA_NOT_REAL,0
2024,2,E010,Bangalore Institute of Technology,Civil,1G,4073,SAMPLE_DATA_NOT_REAL,1
2024,Final,E010,Bangalore Institute of Technology,Civil,1G,4616,SAMPLE_DATA_NOT_REAL,99
2025,1,E010,Bangalore Institute of Technology,Civil,1G,3396,SAMPLE_DATA_NOT_REAL,0
2025,2,E010,Bangalore Institute of Technology,Civil,1G,3699,SAMPLE_DATA_NOT_REAL,1
2025,Final,E010,Bangalore Institute of Technology,Civil,1G,4692,SAMPLE_DATA_NOT_REAL,99
2021,1,E010,Bangalore Institute of Technology,Civil,2A,5330,SAMPLE_DATA_NOT_REAL,0
2021,2,E010,Bangalore Institute of Technology,Civil,2A,5569,SAMPLE_DATA_NOT_REAL,1
2021,Final,E010,Bangalore Institute of Technology,Civil,2A,7143,SAMPLE_DATA_NOT_REAL,99
2022,1,E010,Bangalore Institute of Technology,Civil,2A,5143,SAMPLE_DATA_NOT_REAL,0
2022,2,E010,Bangalore Institute of Technology,Civil,2A,5532,SAMPLE_DATA_NOT_REAL,1
2022,Final,E010,Bangalore Institute of Technology,Civil,2A,6633,SAMPLE_DATA_NOT_REAL,99
2023,1,E010,Bangalore Institute of Technology,Civil,2A,4896,SAMPLE_DATA_NOT_REAL,0
2023,2,E010,Bangalore Institute of Technology,Civil,2A,5145,SAMPLE_DATA_NOT_REAL,1
2023,Final,E010,Bangalore Institute of Technology,Civil,2A,6025,SAMPLE_DATA_NOT_REAL,99
2024,1,E010,Bangalore Institute of Technology,Civil,2A,4359,SAMPLE_DATA_NOT_REAL,0
2024,2,E010,Bangalore Institute of Technology,Civil,2A,5187,SAMPLE_DATA_NOT_REAL,1
2024,Final,E010,Bangalore Institute of Technology,Civil,2A,6232,SAMPLE_DATA_NOT_REAL,99
2025,1,E010,Bangalore Institute of Technology,Civil,2A,4136,SAMPLE_DATA_NOT_REAL,0
2025,2,E010,Bangalore Institute of Technology,Civil,2A,4839,SAMPLE_DATA_NOT_REAL,1
2025,Final,E010,Bangalore Institute of Technology,Civil,2A,5611,SAMPLE_DATA_NOT_REAL,99
2021,1,E010,Bangalore Institute of Technology,Civil,2B,6189,SAMPLE_DATA_NOT_REAL,0
2021,2,E010,Bangalore Institute of Technology,Civil,2B,6593,SAMPLE_DATA_NOT_REAL,1
2021,Final,E010,Bangalore Institute of Technology,Civil,2B,8469,SAMPLE_DATA_NOT_REAL,99
2022,1,E010,Bangalore Institute of Technology,Civil,2B,6027,SAMPLE_DATA_NOT_REAL,0
2022,2,E010,Bangalore Institute of Technology,Civil,2B,6972,SAMPLE_DATA_NOT_REAL,1
2022,Final,E010,Bangalore Institute of Technology,Civil,2B,7217,SAMPLE_DATA_NOT_REAL,99
2023,1,E010,Bangalore Institute of Technology,Civil,2B,5422,SAMPLE_DATA_NOT_REAL,0
2023,2,E010,Bangalore Institute of Technology,Civil,2B,5967,SAMPLE_DATA_NOT_REAL,1
2023,Final,E010,Bangalore Institute of Technology,Civil,2B,7905,SAMPLE_DATA_NOT_REAL,99
2024,1,E010,Bangalore Institute of Technology,Civil,2B,5176,SAMPLE_DATA_NOT_REAL,0
2024,2,E010,Bangalore Institute of Technology,Civil,2B,5842,SAMPLE_DATA_NOT_REAL,1
2024,Final,E010,Bangalore Institute of Technology,Civil,2B,7637,SAMPLE_DATA_NOT_REAL,99
2025,1,E010,Bangalore Institute of Technology,Civil,2B,5222,SAMPLE_DATA_NOT_REAL,0
2025,2,E010,Bangalore Institute of Technology,Civil,2B,5527,SAMPLE_DATA_NOT_REAL,1
2025,Final,E010,Bangalore Institute of Technology,Civil,2B,7143,SAMPLE_DATA_NOT_REAL,99
2021,1,E010,Bangalore Institute of Technology,Civil,3A,6773,SAMPLE_DATA_NOT_REAL,0
2021,2,E010,Bangalore Institute of Technology,Civil,3A,7421,SAMPLE_DATA_NOT_REAL,1
2021,Final,E010,Bangalore Institute of Technology,Civil,3A,8617,SAMPLE_DATA_NOT_REAL,99
2022,1,E010,Bangalore Institute of Technology,Civil,3A,6215,SAMPLE_DATA_NOT_REAL,0
2022,2,E010,Bangalore Institute of Technology,Civil,3A,7279,SAMPLE_DATA_NOT_REAL,1
2022,Final,E010,Bangalore Institute of Technology,Civil,3A,8204,SAMPLE_DATA_NOT_REAL,99
2023,1,E010,Bangalore Institute of Technology,Civil,3A,5373,SAMPLE_DATA_NOT_REAL,0
2023,2,E010,Bangalore Institute of Technology,Civil,3A,6272,SAMPLE_DATA_NOT_REAL,1
2023,Final,E010,Bangalore Institute of Technology,Civil,3A,8473,SAMPLE_DATA_NOT_REAL,99
2024,1,E010,Bangalore Institute of Technology,Civil,3A,5413,SAMPLE_DATA_NOT_REAL,0
2024,2,E010,Bangalore Institute of Technology,Civil,3A,6276,SAMPLE_DATA_NOT_REAL,1
2024,Final,E010,Bangalore Institute of Technology,Civil,3A,7946,SAMPLE_DATA_NOT_REAL,99
2025,1,E010,Bangalore Institute of Technology,Civil,3A,5649,SAMPLE_DATA_NOT_REAL,0
2025,2,E010,Bangalore Institute of Technology,Civil,3A,6003,SAMPLE_DATA_NOT_REAL,1
2025,Final,E010,Bangalore Institute of Technology,Civil,3A,7015,SAMPLE_DATA_NOT_REAL,99
2021,1,E010,Bangalore Institute of Technology,Civil,3B,6369,SAMPLE_DATA_NOT_REAL,0
2021,2,E010,Bangalore Institute of Technology,Civil,3B,7754,SAMPLE_DATA_NOT_REAL,1
2021,Final,E010,Bangalore Institute of Technology,Civil,3B,9502,SAMPLE_DATA_NOT_REAL,99
2022,1,E010,Bangalore Institute of Technology,Civil,3B,6791,SAMPLE_DATA_NOT_REAL,0
2022,2,E010,Bangalore Institute of Technology,Civil,3B,6830,SAMPLE_DATA_NOT_REAL,1
2022,Final,E010,Bangalore Institute of Technology,Civil,3B,8896,SAMPLE_DATA_NOT_REAL,99
2023,1,E010,Bangalore Institute of Technology,Civil,3B,6337,SAMPLE_DATA_NOT_REAL,0
2023,2,E010,Bangalore Institute of Technology,Civil,3B,6596,SAMPLE_DATA_NOT_REAL,1
2023,Final,E010,Bangalore Institute of Technology,Civil,3B,8813,SAMPLE_DATA_NOT_REAL,99
2024,1,E010,Bangalore Institute of Technology,Civil,3B,6153,SAMPLE_DATA_NOT_REAL,0
2024,2,E010,Bangalore Institute of Technology,Civil,3B,7327,SAMPLE_DATA_NOT_REAL,1
2024,Final,E010,Bangalore Institute of Technology,Civil,3B,8328,SAMPLE_DATA_NOT_REAL,99
2025,1,E010,Bangalore Institute of Technology,Civil,3B,5303,SAMPLE_DATA_NOT_REAL,0
2025,2,E010,Bangalore Institute of Technology,Civil,3B,6329,SAMPLE_DATA_NOT_REAL,1
2025,Final,E010,Bangalore Institute of Technology,Civil,3B,7884,SAMPLE_DATA_NOT_REAL,99
2021,1,E010,Bangalore Institute of Technology,Civil,CAT1,4543,SAMPLE_DATA_NOT_REAL,0
2021,2,E010,Bangalore Institute of Technology,Civil,CAT1,5584,SAMPLE_DATA_NOT_REAL,1
2021,Final,E010,Bangalore Institute of Technology,Civil,CAT1,6671,SAMPLE_DATA_NOT_REAL,99
2022,1,E010,Bangalore Institute of Technology,Civil,CAT1,4549,SAMPLE_DATA_NOT_REAL,0
2022,2,E010,Bangalore Institute of Technology,Civil,CAT1,4962,SAMPLE_DATA_NOT_REAL,1
2022,Final,E010,Bangalore Institute of Technology,Civil,CAT1,6410,SAMPLE_DATA_NOT_REAL,99
2023,1,E010,Bangalore Institute of Technology,Civil,CAT1,4538,SAMPLE_DATA_NOT_REAL,0
2023,2,E010,Bangalore Institute of Technology,Civil,CAT1,4733,SAMPLE_DATA_NOT_REAL,1
2023,Final,E010,Bangalore Institute of Technology,Civil,CAT1,5971,SAMPLE_DATA_NOT_REAL,99
2024,1,E010,Bangalore Institute of Technology,Civil,CAT1,4193,SAMPLE_DATA_NOT_REAL,0
2024,2,E010,Bangalore Institute of Technology,Civil,CAT1,5096,SAMPLE_DATA_NOT_REAL,1
2024,Final,E010,Bangalore Institute of Technology,Civil,CAT1,6042,SAMPLE_DATA_NOT_REAL,99
2025,1,E010,Bangalore Institute of Technology,Civil,CAT1,4089,SAMPLE_DATA_NOT_REAL,0
2025,2,E010,Bangalore Institute of Technology,Civil,CAT1,4549,SAMPLE_DATA_NOT_REAL,1
2025,Final,E010,Bangalore Institute of Technology,Civil,CAT1,5246,SAMPLE_DATA_NOT_REAL,99
2021,1,E010,Bangalore Institute of Technology,Civil,GM,3806,SAMPLE_DATA_NOT_REAL,0
2021,2,E010,Bangalore Institute of Technology,Civil,GM,3988,SAMPLE_DATA_NOT_REAL,1
2021,Final,E010,Bangalore Institute of Technology,Civil,GM,5145,SAMPLE_DATA_NOT_REAL,99
2022,1,E010,Bangalore Institute of Technology,Civil,GM,3848,SAMPLE_DATA_NOT_REAL,0
2022,2,E010,Bangalore Institute of Technology,Civil,GM,3859,SAMPLE_DATA_NOT_REAL,1
2022,Final,E010,Bangalore Institute of Technology,Civil,GM,4954,SAMPLE_DATA_NOT_REAL,99
2023,1,E010,Bangalore Institute of Technology,Civil,GM,3293,SAMPLE_DATA_NOT_REAL,0
2023,2,E010,Bangalore Institute of Technology,Civil,GM,4217,SAMPLE_DATA_NOT_REAL,1
2023,Final,E010,Bangalore Institute of Technology,Civil,GM,4986,SAMPLE_DATA_NOT_REAL,99
2024,1,E010,Bangalore Institute of Technology,Civil,GM,3423,SAMPLE_DATA_NOT_REAL,0
2024,2,E010,Bangalore Institute of Technology,Civil,GM,3996,SAMPLE_DATA_NOT_REAL,1
2024,Final,E010,Bangalore Institute of Technology,Civil,GM,4143,SAMPLE_DATA_NOT_REAL,99
2025,1,E010,Bangalore Institute of Technology,Civil,GM,3320,SAMPLE_DATA_NOT_REAL,0
2025,2,E010,Bangalore Institute of Technology,Civil,GM,3382,SAMPLE_DATA_NOT_REAL,1
2025,Final,E010,Bangalore Institute of Technology,Civil,GM,4505,SAMPLE_DATA_NOT_REAL,99
2021,1,E010,Bangalore Institute of Technology,Civil,SC,10295,SAMPLE_DATA_NOT_REAL,0
2021,2,E010,Bangalore Institute of Technology,Civil,SC,12465,SAMPLE_DATA_NOT_REAL,1
2021,Final,E010,Bangalore Institute of Technology,Civil,SC,13918,SAMPLE_DATA_NOT_REAL,99
2022,1,E010,Bangalore Institute of Technology,Civil,SC,11150,SAMPLE_DATA_NOT_REAL,0
2022,2,E010,Bangalore Institute of Technology,Civil,SC,12916,SAMPLE_DATA_NOT_REAL,1
2022,Final,E010,Bangalore Institute of Technology,Civil,SC,15245,SAMPLE_DATA_NOT_REAL,99
2023,1,E010,Bangalore Institute of Technology,Civil,SC,10334,SAMPLE_DATA_NOT_REAL,0
2023,2,E010,Bangalore Institute of Technology,Civil,SC,12534,SAMPLE_DATA_NOT_REAL,1
2023,Final,E010,Bangalore Institute of Technology,Civil,SC,13851,SAMPLE_DATA_NOT_REAL,99
2024,1,E010,Bangalore Institute of Technology,Civil,SC,10264,SAMPLE_DATA_NOT_REAL,0
2024,2,E010,Bangalore Institute of Technology,Civil,SC,12025,SAMPLE_DATA_NOT_REAL,1
2024,Final,E010,Bangalore Institute of Technology,Civil,SC,14058,SAMPLE_DATA_NOT_REAL,99
2025,1,E010,Bangalore Institute of Technology,Civil,SC,8808,SAMPLE_DATA_NOT_REAL,0
2025,2,E010,Bangalore Institute of Technology,Civil,SC,11442,SAMPLE_DATA_NOT_REAL,1
2025,Final,E010,Bangalore Institute of Technology,Civil,SC,12886,SAMPLE_DATA_NOT_REAL,99
2021,1,E010,Bangalore Institute of Technology,Civil,ST,14041,SAMPLE_DATA_NOT_REAL,0
2021,2,E010,Bangalore Institute of Technology,Civil,ST,18451,SAMPLE_DATA_NOT_REAL,1
2021,Final,E010,Bangalore Institute of Technology,Civil,ST,18612,SAMPLE_DATA_NOT_REAL,99
2022,1,E010,Bangalore Institute of Technology,Civil,ST,13345,SAMPLE_DATA_NOT_REAL,0
2022,2,E010,Bangalore Institute of Technology,Civil,ST,15815,SAMPLE_DATA_NOT_REAL,1
2022,Final,E010,Bangalore Institute of Technology,Civil,ST,18881,SAMPLE_DATA_NOT_REAL,99
2023,1,E010,Bangalore Institute of Technology,Civil,ST,14012,SAMPLE_DATA_NOT_REAL,0
2023,2,E010,Bangalore Institute of Technology,Civil,ST,15880,SAMPLE_DATA_NOT_REAL,1
2023,Final,E010,Bangalore Institute of Technology,Civil,ST,17980,SAMPLE_DATA_NOT_REAL,99
2024,1,E010,Bangalore Institute of Technology,Civil,ST,13223,SAMPLE_DATA_NOT_REAL,0
2024,2,E010,Bangalore Institute of Technology,Civil,ST,14129,SAMPLE_DATA_NOT_REAL,1
2024,Final,E010,Bangalore Institute of Technology,Civil,ST,18286,SAMPLE_DATA_NOT_REAL,99
2025,1,E010,Bangalore Institute of Technology,Civil,ST,13413,SAMPLE_DATA_NOT_REAL,0
2025,2,E010,Bangalore Institute of Technology,Civil,ST,14949,SAMPLE_DATA_NOT_REAL,1
2025,Final,E010,Bangalore Institute of Technology,Civil,ST,18070,SAMPLE_DATA_NOT_REAL,99
2021,1,E010,Bangalore Institute of Technology,Computer Science,1G,5479,SAMPLE_DATA_NOT_REAL,0
2021,2,E010,Bangalore Institute of Technology,Computer Science,1G,6408,SAMPLE_DATA_NOT_REAL,1
2021,Final,E010,Bangalore Institute of Technology,Computer Science,1G,7421,SAMPLE_DATA_NOT_REAL,99
2022,1,E010,Bangalore Institute of Technology,Computer Science,1G,5273,SAMPLE_DATA_NOT_REAL,0
2022,2,E010,Bangalore Institute of Technology,Computer Science,1G,6006,SAMPLE_DATA_NOT_REAL,1
2022,Final,E010,Bangalore Institute of Technology,Computer Science,1G,7235,SAMPLE_DATA_NOT_REAL,99
2023,1,E010,Bangalore Institute of Technology,Computer Science,1G,5107,SAMPLE_DATA_NOT_REAL,0
2023,2,E010,Bangalore Institute of Technology,Computer Science,1G,5295,SAMPLE_DATA_NOT_REAL,1
2023,Final,E010,Bangalore Institute of Technology,Computer Science,1G,6956,SAMPLE_DATA_NOT_REAL,99
2024,1,E010,Bangalore Institute of Technology,Computer Science,1G,4504,SAMPLE_DATA_NOT_REAL,0
2024,2,E010,Bangalore Institute of Technology,Computer Science,1G,5774,SAMPLE_DATA_NOT_REAL,1
2024,Final,E010,Bangalore Institute of Technology,Computer Science,1G,6028,SAMPLE_DATA_NOT_REAL,99
2025,1,E010,Bangalore Institute of Technology,Computer Science,1G,4689,SAMPLE_DATA_NOT_REAL,0
2025,2,E010,Bangalore Institute of Technology,Computer Science,1G,4766,SAMPLE_DATA_NOT_REAL,1
2025,Final,E010,Bangalore Institute of Technology,Computer Science,1G,6400,SAMPLE_DATA_NOT_REAL,99
2021,1,E010,Bangalore Institute of Technology,Computer Science,2A,6757,SAMPLE_DATA_NOT_REAL,0
2021,2,E010,Bangalore Institute of Technology,Computer Science,2A,7275,SAMPLE_DATA_NOT_REAL,1
2021,Final,E010,Bangalore Institute of Technology,Computer Science,2A,9523,SAMPLE_DATA_NOT_REAL,99
2022,1,E010,Bangalore Institute of Technology,Computer Science,2A,6349,SAMPLE_DATA_NOT_REAL,0
2022,2,E010,Bangalore Institute of Technology,Computer Science,2A,6910,SAMPLE_DATA_NOT_REAL,1
2022,Final,E010,Bangalore Institute of Technology,Computer Science,2A,8814,SAMPLE_DATA_NOT_REAL,99
2023,1,E010,Bangalore Institute of Technology,Computer Science,2A,6058,SAMPLE_DATA_NOT_REAL,0
2023,2,E010,Bangalore Institute of Technology,Computer Science,2A,7428,SAMPLE_DATA_NOT_REAL,1
2023,Final,E010,Bangalore Institute of Technology,Computer Science,2A,8230,SAMPLE_DATA_NOT_REAL,99
2024,1,E010,Bangalore Institute of Technology,Computer Science,2A,5538,SAMPLE_DATA_NOT_REAL,0
2024,2,E010,Bangalore Institute of Technology,Computer Science,2A,6905,SAMPLE_DATA_NOT_REAL,1
2024,Final,E010,Bangalore Institute of Technology,Computer Science,2A,7640,SAMPLE_DATA_NOT_REAL,99
2025,1,E010,Bangalore Institute of Technology,Computer Science,2A,5781,SAMPLE_DATA_NOT_REAL,0
2025,2,E010,Bangalore Institute of Technology,Computer Science,2A,6257,SAMPLE_DATA_NOT_REAL,1
2025,Final,E010,Bangalore Institute of Technology,Computer Science,2A,7419,SAMPLE_DATA_NOT_REAL,99
2021,1,E010,Bangalore Institute of Technology,Computer Science,2B,7792,SAMPLE_DATA_NOT_REAL,0
2021,2,E010,Bangalore Institute of Technology,Computer Science,2B,8294,SAMPLE_DATA_NOT_REAL,1
2021,Final,E010,Bangalore Institute of Technology,Computer Science,2B,9643,SAMPLE_DATA_NOT_REAL,99
2022,1,E010,Bangalore Institute of Technology,Computer Science,2B,7762,SAMPLE_DATA_NOT_REAL,0
2022,2,E010,Bangalore Institute of Technology,Computer Science,2B,8512,SAMPLE_DATA_NOT_REAL,1
2022,Final,E010,Bangalore Institute of Technology,Computer Science,2B,9696,SAMPLE_DATA_NOT_REAL,99
2023,1,E010,Bangalore Institute of Technology,Computer Science,2B,7407,SAMPLE_DATA_NOT_REAL,0
2023,2,E010,Bangalore Institute of Technology,Computer Science,2B,7936,SAMPLE_DATA_NOT_REAL,1
2023,Final,E010,Bangalore Institute of Technology,Computer Science,2B,9402,SAMPLE_DATA_NOT_REAL,99
2024,1,E010,Bangalore Institute of Technology,Computer Science,2B,6788,SAMPLE_DATA_NOT_REAL,0
2024,2,E010,Bangalore Institute of Technology,Computer Science,2B,7359,SAMPLE_DATA_NOT_REAL,1
2024,Final,E010,Bangalore Institute of Technology,Computer Science,2B,9727,SAMPLE_DATA_NOT_REAL,99
2025,1,E010,Bangalore Institute of Technology,Computer Science,2B,6241,SAMPLE_DATA_NOT_REAL,0
2025,2,E010,Bangalore Institute of Technology,Computer Science,2B,7132,SAMPLE_DATA_NOT_REAL,1
2025,Final,E010,Bangalore Institute of Technology,Computer Science,2B,9070,SAMPLE_DATA_NOT_REAL,99
2021,1,E010,Bangalore Institute of Technology,Computer Science,3A,7781,SAMPLE_DATA_NOT_REAL,0
2021,2,E010,Bangalore Institute of Technology,Computer Science,3A,8993,SAMPLE_DATA_NOT_REAL,1
2021,Final,E010,Bangalore Institute of Technology,Computer Science,3A,11826,SAMPLE_DATA_NOT_REAL,99
2022,1,E010,Bangalore Institute of Technology,Computer Science,3A,7483,SAMPLE_DATA_NOT_REAL,0
2022,2,E010,Bangalore Institute of Technology,Computer Science,3A,9159,SAMPLE_DATA_NOT_REAL,1
2022,Final,E010,Bangalore Institute of Technology,Computer Science,3A,9987,SAMPLE_DATA_NOT_REAL,99
2023,1,E010,Bangalore Institute of Technology,Computer Science,3A,7441,SAMPLE_DATA_NOT_REAL,0
2023,2,E010,Bangalore Institute of Technology,Computer Science,3A,8871,SAMPLE_DATA_NOT_REAL,1
2023,Final,E010,Bangalore Institute of Technology,Computer Science,3A,10041,SAMPLE_DATA_NOT_REAL,99
2024,1,E010,Bangalore Institute of Technology,Computer Science,3A,7611,SAMPLE_DATA_NOT_REAL,0
2024,2,E010,Bangalore Institute of Technology,Computer Science,3A,8373,SAMPLE_DATA_NOT_REAL,1
2024,Final,E010,Bangalore Institute of Technology,Computer Science,3A,10375,SAMPLE_DATA_NOT_REAL,99
2025,1,E010,Bangalore Institute of Technology,Computer Science,3A,7221,SAMPLE_DATA_NOT_REAL,0
2025,2,E010,Bangalore Institute of Technology,Computer Science,3A,8418,SAMPLE_DATA_NOT_REAL,1
2025,Final,E010,Bangalore Institute of Technology,Computer Science,3A,9810,SAMPLE_DATA_NOT_REAL,99
2021,1,E010,Bangalore Institute of Technology,Computer Science,3B,8237,SAMPLE_DATA_NOT_REAL,0
2021,2,E010,Bangalore Institute of Technology,Computer Science,3B,9401,SAMPLE_DATA_NOT_REAL,1
2021,Final,E010,Bangalore Institute of Technology,Computer Science,3B,11907,SAMPLE_DATA_NOT_REAL,99
2022,1,E010,Bangalore Institute of Technology,Computer Science,3B,8553,SAMPLE_DATA_NOT_REAL,0
2022,2,E010,Bangalore Institute of Technology,Computer Science,3B,9182,SAMPLE_DATA_NOT_REAL,1
2022,Final,E010,Bangalore Institute of Technology,Computer Science,3B,11882,SAMPLE_DATA_NOT_REAL,99
2023,1,E010,Bangalore Institute of Technology,Computer Science,3B,7368,SAMPLE_DATA_NOT_REAL,0
2023,2,E010,Bangalore Institute of Technology,Computer Science,3B,9122,SAMPLE_DATA_NOT_REAL,1
2023,Final,E010,Bangalore Institute of Technology,Computer Science,3B,11474,SAMPLE_DATA_NOT_REAL,99
2024,1,E010,Bangalore Institute of Technology,Computer Science,3B,7359,SAMPLE_DATA_NOT_REAL,0
2024,2,E010,Bangalore Institute of Technology,Computer Science,3B,9345,SAMPLE_DATA_NOT_REAL,1
2024,Final,E010,Bangalore Institute of Technology,Computer Science,3B,10517,SAMPLE_DATA_NOT_REAL,99
2025,1,E010,Bangalore Institute of Technology,Computer Science,3B,7590,SAMPLE_DATA_NOT_REAL,0
2025,2,E010,Bangalore Institute of Technology,Computer Science,3B,8283,SAMPLE_DATA_NOT_REAL,1
2025,Final,E010,Bangalore Institute of Technology,Computer Science,3B,9680,SAMPLE_DATA_NOT_REAL,99
2021,1,E010,Bangalore Institute of Technology,Computer Science,CAT1,6065,SAMPLE_DATA_NOT_REAL,0
2021,2,E010,Bangalore Institute of Technology,Computer Science,CAT1,6607,SAMPLE_DATA_NOT_REAL,1
2021,Final,E010,Bangalore Institute of Technology,Computer Science,CAT1,8199,SAMPLE_DATA_NOT_REAL,99
2022,1,E010,Bangalore Institute of Technology,Computer Science,CAT1,5858,SAMPLE_DATA_NOT_REAL,0
2022,2,E010,Bangalore Institute of Technology,Computer Science,CAT1,6550,SAMPLE_DATA_NOT_REAL,1
2022,Final,E010,Bangalore Institute of Technology,Computer Science,CAT1,7794,SAMPLE_DATA_NOT_REAL,99
2023,1,E010,Bangalore Institute of Technology,Computer Science,CAT1,5753,SAMPLE_DATA_NOT_REAL,0
2023,2,E010,Bangalore Institute of Technology,Computer Science,CAT1,6475,SAMPLE_DATA_NOT_REAL,1
2023,Final,E010,Bangalore Institute of Technology,Computer Science,CAT1,7469,SAMPLE_DATA_NOT_REAL,99
2024,1,E010,Bangalore Institute of Technology,Computer Science,CAT1,5826,SAMPLE_DATA_NOT_REAL,0
2024,2,E010,Bangalore Institute of Technology,Computer Science,CAT1,6572,SAMPLE_DATA_NOT_REAL,1
2024,Final,E010,Bangalore Institute of Technology,Computer Science,CAT1,7328,SAMPLE_DATA_NOT_REAL,99
2025,1,E010,Bangalore Institute of Technology,Computer Science,CAT1,4918,SAMPLE_DATA_NOT_REAL,0
2025,2,E010,Bangalore Institute of Technology,Computer Science,CAT1,6153,SAMPLE_DATA_NOT_REAL,1
2025,Final,E010,Bangalore Institute of Technology,Computer Science,CAT1,7113,SAMPLE_DATA_NOT_REAL,99
2021,1,E010,Bangalore Institute of Technology,Computer Science,GM,4729,SAMPLE_DATA_NOT_REAL,0
2021,2,E010,Bangalore Institute of Technology,Computer Science,GM,5071,SAMPLE_DATA_NOT_REAL,1
2021,Final,E010,Bangalore Institute of Technology,Computer Science,GM,6494,SAMPLE_DATA_NOT_REAL,99
2022,1,E010,Bangalore Institute of Technology,Computer Science,GM,4723,SAMPLE_DATA_NOT_REAL,0
2022,2,E010,Bangalore Institute of Technology,Computer Science,GM,5218,SAMPLE_DATA_NOT_REAL,1
2022,Final,E010,Bangalore Institute of Technology,Computer Science,GM,5889,SAMPLE_DATA_NOT_REAL,99
2023,1,E010,Bangalore Institute of Technology,Computer Science,GM,4706,SAMPLE_DATA_NOT_REAL,0
2023,2,E010,Bangalore Institute of Technology,Computer Science,GM,5199,SAMPLE_DATA_NOT_REAL,1
2023,Final,E010,Bangalore Institute of Technology,Computer Science,GM,6214,SAMPLE_DATA_NOT_REAL,99
2024,1,E010,Bangalore Institute of Technology,Computer Science,GM,4323,SAMPLE_DATA_NOT_REAL,0
2024,2,E010,Bangalore Institute of Technology,Computer Science,GM,5221,SAMPLE_DATA_NOT_REAL,1
2024,Final,E010,Bangalore Institute of Technology,Computer Science,GM,6018,SAMPLE_DATA_NOT_REAL,99
2025,1,E010,Bangalore Institute of Technology,Computer Science,GM,3762,SAMPLE_DATA_NOT_REAL,0
2025,2,E010,Bangalore Institute of Technology,Computer Science,GM,4742,SAMPLE_DATA_NOT_REAL,1
2025,Final,E010,Bangalore Institute of Technology,Computer Science,GM,5583,SAMPLE_DATA_NOT_REAL,99
2021,1,E010,Bangalore Institute of Technology,Computer Science,SC,14225,SAMPLE_DATA_NOT_REAL,0
2021,2,E010,Bangalore Institute of Technology,Computer Science,SC,16955,SAMPLE_DATA_NOT_REAL,1
2021,Final,E010,Bangalore Institute of Technology,Computer Science,SC,19248,SAMPLE_DATA_NOT_REAL,99
2022,1,E010,Bangalore Institute of Technology,Computer Science,SC,12714,SAMPLE_DATA_NOT_REAL,0
2022,2,E010,Bangalore Institute of Technology,Computer Science,SC,15385,SAMPLE_DATA_NOT_REAL,1
2022,Final,E010,Bangalore Institute of Technology,Computer Science,SC,19369,SAMPLE_DATA_NOT_REAL,99
2023,1,E010,Bangalore Institute of Technology,Computer Science,SC,14090,SAMPLE_DATA_NOT_REAL,0
2023,2,E010,Bangalore Institute of Technology,Computer Science,SC,15810,SAMPLE_DATA_NOT_REAL,1
2023,Final,E010,Bangalore Institute of Technology,Computer Science,SC,19010,SAMPLE_DATA_NOT_REAL,99
2024,1,E010,Bangalore Institute of Technology,Computer Science,SC,11969,SAMPLE_DATA_NOT_REAL,0
2024,2,E010,Bangalore Institute of Technology,Computer Science,SC,14488,SAMPLE_DATA_NOT_REAL,1
2024,Final,E010,Bangalore Institute of Technology,Computer Science,SC,18209,SAMPLE_DATA_NOT_REAL,99
2025,1,E010,Bangalore Institute of Technology,Computer Science,SC,13159,SAMPLE_DATA_NOT_REAL,0
2025,2,E010,Bangalore Institute of Technology,Computer Science,SC,13603,SAMPLE_DATA_NOT_REAL,1
2025,Final,E010,Bangalore Institute of Technology,Computer Science,SC,16792,SAMPLE_DATA_NOT_REAL,99
2021,1,E010,Bangalore Institute of Technology,Computer Science,ST,17720,SAMPLE_DATA_NOT_REAL,0
2021,2,E010,Bangalore Institute of Technology,Computer Science,ST,20366,SAMPLE_DATA_NOT_REAL,1
2021,Final,E010,Bangalore Institute of Technology,Computer Science,ST,26617,SAMPLE_DATA_NOT_REAL,99
2022,1,E010,Bangalore Institute of Technology,Computer Science,ST,18414,SAMPLE_DATA_NOT_REAL,0
2022,2,E010,Bangalore Institute of Technology,Computer Science,ST,21195,SAMPLE_DATA_NOT_REAL,1
2022,Final,E010,Bangalore Institute of Technology,Computer Science,ST,25587,SAMPLE_DATA_NOT_REAL,99
2023,1,E010,Bangalore Institute of Technology,Computer Science,ST,16793,SAMPLE_DATA_NOT_REAL,0
2023,2,E010,Bangalore Institute of Technology,Computer Science,ST,21577,SAMPLE_DATA_NOT_REAL,1
2023,Final,E010,Bangalore Institute of Technology,Computer Science,ST,25496,SAMPLE_DATA_NOT_REAL,99
2024,1,E010,Bangalore Institute of Technology,Computer Science,ST,16361,SAMPLE_DATA_NOT_REAL,0
2024,2,E010,Bangalore Institute of Technology,Computer Science,ST,20088,SAMPLE_DATA_NOT_REAL,1
2024,Final,E010,Bangalore Institute of Technology,Computer Science,ST,23866,SAMPLE_DATA_NOT_REAL,99
2025,1,E010,Bangalore Institute of Technology,Computer Science,ST,15262,SAMPLE_DATA_NOT_REAL,0
2025,2,E010,Bangalore Institute of Technology,Computer Science,ST,19883,SAMPLE_DATA_NOT_REAL,1
2025,Final,E010,Bangalore Institute of Technology,Computer Science,ST,22532,SAMPLE_DATA_NOT_REAL,99
2021,1,E010,Bangalore Institute of Technology,Electrical & Electronics,1G,6089,SAMPLE_DATA_NOT_REAL,0
2021,2,E010,Bangalore Institute of Technology,Electrical & Electronics,1G,7048,SAMPLE_DATA_NOT_REAL,1
2021,Final,E010,Bangalore Institute of Technology,Electrical & Electronics,1G,8333,SAMPLE_DATA_NOT_REAL,99
2022,1,E010,Bangalore Institute of Technology,Electrical & Electronics,1G,5375,SAMPLE_DATA_NOT_REAL,0
2022,2,E010,Bangalore Institute of Technology,Electrical & Electronics,1G,6735,SAMPLE_DATA_NOT_REAL,1
2022,Final,E010,Bangalore Institute of Technology,Electrical & Electronics,1G,7559,SAMPLE_DATA_NOT_REAL,99
2023,1,E010,Bangalore Institute of Technology,Electrical & Electronics,1G,5630,SAMPLE_DATA_NOT_REAL,0
2023,2,E010,Bangalore Institute of Technology,Electrical & Electronics,1G,6658,SAMPLE_DATA_NOT_REAL,1
2023,Final,E010,Bangalore Institute of Technology,Electrical & Electronics,1G,7384,SAMPLE_DATA_NOT_REAL,99
2024,1,E010,Bangalore Institute of Technology,Electrical & Electronics,1G,5311,SAMPLE_DATA_NOT_REAL,0
2024,2,E010,Bangalore Institute of Technology,Electrical & Electronics,1G,6615,SAMPLE_DATA_NOT_REAL,1
2024,Final,E010,Bangalore Institute of Technology,Electrical & Electronics,1G,7174,SAMPLE_DATA_NOT_REAL,99
2025,1,E010,Bangalore Institute of Technology,Electrical & Electronics,1G,5012,SAMPLE_DATA_NOT_REAL,0
2025,2,E010,Bangalore Institute of Technology,Electrical & Electronics,1G,6356,SAMPLE_DATA_NOT_REAL,1
2025,Final,E010,Bangalore Institute of Technology,Electrical & Electronics,1G,6486,SAMPLE_DATA_NOT_REAL,99
2021,1,E010,Bangalore Institute of Technology,Electrical & Electronics,2A,7324,SAMPLE_DATA_NOT_REAL,0
2021,2,E010,Bangalore Institute of Technology,Electrical & Electronics,2A,8255,SAMPLE_DATA_NOT_REAL,1
2021,Final,E010,Bangalore Institute of Technology,Electrical & Electronics,2A,10798,SAMPLE_DATA_NOT_REAL,99
2022,1,E010,Bangalore Institute of Technology,Electrical & Electronics,2A,6786,SAMPLE_DATA_NOT_REAL,0
2022,2,E010,Bangalore Institute of Technology,Electrical & Electronics,2A,7895,SAMPLE_DATA_NOT_REAL,1
2022,Final,E010,Bangalore Institute of Technology,Electrical & Electronics,2A,9318,SAMPLE_DATA_NOT_REAL,99
2023,1,E010,Bangalore Institute of Technology,Electrical & Electronics,2A,7296,SAMPLE_DATA_NOT_REAL,0
2023,2,E010,Bangalore Institute of Technology,Electrical & Electronics,2A,7588,SAMPLE_DATA_NOT_REAL,1
2023,Final,E010,Bangalore Institute of Technology,Electrical & Electronics,2A,8844,SAMPLE_DATA_NOT_REAL,99
2024,1,E010,Bangalore Institute of Technology,Electrical & Electronics,2A,6401,SAMPLE_DATA_NOT_REAL,0
2024,2,E010,Bangalore Institute of Technology,Electrical & Electronics,2A,8184,SAMPLE_DATA_NOT_REAL,1
2024,Final,E010,Bangalore Institute of Technology,Electrical & Electronics,2A,9506,SAMPLE_DATA_NOT_REAL,99
2025,1,E010,Bangalore Institute of Technology,Electrical & Electronics,2A,6542,SAMPLE_DATA_NOT_REAL,0
2025,2,E010,Bangalore Institute of Technology,Electrical & Electronics,2A,8090,SAMPLE_DATA_NOT_REAL,1
2025,Final,E010,Bangalore Institute of Technology,Electrical & Electronics,2A,9024,SAMPLE_DATA_NOT_REAL,99
2021,1,E010,Bangalore Institute of Technology,Electrical & Electronics,2B,9046,SAMPLE_DATA_NOT_REAL,0
2021,2,E010,Bangalore Institute of Technology,Electrical & Electronics,2B,10407,SAMPLE_DATA_NOT_REAL,1
2021,Final,E010,Bangalore Institute of Technology,Electrical & Electronics,2B,11677,SAMPLE_DATA_NOT_REAL,99
2022,1,E010,Bangalore Institute of Technology,Electrical & Electronics,2B,7973,SAMPLE_DATA_NOT_REAL,0
2022,2,E010,Bangalore Institute of Technology,Electrical & Electronics,2B,9609,SAMPLE_DATA_NOT_REAL,1
2022,Final,E010,Bangalore Institute of Technology,Electrical & Electronics,2B,10568,SAMPLE_DATA_NOT_REAL,99
2023,1,E010,Bangalore Institute of Technology,Electrical & Electronics,2B,7527,SAMPLE_DATA_NOT_REAL,0
2023,2,E010,Bangalore Institute of Technology,Electrical & Electronics,2B,8938,SAMPLE_DATA_NOT_REAL,1
2023,Final,E010,Bangalore Institute of Technology,Electrical & Electronics,2B,11317,SAMPLE_DATA_NOT_REAL,99
2024,1,E010,Bangalore Institute of Technology,Electrical & Electronics,2B,8215,SAMPLE_DATA_NOT_REAL,0
2024,2,E010,Bangalore Institute of Technology,Electrical & Electronics,2B,8618,SAMPLE_DATA_NOT_REAL,1
2024,Final,E010,Bangalore Institute of Technology,Electrical & Electronics,2B,10070,SAMPLE_DATA_NOT_REAL,99
2025,1,E010,Bangalore Institute of Technology,Electrical & Electronics,2B,7551,SAMPLE_DATA_NOT_REAL,0
2025,2,E010,Bangalore Institute of Technology,Electrical & Electronics,2B,8908,SAMPLE_DATA_NOT_REAL,1
2025,Final,E010,Bangalore Institute of Technology,Electrical & Electronics,2B,9635,SAMPLE_DATA_NOT_REAL,99
2021,1,E010,Bangalore Institute of Technology,Electrical & Electronics,3A,9712,SAMPLE_DATA_NOT_REAL,0
2021,2,E010,Bangalore Institute of Technology,Electrical & Electronics,3A,11316,SAMPLE_DATA_NOT_REAL,1
2021,Final,E010,Bangalore Institute of Technology,Electrical & Electronics,3A,12854,SAMPLE_DATA_NOT_REAL,99
2022,1,E010,Bangalore Institute of Technology,Electrical & Electronics,3A,8942,SAMPLE_DATA_NOT_REAL,0
2022,2,E010,Bangalore Institute of Technology,Electrical & Electronics,3A,10053,SAMPLE_DATA_NOT_REAL,1
2022,Final,E010,Bangalore Institute of Technology,Electrical & Electronics,3A,13015,SAMPLE_DATA_NOT_REAL,99
2023,1,E010,Bangalore Institute of Technology,Electrical & Electronics,3A,9172,SAMPLE_DATA_NOT_REAL,0
2023,2,E010,Bangalore Institute of Technology,Electrical & Electronics,3A,9327,SAMPLE_DATA_NOT_REAL,1
2023,Final,E010,Bangalore Institute of Technology,Electrical & Electronics,3A,11367,SAMPLE_DATA_NOT_REAL,99
2024,1,E010,Bangalore Institute of Technology,Electrical & Electronics,3A,7597,SAMPLE_DATA_NOT_REAL,0
2024,2,E010,Bangalore Institute of Technology,Electrical & Electronics,3A,9940,SAMPLE_DATA_NOT_REAL,1
2024,Final,E010,Bangalore Institute of Technology,Electrical & Electronics,3A,11459,SAMPLE_DATA_NOT_REAL,99
2025,1,E010,Bangalore Institute of Technology,Electrical & Electronics,3A,7935,SAMPLE_DATA_NOT_REAL,0
2025,2,E010,Bangalore Institute of Technology,Electrical & Electronics,3A,9447,SAMPLE_DATA_NOT_REAL,1
2025,Final,E010,Bangalore Institute of Technology,Electrical & Electronics,3A,10187,SAMPLE_DATA_NOT_REAL,99
2021,1,E010,Bangalore Institute of Technology,Electrical & Electronics,3B,9338,SAMPLE_DATA_NOT_REAL,0
2021,2,E010,Bangalore Institute of Technology,Electrical & Electronics,3B,11615,SAMPLE_DATA_NOT_REAL,1
2021,Final,E010,Bangalore Institute of Technology,Electrical & Electronics,3B,13310,SAMPLE_DATA_NOT_REAL,99
2022,1,E010,Bangalore Institute of Technology,Electrical & Electronics,3B,9368,SAMPLE_DATA_NOT_REAL,0
2022,2,E010,Bangalore Institute of Technology,Electrical & Electronics,3B,10887,SAMPLE_DATA_NOT_REAL,1
2022,Final,E010,Bangalore Institute of Technology,Electrical & Electronics,3B,13069,SAMPLE_DATA_NOT_REAL,99
2023,1,E010,Bangalore Institute of Technology,Electrical & Electronics,3B,8516,SAMPLE_DATA_NOT_REAL,0
2023,2,E010,Bangalore Institute of Technology,Electrical & Electronics,3B,10711,SAMPLE_DATA_NOT_REAL,1
2023,Final,E010,Bangalore Institute of Technology,Electrical & Electronics,3B,11903,SAMPLE_DATA_NOT_REAL,99
2024,1,E010,Bangalore Institute of Technology,Electrical & Electronics,3B,9322,SAMPLE_DATA_NOT_REAL,0
2024,2,E010,Bangalore Institute of Technology,Electrical & Electronics,3B,10789,SAMPLE_DATA_NOT_REAL,1
2024,Final,E010,Bangalore Institute of Technology,Electrical & Electronics,3B,12395,SAMPLE_DATA_NOT_REAL,99
2025,1,E010,Bangalore Institute of Technology,Electrical & Electronics,3B,8235,SAMPLE_DATA_NOT_REAL,0
2025,2,E010,Bangalore Institute of Technology,Electrical & Electronics,3B,10268,SAMPLE_DATA_NOT_REAL,1
2025,Final,E010,Bangalore Institute of Technology,Electrical & Electronics,3B,11766,SAMPLE_DATA_NOT_REAL,99
2021,1,E010,Bangalore Institute of Technology,Electrical & Electronics,CAT1,6683,SAMPLE_DATA_NOT_REAL,0
2021,2,E010,Bangalore Institute of Technology,Electrical & Electronics,CAT1,7818,SAMPLE_DATA_NOT_REAL,1
2021,Final,E010,Bangalore Institute of Technology,Electrical & Electronics,CAT1,10318,SAMPLE_DATA_NOT_REAL,99
2022,1,E010,Bangalore Institute of Technology,Electrical & Electronics,CAT1,7229,SAMPLE_DATA_NOT_REAL,0
2022,2,E010,Bangalore Institute of Technology,Electrical & Electronics,CAT1,7555,SAMPLE_DATA_NOT_REAL,1
2022,Final,E010,Bangalore Institute of Technology,Electrical & Electronics,CAT1,9543,SAMPLE_DATA_NOT_REAL,99
2023,1,E010,Bangalore Institute of Technology,Electrical & Electronics,CAT1,6130,SAMPLE_DATA_NOT_REAL,0
2023,2,E010,Bangalore Institute of Technology,Electrical & Electronics,CAT1,7244,SAMPLE_DATA_NOT_REAL,1
2023,Final,E010,Bangalore Institute of Technology,Electrical & Electronics,CAT1,8995,SAMPLE_DATA_NOT_REAL,99
2024,1,E010,Bangalore Institute of Technology,Electrical & Electronics,CAT1,6767,SAMPLE_DATA_NOT_REAL,0
2024,2,E010,Bangalore Institute of Technology,Electrical & Electronics,CAT1,6829,SAMPLE_DATA_NOT_REAL,1
2024,Final,E010,Bangalore Institute of Technology,Electrical & Electronics,CAT1,8391,SAMPLE_DATA_NOT_REAL,99
2025,1,E010,Bangalore Institute of Technology,Electrical & Electronics,CAT1,5976,SAMPLE_DATA_NOT_REAL,0
2025,2,E010,Bangalore Institute of Technology,Electrical & Electronics,CAT1,7316,SAMPLE_DATA_NOT_REAL,1
2025,Final,E010,Bangalore Institute of Technology,Electrical & Electronics,CAT1,8082,SAMPLE_DATA_NOT_REAL,99
2021,1,E010,Bangalore Institute of Technology,Electrical & Electronics,GM,5628,SAMPLE_DATA_NOT_REAL,0
2021,2,E010,Bangalore Institute of Technology,Electrical & Electronics,GM,6254,SAMPLE_DATA_NOT_REAL,1
2021,Final,E010,Bangalore Institute of Technology,Electrical & Electronics,GM,7488,SAMPLE_DATA_NOT_REAL,99
2022,1,E010,Bangalore Institute of Technology,Electrical & Electronics,GM,5304,SAMPLE_DATA_NOT_REAL,0
2022,2,E010,Bangalore Institute of Technology,Electrical & Electronics,GM,6254,SAMPLE_DATA_NOT_REAL,1
2022,Final,E010,Bangalore Institute of Technology,Electrical & Electronics,GM,7225,SAMPLE_DATA_NOT_REAL,99
2023,1,E010,Bangalore Institute of Technology,Electrical & Electronics,GM,5256,SAMPLE_DATA_NOT_REAL,0
2023,2,E010,Bangalore Institute of Technology,Electrical & Electronics,GM,5711,SAMPLE_DATA_NOT_REAL,1
2023,Final,E010,Bangalore Institute of Technology,Electrical & Electronics,GM,6541,SAMPLE_DATA_NOT_REAL,99
2024,1,E010,Bangalore Institute of Technology,Electrical & Electronics,GM,5007,SAMPLE_DATA_NOT_REAL,0
2024,2,E010,Bangalore Institute of Technology,Electrical & Electronics,GM,5525,SAMPLE_DATA_NOT_REAL,1
2024,Final,E010,Bangalore Institute of Technology,Electrical & Electronics,GM,6355,SAMPLE_DATA_NOT_REAL,99
2025,1,E010,Bangalore Institute of Technology,Electrical & Electronics,GM,4613,SAMPLE_DATA_NOT_REAL,0
2025,2,E010,Bangalore Institute of Technology,Electrical & Electronics,GM,5528,SAMPLE_DATA_NOT_REAL,1
2025,Final,E010,Bangalore Institute of Technology,Electrical & Electronics,GM,6228,SAMPLE_DATA_NOT_REAL,99
2021,1,E010,Bangalore Institute of Technology,Electrical & Electronics,SC,16719,SAMPLE_DATA_NOT_REAL,0
2021,2,E010,Bangalore Institute of Technology,Electrical & Electronics,SC,19716,SAMPLE_DATA_NOT_REAL,1
2021,Final,E010,Bangalore Institute of Technology,Electrical & Electronics,SC,22641,SAMPLE_DATA_NOT_REAL,99
2022,1,E010,Bangalore Institute of Technology,Electrical & Electronics,SC,16497,SAMPLE_DATA_NOT_REAL,0
2022,2,E010,Bangalore Institute of Technology,Electrical & Electronics,SC,18341,SAMPLE_DATA_NOT_REAL,1
2022,Final,E010,Bangalore Institute of Technology,Electrical & Electronics,SC,22534,SAMPLE_DATA_NOT_REAL,99
2023,1,E010,Bangalore Institute of Technology,Electrical & Electronics,SC,15844,SAMPLE_DATA_NOT_REAL,0
2023,2,E010,Bangalore Institute of Technology,Electrical & Electronics,SC,18495,SAMPLE_DATA_NOT_REAL,1
2023,Final,E010,Bangalore Institute of Technology,Electrical & Electronics,SC,20815,SAMPLE_DATA_NOT_REAL,99
2024,1,E010,Bangalore Institute of Technology,Electrical & Electronics,SC,14423,SAMPLE_DATA_NOT_REAL,0
2024,2,E010,Bangalore Institute of Technology,Electrical & Electronics,SC,16520,SAMPLE_DATA_NOT_REAL,1
2024,Final,E010,Bangalore Institute of Technology,Electrical & Electronics,SC,20573,SAMPLE_DATA_NOT_REAL,99
2025,1,E010,Bangalore Institute of Technology,Electrical & Electronics,SC,13433,SAMPLE_DATA_NOT_REAL,0
2025,2,E010,Bangalore Institute of Technology,Electrical & Electronics,SC,14792,SAMPLE_DATA_NOT_REAL,1
2025,Final,E010,Bangalore Institute of Technology,Electrical & Electronics,SC,19329,SAMPLE_DATA_NOT_REAL,99
2021,1,E010,Bangalore Institute of Technology,Electrical & Electronics,ST,22785,SAMPLE_DATA_NOT_REAL,0
2021,2,E010,Bangalore Institute of Technology,Electrical & Electronics,ST,26094,SAMPLE_DATA_NOT_REAL,1
2021,Final,E010,Bangalore Institute of Technology,Electrical & Electronics,ST,28591,SAMPLE_DATA_NOT_REAL,99
2022,1,E010,Bangalore Institute of Technology,Electrical & Electronics,ST,21261,SAMPLE_DATA_NOT_REAL,0
2022,2,E010,Bangalore Institute of Technology,Electrical & Electronics,ST,23683,SAMPLE_DATA_NOT_REAL,1
2022,Final,E010,Bangalore Institute of Technology,Electrical & Electronics,ST,27318,SAMPLE_DATA_NOT_REAL,99
2023,1,E010,Bangalore Institute of Technology,Electrical & Electronics,ST,19556,SAMPLE_DATA_NOT_REAL,0
2023,2,E010,Bangalore Institute of Technology,Electrical & Electronics,ST,22519,SAMPLE_DATA_NOT_REAL,1
2023,Final,E010,Bangalore Institute of Technology,Electrical & Electronics,ST,28325,SAMPLE_DATA_NOT_REAL,99
2024,1,E010,Bangalore Institute of Technology,Electrical & Electronics,ST,19944,SAMPLE_DATA_NOT_REAL,0
2024,2,E010,Bangalore Institute of Technology,Electrical & Electronics,ST,23713,SAMPLE_DATA_NOT_REAL,1
2024,Final,E010,Bangalore Institute of Technology,Electrical & Electronics,ST,24914,SAMPLE_DATA_NOT_REAL,99
2025,1,E010,Bangalore Institute of Technology,Electrical & Electronics,ST,18611,SAMPLE_DATA_NOT_REAL,0
2025,2,E010,Bangalore Institute of Technology,Electrical & Electronics,ST,20720,SAMPLE_DATA_NOT_REAL,1
2025,Final,E010,Bangalore Institute of Technology,Electrical & Electronics,ST,23479,SAMPLE_DATA_NOT_REAL,99
2021,1,E010,Bangalore Institute of Technology,Electronics & Comm.,1G,5519,SAMPLE_DATA_NOT_REAL,0
2021,2,E010,Bangalore Institute of Technology,Electronics & Comm.,1G,6218,SAMPLE_DATA_NOT_REAL,1
2021,Final,E010,Bangalore Institute of Technology,Electronics & Comm.,1G,6893,SAMPLE_DATA_NOT_REAL,99
2022,1,E010,Bangalore Institute of Technology,Electronics & Comm.,1G,5575,SAMPLE_DATA_NOT_REAL,0
2022,2,E010,Bangalore Institute of Technology,Electronics & Comm.,1G,5535,SAMPLE_DATA_NOT_REAL,1
2022,Final,E010,Bangalore Institute of Technology,Electronics & Comm.,1G,7306,SAMPLE_DATA_NOT_REAL,99
2023,1,E010,Bangalore Institute of Technology,Electronics & Comm.,1G,4657,SAMPLE_DATA_NOT_REAL,0
2023,2,E010,Bangalore Institute of Technology,Electronics & Comm.,1G,5409,SAMPLE_DATA_NOT_REAL,1
2023,Final,E010,Bangalore Institute of Technology,Electronics & Comm.,1G,6562,SAMPLE_DATA_NOT_REAL,99
2024,1,E010,Bangalore Institute of Technology,Electronics & Comm.,1G,5002,SAMPLE_DATA_NOT_REAL,0
2024,2,E010,Bangalore Institute of Technology,Electronics & Comm.,1G,5563,SAMPLE_DATA_NOT_REAL,1
2024,Final,E010,Bangalore Institute of Technology,Electronics & Comm.,1G,6779,SAMPLE_DATA_NOT_REAL,99
2025,1,E010,Bangalore Institute of Technology,Electronics & Comm.,1G,4807,SAMPLE_DATA_NOT_REAL,0
2025,2,E010,Bangalore Institute of Technology,Electronics & Comm.,1G,5208,SAMPLE_DATA_NOT_REAL,1
2025,Final,E010,Bangalore Institute of Technology,Electronics & Comm.,1G,6131,SAMPLE_DATA_NOT_REAL,99
2021,1,E010,Bangalore Institute of Technology,Electronics & Comm.,2A,6467,SAMPLE_DATA_NOT_REAL,0
2021,2,E010,Bangalore Institute of Technology,Electronics & Comm.,2A,7403,SAMPLE_DATA_NOT_REAL,1
2021,Final,E010,Bangalore Institute of Technology,Electronics & Comm.,2A,9007,SAMPLE_DATA_NOT_REAL,99
2022,1,E010,Bangalore Institute of Technology,Electronics & Comm.,2A,6083,SAMPLE_DATA_NOT_REAL,0
2022,2,E010,Bangalore Institute of Technology,Electronics & Comm.,2A,7079,SAMPLE_DATA_NOT_REAL,1
2022,Final,E010,Bangalore Institute of Technology,Electronics & Comm.,2A,9281,SAMPLE_DATA_NOT_REAL,99
2023,1,E010,Bangalore Institute of Technology,Electronics & Comm.,2A,6367,SAMPLE_DATA_NOT_REAL,0
2023,2,E010,Bangalore Institute of Technology,Electronics & Comm.,2A,6961,SAMPLE_DATA_NOT_REAL,1
2023,Final,E010,Bangalore Institute of Technology,Electronics & Comm.,2A,8801,SAMPLE_DATA_NOT_REAL,99
2024,1,E010,Bangalore Institute of Technology,Electronics & Comm.,2A,6427,SAMPLE_DATA_NOT_REAL,0
2024,2,E010,Bangalore Institute of Technology,Electronics & Comm.,2A,6676,SAMPLE_DATA_NOT_REAL,1
2024,Final,E010,Bangalore Institute of Technology,Electronics & Comm.,2A,8462,SAMPLE_DATA_NOT_REAL,99
2025,1,E010,Bangalore Institute of Technology,Electronics & Comm.,2A,6289,SAMPLE_DATA_NOT_REAL,0
2025,2,E010,Bangalore Institute of Technology,Electronics & Comm.,2A,6673,SAMPLE_DATA_NOT_REAL,1
2025,Final,E010,Bangalore Institute of Technology,Electronics & Comm.,2A,8008,SAMPLE_DATA_NOT_REAL,99
2021,1,E010,Bangalore Institute of Technology,Electronics & Comm.,2B,7800,SAMPLE_DATA_NOT_REAL,0
2021,2,E010,Bangalore Institute of Technology,Electronics & Comm.,2B,9031,SAMPLE_DATA_NOT_REAL,1
2021,Final,E010,Bangalore Institute of Technology,Electronics & Comm.,2B,10950,SAMPLE_DATA_NOT_REAL,99
2022,1,E010,Bangalore Institute of Technology,Electronics & Comm.,2B,7912,SAMPLE_DATA_NOT_REAL,0
2022,2,E010,Bangalore Institute of Technology,Electronics & Comm.,2B,8573,SAMPLE_DATA_NOT_REAL,1
2022,Final,E010,Bangalore Institute of Technology,Electronics & Comm.,2B,9372,SAMPLE_DATA_NOT_REAL,99
2023,1,E010,Bangalore Institute of Technology,Electronics & Comm.,2B,7467,SAMPLE_DATA_NOT_REAL,0
2023,2,E010,Bangalore Institute of Technology,Electronics & Comm.,2B,8074,SAMPLE_DATA_NOT_REAL,1
2023,Final,E010,Bangalore Institute of Technology,Electronics & Comm.,2B,9728,SAMPLE_DATA_NOT_REAL,99
2024,1,E010,Bangalore Institute of Technology,Electronics & Comm.,2B,6769,SAMPLE_DATA_NOT_REAL,0
2024,2,E010,Bangalore Institute of Technology,Electronics & Comm.,2B,8542,SAMPLE_DATA_NOT_REAL,1
2024,Final,E010,Bangalore Institute of Technology,Electronics & Comm.,2B,9383,SAMPLE_DATA_NOT_REAL,99
2025,1,E010,Bangalore Institute of Technology,Electronics & Comm.,2B,6736,SAMPLE_DATA_NOT_REAL,0
2025,2,E010,Bangalore Institute of Technology,Electronics & Comm.,2B,7554,SAMPLE_DATA_NOT_REAL,1
2025,Final,E010,Bangalore Institute of Technology,Electronics & Comm.,2B,8855,SAMPLE_DATA_NOT_REAL,99
2021,1,E010,Bangalore Institute of Technology,Electronics & Comm.,3A,7739,SAMPLE_DATA_NOT_REAL,0
2021,2,E010,Bangalore Institute of Technology,Electronics & Comm.,3A,10273,SAMPLE_DATA_NOT_REAL,1
2021,Final,E010,Bangalore Institute of Technology,Electronics & Comm.,3A,10980,SAMPLE_DATA_NOT_REAL,99
2022,1,E010,Bangalore Institute of Technology,Electronics & Comm.,3A,8228,SAMPLE_DATA_NOT_REAL,0
2022,2,E010,Bangalore Institute of Technology,Electronics & Comm.,3A,9137,SAMPLE_DATA_NOT_REAL,1
2022,Final,E010,Bangalore Institute of Technology,Electronics & Comm.,3A,11518,SAMPLE_DATA_NOT_REAL,99
2023,1,E010,Bangalore Institute of Technology,Electronics & Comm.,3A,8270,SAMPLE_DATA_NOT_REAL,0
2023,2,E010,Bangalore Institute of Technology,Electronics & Comm.,3A,8542,SAMPLE_DATA_NOT_REAL,1
2023,Final,E010,Bangalore Institute of Technology,Electronics & Comm.,3A,10378,SAMPLE_DATA_NOT_REAL,99
2024,1,E010,Bangalore Institute of Technology,Electronics & Comm.,3A,6887,SAMPLE_DATA_NOT_REAL,0
2024,2,E010,Bangalore Institute of Technology,Electronics & Comm.,3A,8183,SAMPLE_DATA_NOT_REAL,1
2024,Final,E010,Bangalore Institute of Technology,Electronics & Comm.,3A,9723,SAMPLE_DATA_NOT_REAL,99
2025,1,E010,Bangalore Institute of Technology,Electronics & Comm.,3A,7529,SAMPLE_DATA_NOT_REAL,0
2025,2,E010,Bangalore Institute of Technology,Electronics & Comm.,3A,8541,SAMPLE_DATA_NOT_REAL,1
2025,Final,E010,Bangalore Institute of Technology,Electronics & Comm.,3A,9733,SAMPLE_DATA_NOT_REAL,99
2021,1,E010,Bangalore Institute of Technology,Electronics & Comm.,3B,8658,SAMPLE_DATA_NOT_REAL,0
2021,2,E010,Bangalore Institute of Technology,Electronics & Comm.,3B,9412,SAMPLE_DATA_NOT_REAL,1
2021,Final,E010,Bangalore Institute of Technology,Electronics & Comm.,3B,12760,SAMPLE_DATA_NOT_REAL,99
2022,1,E010,Bangalore Institute of Technology,Electronics & Comm.,3B,8891,SAMPLE_DATA_NOT_REAL,0
2022,2,E010,Bangalore Institute of Technology,Electronics & Comm.,3B,9917,SAMPLE_DATA_NOT_REAL,1
2022,Final,E010,Bangalore Institute of Technology,Electronics & Comm.,3B,11712,SAMPLE_DATA_NOT_REAL,99
2023,1,E010,Bangalore Institute of Technology,Electronics & Comm.,3B,8495,SAMPLE_DATA_NOT_REAL,0
2023,2,E010,Bangalore Institute of Technology,Electronics & Comm.,3B,9009,SAMPLE_DATA_NOT_REAL,1
2023,Final,E010,Bangalore Institute of Technology,Electronics & Comm.,3B,11169,SAMPLE_DATA_NOT_REAL,99
2024,1,E010,Bangalore Institute of Technology,Electronics & Comm.,3B,7368,SAMPLE_DATA_NOT_REAL,0
2024,2,E010,Bangalore Institute of Technology,Electronics & Comm.,3B,8297,SAMPLE_DATA_NOT_REAL,1
2024,Final,E010,Bangalore Institute of Technology,Electronics & Comm.,3B,10718,SAMPLE_DATA_NOT_REAL,99
2025,1,E010,Bangalore Institute of Technology,Electronics & Comm.,3B,7652,SAMPLE_DATA_NOT_REAL,0
2025,2,E010,Bangalore Institute of Technology,Electronics & Comm.,3B,8371,SAMPLE_DATA_NOT_REAL,1
2025,Final,E010,Bangalore Institute of Technology,Electronics & Comm.,3B,9445,SAMPLE_DATA_NOT_REAL,99
2021,1,E010,Bangalore Institute of Technology,Electronics & Comm.,CAT1,6643,SAMPLE_DATA_NOT_REAL,0
2021,2,E010,Bangalore Institute of Technology,Electronics & Comm.,CAT1,7358,SAMPLE_DATA_NOT_REAL,1
2021,Final,E010,Bangalore Institute of Technology,Electronics & Comm.,CAT1,8265,SAMPLE_DATA_NOT_REAL,99
2022,1,E010,Bangalore Institute of Technology,Electronics & Comm.,CAT1,5726,SAMPLE_DATA_NOT_REAL,0
2022,2,E010,Bangalore Institute of Technology,Electronics & Comm.,CAT1,7311,SAMPLE_DATA_NOT_REAL,1
2022,Final,E010,Bangalore Institute of Technology,Electronics & Comm.,CAT1,7937,SAMPLE_DATA_NOT_REAL,99
2023,1,E010,Bangalore Institute of Technology,Electronics & Comm.,CAT1,6109,SAMPLE_DATA_NOT_REAL,0
2023,2,E010,Bangalore Institute of Technology,Electronics & Comm.,CAT1,6698,SAMPLE_DATA_NOT_REAL,1
2023,Final,E010,Bangalore Institute of Technology,Electronics & Comm.,CAT1,8380,SAMPLE_DATA_NOT_REAL,99
2024,1,E010,Bangalore Institute of Technology,Electronics & Comm.,CAT1,5638,SAMPLE_DATA_NOT_REAL,0
2024,2,E010,Bangalore Institute of Technology,Electronics & Comm.,CAT1,6666,SAMPLE_DATA_NOT_REAL,1
2024,Final,E010,Bangalore Institute of Technology,Electronics & Comm.,CAT1,7559,SAMPLE_DATA_NOT_REAL,99
2025,1,E010,Bangalore Institute of Technology,Electronics & Comm.,CAT1,5286,SAMPLE_DATA_NOT_REAL,0
2025,2,E010,Bangalore Institute of Technology,Electronics & Comm.,CAT1,5963,SAMPLE_DATA_NOT_REAL,1
2025,Final,E010,Bangalore Institute of Technology,Electronics & Comm.,CAT1,7815,SAMPLE_DATA_NOT_REAL,99
2021,1,E010,Bangalore Institute of Technology,Electronics & Comm.,GM,4534,SAMPLE_DATA_NOT_REAL,0
2021,2,E010,Bangalore Institute of Technology,Electronics & Comm.,GM,5892,SAMPLE_DATA_NOT_REAL,1
2021,Final,E010,Bangalore Institute of Technology,Electronics & Comm.,GM,6254,SAMPLE_DATA_NOT_REAL,99
2022,1,E010,Bangalore Institute of Technology,Electronics & Comm.,GM,4539,SAMPLE_DATA_NOT_REAL,0
2022,2,E010,Bangalore Institute of Technology,Electronics & Comm.,GM,5715,SAMPLE_DATA_NOT_REAL,1
2022,Final,E010,Bangalore Institute of Technology,Electronics & Comm.,GM,5869,SAMPLE_DATA_NOT_REAL,99
2023,1,E010,Bangalore Institute of Technology,Electronics & Comm.,GM,4466,SAMPLE_DATA_NOT_REAL,0
2023,2,E010,Bangalore Institute of Technology,Electronics & Comm.,GM,4842,SAMPLE_DATA_NOT_REAL,1
2023,Final,E010,Bangalore Institute of Technology,Electronics & Comm.,GM,6286,SAMPLE_DATA_NOT_REAL,99
2024,1,E010,Bangalore Institute of Technology,Electronics & Comm.,GM,4329,SAMPLE_DATA_NOT_REAL,0
2024,2,E010,Bangalore Institute of Technology,Electronics & Comm.,GM,5103,SAMPLE_DATA_NOT_REAL,1
2024,Final,E010,Bangalore Institute of Technology,Electronics & Comm.,GM,6159,SAMPLE_DATA_NOT_REAL,99
2025,1,E010,Bangalore Institute of Technology,Electronics & Comm.,GM,4488,SAMPLE_DATA_NOT_REAL,0
2025,2,E010,Bangalore Institute of Technology,Electronics & Comm.,GM,4884,SAMPLE_DATA_NOT_REAL,1
2025,Final,E010,Bangalore Institute of Technology,Electronics & Comm.,GM,5467,SAMPLE_DATA_NOT_REAL,99
2021,1,E010,Bangalore Institute of Technology,Electronics & Comm.,SC,14036,SAMPLE_DATA_NOT_REAL,0
2021,2,E010,Bangalore Institute of Technology,Electronics & Comm.,SC,17689,SAMPLE_DATA_NOT_REAL,1
2021,Final,E010,Bangalore Institute of Technology,Electronics & Comm.,SC,21120,SAMPLE_DATA_NOT_REAL,99
2022,1,E010,Bangalore Institute of Technology,Electronics & Comm.,SC,15053,SAMPLE_DATA_NOT_REAL,0
2022,2,E010,Bangalore Institute of Technology,Electronics & Comm.,SC,15750,SAMPLE_DATA_NOT_REAL,1
2022,Final,E010,Bangalore Institute of Technology,Electronics & Comm.,SC,19379,SAMPLE_DATA_NOT_REAL,99
2023,1,E010,Bangalore Institute of Technology,Electronics & Comm.,SC,13879,SAMPLE_DATA_NOT_REAL,0
2023,2,E010,Bangalore Institute of Technology,Electronics & Comm.,SC,15956,SAMPLE_DATA_NOT_REAL,1
2023,Final,E010,Bangalore Institute of Technology,Electronics & Comm.,SC,18929,SAMPLE_DATA_NOT_REAL,99
2024,1,E010,Bangalore Institute of Technology,Electronics & Comm.,SC,13923,SAMPLE_DATA_NOT_REAL,0
2024,2,E010,Bangalore Institute of Technology,Electronics & Comm.,SC,15064,SAMPLE_DATA_NOT_REAL,1
2024,Final,E010,Bangalore Institute of Technology,Electronics & Comm.,SC,18457,SAMPLE_DATA_NOT_REAL,99
2025,1,E010,Bangalore Institute of Technology,Electronics & Comm.,SC,12565,SAMPLE_DATA_NOT_REAL,0
2025,2,E010,Bangalore Institute of Technology,Electronics & Comm.,SC,14102,SAMPLE_DATA_NOT_REAL,1
2025,Final,E010,Bangalore Institute of Technology,Electronics & Comm.,SC,16678,SAMPLE_DATA_NOT_REAL,99
2021,1,E010,Bangalore Institute of Technology,Electronics & Comm.,ST,19076,SAMPLE_DATA_NOT_REAL,0
2021,2,E010,Bangalore Institute of Technology,Electronics & Comm.,ST,23888,SAMPLE_DATA_NOT_REAL,1
2021,Final,E010,Bangalore Institute of Technology,Electronics & Comm.,ST,27953,SAMPLE_DATA_NOT_REAL,99
2022,1,E010,Bangalore Institute of Technology,Electronics & Comm.,ST,17651,SAMPLE_DATA_NOT_REAL,0
2022,2,E010,Bangalore Institute of Technology,Electronics & Comm.,ST,22498,SAMPLE_DATA_NOT_REAL,1
2022,Final,E010,Bangalore Institute of Technology,Electronics & Comm.,ST,23428,SAMPLE_DATA_NOT_REAL,99
2023,1,E010,Bangalore Institute of Technology,Electronics & Comm.,ST,19354,SAMPLE_DATA_NOT_REAL,0
2023,2,E010,Bangalore Institute of Technology,Electronics & Comm.,ST,20033,SAMPLE_DATA_NOT_REAL,1
2023,Final,E010,Bangalore Institute of Technology,Electronics & Comm.,ST,23918,SAMPLE_DATA_NOT_REAL,99
2024,1,E010,Bangalore Institute of Technology,Electronics & Comm.,ST,16398,SAMPLE_DATA_NOT_REAL,0
2024,2,E010,Bangalore Institute of Technology,Electronics & Comm.,ST,19788,SAMPLE_DATA_NOT_REAL,1
2024,Final,E010,Bangalore Institute of Technology,Electronics & Comm.,ST,24326,SAMPLE_DATA_NOT_REAL,99
2025,1,E010,Bangalore Institute of Technology,Electronics & Comm.,ST,16919,SAMPLE_DATA_NOT_REAL,0
2025,2,E010,Bangalore Institute of Technology,Electronics & Comm.,ST,18181,SAMPLE_DATA_NOT_REAL,1
2025,Final,E010,Bangalore Institute of Technology,Electronics & Comm.,ST,24050,SAMPLE_DATA_NOT_REAL,99
2021,1,E010,Bangalore Institute of Technology,Information Science,1G,5526,SAMPLE_DATA_NOT_REAL,0
2021,2,E010,Bangalore Institute of Technology,Information Science,1G,6183,SAMPLE_DATA_NOT_REAL,1
2021,Final,E010,Bangalore Institute of Technology,Information Science,1G,7916,SAMPLE_DATA_NOT_REAL,99
2022,1,E010,Bangalore Institute of Technology,Information Science,1G,5531,SAMPLE_DATA_NOT_REAL,0
2022,2,E010,Bangalore Institute of Technology,Information Science,1G,6232,SAMPLE_DATA_NOT_REAL,1
2022,Final,E010,Bangalore Institute of Technology,Information Science,1G,6881,SAMPLE_DATA_NOT_REAL,99
2023,1,E010,Bangalore Institute of Technology,Information Science,1G,4897,SAMPLE_DATA_NOT_REAL,0
2023,2,E010,Bangalore Institute of Technology,Information Science,1G,6073,SAMPLE_DATA_NOT_REAL,1
2023,Final,E010,Bangalore Institute of Technology,Information Science,1G,6543,SAMPLE_DATA_NOT_REAL,99
2024,1,E010,Bangalore Institute of Technology,Information Science,1G,4657,SAMPLE_DATA_NOT_REAL,0
2024,2,E010,Bangalore Institute of Technology,Information Science,1G,5381,SAMPLE_DATA_NOT_REAL,1
2024,Final,E010,Bangalore Institute of Technology,Information Science,1G,7096,SAMPLE_DATA_NOT_REAL,99
2025,1,E010,Bangalore Institute of Technology,Information Science,1G,4864,SAMPLE_DATA_NOT_REAL,0
2025,2,E010,Bangalore Institute of Technology,Information Science,1G,5371,SAMPLE_DATA_NOT_REAL,1
2025,Final,E010,Bangalore Institute of Technology,Information Science,1G,6114,SAMPLE_DATA_NOT_REAL,99
2021,1,E010,Bangalore Institute of Technology,Information Science,2A,6760,SAMPLE_DATA_NOT_REAL,0
2021,2,E010,Bangalore Institute of Technology,Information Science,2A,7983,SAMPLE_DATA_NOT_REAL,1
2021,Final,E010,Bangalore Institute of Technology,Information Science,2A,9858,SAMPLE_DATA_NOT_REAL,99
2022,1,E010,Bangalore Institute of Technology,Information Science,2A,6985,SAMPLE_DATA_NOT_REAL,0
2022,2,E010,Bangalore Institute of Technology,Information Science,2A,7748,SAMPLE_DATA_NOT_REAL,1
2022,Final,E010,Bangalore Institute of Technology,Information Science,2A,9364,SAMPLE_DATA_NOT_REAL,99
2023,1,E010,Bangalore Institute of Technology,Information Science,2A,7063,SAMPLE_DATA_NOT_REAL,0
2023,2,E010,Bangalore Institute of Technology,Information Science,2A,7140,SAMPLE_DATA_NOT_REAL,1
2023,Final,E010,Bangalore Institute of Technology,Information Science,2A,8439,SAMPLE_DATA_NOT_REAL,99
2024,1,E010,Bangalore Institute of Technology,Information Science,2A,5990,SAMPLE_DATA_NOT_REAL,0
2024,2,E010,Bangalore Institute of Technology,Information Science,2A,7327,SAMPLE_DATA_NOT_REAL,1
2024,Final,E010,Bangalore Institute of Technology,Information Science,2A,8972,SAMPLE_DATA_NOT_REAL,99
2025,1,E010,Bangalore Institute of Technology,Information Science,2A,5925,SAMPLE_DATA_NOT_REAL,0
2025,2,E010,Bangalore Institute of Technology,Information Science,2A,7033,SAMPLE_DATA_NOT_REAL,1
2025,Final,E010,Bangalore Institute of Technology,Information Science,2A,8827,SAMPLE_DATA_NOT_REAL,99
2021,1,E010,Bangalore Institute of Technology,Information Science,2B,8121,SAMPLE_DATA_NOT_REAL,0
2021,2,E010,Bangalore Institute of Technology,Information Science,2B,8898,SAMPLE_DATA_NOT_REAL,1
2021,Final,E010,Bangalore Institute of Technology,Information Science,2B,10460,SAMPLE_DATA_NOT_REAL,99
2022,1,E010,Bangalore Institute of Technology,Information Science,2B,7816,SAMPLE_DATA_NOT_REAL,0
2022,2,E010,Bangalore Institute of Technology,Information Science,2B,9206,SAMPLE_DATA_NOT_REAL,1
2022,Final,E010,Bangalore Institute of Technology,Information Science,2B,11366,SAMPLE_DATA_NOT_REAL,99
2023,1,E010,Bangalore Institute of Technology,Information Science,2B,7569,SAMPLE_DATA_NOT_REAL,0
2023,2,E010,Bangalore Institute of Technology,Information Science,2B,8192,SAMPLE_DATA_NOT_REAL,1
2023,Final,E010,Bangalore Institute of Technology,Information Science,2B,10583,SAMPLE_DATA_NOT_REAL,99
2024,1,E010,Bangalore Institute of Technology,Information Science,2B,7328,SAMPLE_DATA_NOT_REAL,0
2024,2,E010,Bangalore Institute of Technology,Information Science,2B,8051,SAMPLE_DATA_NOT_REAL,1
2024,Final,E010,Bangalore Institute of Technology,Information Science,2B,10437,SAMPLE_DATA_NOT_REAL,99
2025,1,E010,Bangalore Institute of Technology,Information Science,2B,6432,SAMPLE_DATA_NOT_REAL,0
2025,2,E010,Bangalore Institute of Technology,Information Science,2B,7507,SAMPLE_DATA_NOT_REAL,1
2025,Final,E010,Bangalore Institute of Technology,Information Science,2B,10045,SAMPLE_DATA_NOT_REAL,99
2021,1,E010,Bangalore Institute of Technology,Information Science,3A,8157,SAMPLE_DATA_NOT_REAL,0
2021,2,E010,Bangalore Institute of Technology,Information Science,3A,9260,SAMPLE_DATA_NOT_REAL,1
2021,Final,E010,Bangalore Institute of Technology,Information Science,3A,12583,SAMPLE_DATA_NOT_REAL,99
2022,1,E010,Bangalore Institute of Technology,Information Science,3A,8310,SAMPLE_DATA_NOT_REAL,0
2022,2,E010,Bangalore Institute of Technology,Information Science,3A,10088,SAMPLE_DATA_NOT_REAL,1
2022,Final,E010,Bangalore Institute of Technology,Information Science,3A,11883,SAMPLE_DATA_NOT_REAL,99
2023,1,E010,Bangalore Institute of Technology,Information Science,3A,7363,SAMPLE_DATA_NOT_REAL,0
2023,2,E010,Bangalore Institute of Technology,Information Science,3A,9645,SAMPLE_DATA_NOT_REAL,1
2023,Final,E010,Bangalore Institute of Technology,Information Science,3A,10984,SAMPLE_DATA_NOT_REAL,99
2024,1,E010,Bangalore Institute of Technology,Information Science,3A,7245,SAMPLE_DATA_NOT_REAL,0
2024,2,E010,Bangalore Institute of Technology,Information Science,3A,8686,SAMPLE_DATA_NOT_REAL,1
2024,Final,E010,Bangalore Institute of Technology,Information Science,3A,10312,SAMPLE_DATA_NOT_REAL,99
2025,1,E010,Bangalore Institute of Technology,Information Science,3A,7545,SAMPLE_DATA_NOT_REAL,0
2025,2,E010,Bangalore Institute of Technology,Information Science,3A,7908,SAMPLE_DATA_NOT_REAL,1
2025,Final,E010,Bangalore Institute of Technology,Information Science,3A,10443,SAMPLE_DATA_NOT_REAL,99
2021,1,E010,Bangalore Institute of Technology,Information Science,3B,9363,SAMPLE_DATA_NOT_REAL,0
2021,2,E010,Bangalore Institute of Technology,Information Science,3B,10970,SAMPLE_DATA_NOT_REAL,1
2021,Final,E010,Bangalore Institute of Technology,Information Science,3B,12264,SAMPLE_DATA_NOT_REAL,99
2022,1,E010,Bangalore Institute of Technology,Information Science,3B,8120,SAMPLE_DATA_NOT_REAL,0
2022,2,E010,Bangalore Institute of Technology,Information Science,3B,10432,SAMPLE_DATA_NOT_REAL,1
2022,Final,E010,Bangalore Institute of Technology,Information Science,3B,12183,SAMPLE_DATA_NOT_REAL,99
2023,1,E010,Bangalore Institute of Technology,Information Science,3B,7875,SAMPLE_DATA_NOT_REAL,0
2023,2,E010,Bangalore Institute of Technology,Information Science,3B,9480,SAMPLE_DATA_NOT_REAL,1
2023,Final,E010,Bangalore Institute of Technology,Information Science,3B,11000,SAMPLE_DATA_NOT_REAL,99
2024,1,E010,Bangalore Institute of Technology,Information Science,3B,8056,SAMPLE_DATA_NOT_REAL,0
2024,2,E010,Bangalore Institute of Technology,Information Science,3B,9853,SAMPLE_DATA_NOT_REAL,1
2024,Final,E010,Bangalore Institute of Technology,Information Science,3B,10816,SAMPLE_DATA_NOT_REAL,99
2025,1,E010,Bangalore Institute of Technology,Information Science,3B,7332,SAMPLE_DATA_NOT_REAL,0
2025,2,E010,Bangalore Institute of Technology,Information Science,3B,8890,SAMPLE_DATA_NOT_REAL,1
2025,Final,E010,Bangalore Institute of Technology,Information Science,3B,9716,SAMPLE_DATA_NOT_REAL,99
2021,1,E010,Bangalore Institute of Technology,Information Science,CAT1,6701,SAMPLE_DATA_NOT_REAL,0
2021,2,E010,Bangalore Institute of Technology,Information Science,CAT1,7599,SAMPLE_DATA_NOT_REAL,1
2021,Final,E010,Bangalore Institute of Technology,Information Science,CAT1,8416,SAMPLE_DATA_NOT_REAL,99
2022,1,E010,Bangalore Institute of Technology,Information Science,CAT1,6397,SAMPLE_DATA_NOT_REAL,0
2022,2,E010,Bangalore Institute of Technology,Information Science,CAT1,7592,SAMPLE_DATA_NOT_REAL,1
2022,Final,E010,Bangalore Institute of Technology,Information Science,CAT1,8471,SAMPLE_DATA_NOT_REAL,99
2023,1,E010,Bangalore Institute of Technology,Information Science,CAT1,6470,SAMPLE_DATA_NOT_REAL,0
2023,2,E010,Bangalore Institute of Technology,Information Science,CAT1,7422,SAMPLE_DATA_NOT_REAL,1
2023,Final,E010,Bangalore Institute of Technology,Information Science,CAT1,7898,SAMPLE_DATA_NOT_REAL,99
2024,1,E010,Bangalore Institute of Technology,Information Science,CAT1,6057,SAMPLE_DATA_NOT_REAL,0
2024,2,E010,Bangalore Institute of Technology,Information Science,CAT1,6268,SAMPLE_DATA_NOT_REAL,1
2024,Final,E010,Bangalore Institute of Technology,Information Science,CAT1,8399,SAMPLE_DATA_NOT_REAL,99
2025,1,E010,Bangalore Institute of Technology,Information Science,CAT1,5591,SAMPLE_DATA_NOT_REAL,0
2025,2,E010,Bangalore Institute of Technology,Information Science,CAT1,6442,SAMPLE_DATA_NOT_REAL,1
2025,Final,E010,Bangalore Institute of Technology,Information Science,CAT1,7979,SAMPLE_DATA_NOT_REAL,99
2021,1,E010,Bangalore Institute of Technology,Information Science,GM,5248,SAMPLE_DATA_NOT_REAL,0
2021,2,E010,Bangalore Institute of Technology,Information Science,GM,6140,SAMPLE_DATA_NOT_REAL,1
2021,Final,E010,Bangalore Institute of Technology,Information Science,GM,7304,SAMPLE_DATA_NOT_REAL,99
2022,1,E010,Bangalore Institute of Technology,Information Science,GM,4990,SAMPLE_DATA_NOT_REAL,0
2022,2,E010,Bangalore Institute of Technology,Information Science,GM,5910,SAMPLE_DATA_NOT_REAL,1
2022,Final,E010,Bangalore Institute of Technology,Information Science,GM,6492,SAMPLE_DATA_NOT_REAL,99
2023,1,E010,Bangalore Institute of Technology,Information Science,GM,5039,SAMPLE_DATA_NOT_REAL,0
2023,2,E010,Bangalore Institute of Technology,Information Science,GM,5223,SAMPLE_DATA_NOT_REAL,1
2023,Final,E010,Bangalore Institute of Technology,Information Science,GM,6631,SAMPLE_DATA_NOT_REAL,99
2024,1,E010,Bangalore Institute of Technology,Information Science,GM,4163,SAMPLE_DATA_NOT_REAL,0
2024,2,E010,Bangalore Institute of Technology,Information Science,GM,5523,SAMPLE_DATA_NOT_REAL,1
2024,Final,E010,Bangalore Institute of Technology,Information Science,GM,5639,SAMPLE_DATA_NOT_REAL,99
2025,1,E010,Bangalore Institute of Technology,Information Science,GM,4245,SAMPLE_DATA_NOT_REAL,0
2025,2,E010,Bangalore Institute of Technology,Information Science,GM,5331,SAMPLE_DATA_NOT_REAL,1
2025,Final,E010,Bangalore Institute of Technology,Information Science,GM,5769,SAMPLE_DATA_NOT_REAL,99
2021,1,E010,Bangalore Institute of Technology,Information Science,SC,14148,SAMPLE_DATA_NOT_REAL,0
2021,2,E010,Bangalore Institute of Technology,Information Science,SC,17675,SAMPLE_DATA_NOT_REAL,1
2021,Final,E010,Bangalore Institute of Technology,Information Science,SC,22021,SAMPLE_DATA_NOT_REAL,99
2022,1,E010,Bangalore Institute of Technology,Information Science,SC,14815,SAMPLE_DATA_NOT_REAL,0
2022,2,E010,Bangalore Institute of Technology,Information Science,SC,15725,SAMPLE_DATA_NOT_REAL,1
2022,Final,E010,Bangalore Institute of Technology,Information Science,SC,20401,SAMPLE_DATA_NOT_REAL,99
2023,1,E010,Bangalore Institute of Technology,Information Science,SC,14490,SAMPLE_DATA_NOT_REAL,0
2023,2,E010,Bangalore Institute of Technology,Information Science,SC,16563,SAMPLE_DATA_NOT_REAL,1
2023,Final,E010,Bangalore Institute of Technology,Information Science,SC,19247,SAMPLE_DATA_NOT_REAL,99
2024,1,E010,Bangalore Institute of Technology,Information Science,SC,14209,SAMPLE_DATA_NOT_REAL,0
2024,2,E010,Bangalore Institute of Technology,Information Science,SC,15438,SAMPLE_DATA_NOT_REAL,1
2024,Final,E010,Bangalore Institute of Technology,Information Science,SC,19279,SAMPLE_DATA_NOT_REAL,99
2025,1,E010,Bangalore Institute of Technology,Information Science,SC,12580,SAMPLE_DATA_NOT_REAL,0
2025,2,E010,Bangalore Institute of Technology,Information Science,SC,14595,SAMPLE_DATA_NOT_REAL,1
2025,Final,E010,Bangalore Institute of Technology,Information Science,SC,17158,SAMPLE_DATA_NOT_REAL,99
2021,1,E010,Bangalore Institute of Technology,Information Science,ST,20062,SAMPLE_DATA_NOT_REAL,0
2021,2,E010,Bangalore Institute of Technology,Information Science,ST,24392,SAMPLE_DATA_NOT_REAL,1
2021,Final,E010,Bangalore Institute of Technology,Information Science,ST,25591,SAMPLE_DATA_NOT_REAL,99
2022,1,E010,Bangalore Institute of Technology,Information Science,ST,18061,SAMPLE_DATA_NOT_REAL,0
2022,2,E010,Bangalore Institute of Technology,Information Science,ST,23247,SAMPLE_DATA_NOT_REAL,1
2022,Final,E010,Bangalore Institute of Technology,Information Science,ST,25472,SAMPLE_DATA_NOT_REAL,99
2023,1,E010,Bangalore Institute of Technology,Information Science,ST,19631,SAMPLE_DATA_NOT_REAL,0
2023,2,E010,Bangalore Institute of Technology,Information Science,ST,21877,SAMPLE_DATA_NOT_REAL,1
2023,Final,E010,Bangalore Institute of Technology,Information Science,ST,24298,SAMPLE_DATA_NOT_REAL,99
2024,1,E010,Bangalore Institute of Technology,Information Science,ST,17366,SAMPLE_DATA_NOT_REAL,0
2024,2,E010,Bangalore Institute of Technology,Information Science,ST,19410,SAMPLE_DATA_NOT_REAL,1
2024,Final,E010,Bangalore Institute of Technology,Information Science,ST,25223,SAMPLE_DATA_NOT_REAL,99
2025,1,E010,Bangalore Institute of Technology,Information Science,ST,17990,SAMPLE_DATA_NOT_REAL,0
2025,2,E010,Bangalore Institute of Technology,Information Science,ST,20201,SAMPLE_DATA_NOT_REAL,1
2025,Final,E010,Bangalore Institute of Technology,Information Science,ST,21699,SAMPLE_DATA_NOT_REAL,99
2021,1,E010,Bangalore Institute of Technology,Mechanical,1G,4819,SAMPLE_DATA_NOT_REAL,0
2021,2,E010,Bangalore Institute of Technology,Mechanical,1G,5722,SAMPLE_DATA_NOT_REAL,1
2021,Final,E010,Bangalore Institute of Technology,Mechanical,1G,6304,SAMPLE_DATA_NOT_REAL,99
2022,1,E010,Bangalore Institute of Technology,Mechanical,1G,4228,SAMPLE_DATA_NOT_REAL,0
2022,2,E010,Bangalore Institute of Technology,Mechanical,1G,5284,SAMPLE_DATA_NOT_REAL,1
2022,Final,E010,Bangalore Institute of Technology,Mechanical,1G,5816,SAMPLE_DATA_NOT_REAL,99
2023,1,E010,Bangalore Institute of Technology,Mechanical,1G,4241,SAMPLE_DATA_NOT_REAL,0
2023,2,E010,Bangalore Institute of Technology,Mechanical,1G,4802,SAMPLE_DATA_NOT_REAL,1
2023,Final,E010,Bangalore Institute of Technology,Mechanical,1G,5429,SAMPLE_DATA_NOT_REAL,99
2024,1,E010,Bangalore Institute of Technology,Mechanical,1G,4275,SAMPLE_DATA_NOT_REAL,0
2024,2,E010,Bangalore Institute of Technology,Mechanical,1G,4722,SAMPLE_DATA_NOT_REAL,1
2024,Final,E010,Bangalore Institute of Technology,Mechanical,1G,5136,SAMPLE_DATA_NOT_REAL,99
2025,1,E010,Bangalore Institute of Technology,Mechanical,1G,4114,SAMPLE_DATA_NOT_REAL,0
2025,2,E010,Bangalore Institute of Technology,Mechanical,1G,4422,SAMPLE_DATA_NOT_REAL,1
2025,Final,E010,Bangalore Institute of Technology,Mechanical,1G,5615,SAMPLE_DATA_NOT_REAL,99
2021,1,E010,Bangalore Institute of Technology,Mechanical,2A,6208,SAMPLE_DATA_NOT_REAL,0
2021,2,E010,Bangalore Institute of Technology,Mechanical,2A,6303,SAMPLE_DATA_NOT_REAL,1
2021,Final,E010,Bangalore Institute of Technology,Mechanical,2A,7481,SAMPLE_DATA_NOT_REAL,99
2022,1,E010,Bangalore Institute of Technology,Mechanical,2A,5684,SAMPLE_DATA_NOT_REAL,0
2022,2,E010,Bangalore Institute of Technology,Mechanical,2A,6718,SAMPLE_DATA_NOT_REAL,1
2022,Final,E010,Bangalore Institute of Technology,Mechanical,2A,8211,SAMPLE_DATA_NOT_REAL,99
2023,1,E010,Bangalore Institute of Technology,Mechanical,2A,5287,SAMPLE_DATA_NOT_REAL,0
2023,2,E010,Bangalore Institute of Technology,Mechanical,2A,6335,SAMPLE_DATA_NOT_REAL,1
2023,Final,E010,Bangalore Institute of Technology,Mechanical,2A,6975,SAMPLE_DATA_NOT_REAL,99
2024,1,E010,Bangalore Institute of Technology,Mechanical,2A,4997,SAMPLE_DATA_NOT_REAL,0
2024,2,E010,Bangalore Institute of Technology,Mechanical,2A,5705,SAMPLE_DATA_NOT_REAL,1
2024,Final,E010,Bangalore Institute of Technology,Mechanical,2A,7201,SAMPLE_DATA_NOT_REAL,99
2025,1,E010,Bangalore Institute of Technology,Mechanical,2A,5179,SAMPLE_DATA_NOT_REAL,0
2025,2,E010,Bangalore Institute of Technology,Mechanical,2A,5374,SAMPLE_DATA_NOT_REAL,1
2025,Final,E010,Bangalore Institute of Technology,Mechanical,2A,7198,SAMPLE_DATA_NOT_REAL,99
2021,1,E010,Bangalore Institute of Technology,Mechanical,2B,6471,SAMPLE_DATA_NOT_REAL,0
2021,2,E010,Bangalore Institute of Technology,Mechanical,2B,7722,SAMPLE_DATA_NOT_REAL,1
2021,Final,E010,Bangalore Institute of Technology,Mechanical,2B,8809,SAMPLE_DATA_NOT_REAL,99
2022,1,E010,Bangalore Institute of Technology,Mechanical,2B,6794,SAMPLE_DATA_NOT_REAL,0
2022,2,E010,Bangalore Institute of Technology,Mechanical,2B,7038,SAMPLE_DATA_NOT_REAL,1
2022,Final,E010,Bangalore Institute of Technology,Mechanical,2B,8931,SAMPLE_DATA_NOT_REAL,99
2023,1,E010,Bangalore Institute of Technology,Mechanical,2B,5800,SAMPLE_DATA_NOT_REAL,0
2023,2,E010,Bangalore Institute of Technology,Mechanical,2B,7673,SAMPLE_DATA_NOT_REAL,1
2023,Final,E010,Bangalore Institute of Technology,Mechanical,2B,7755,SAMPLE_DATA_NOT_REAL,99
2024,1,E010,Bangalore Institute of Technology,Mechanical,2B,5904,SAMPLE_DATA_NOT_REAL,0
2024,2,E010,Bangalore Institute of Technology,Mechanical,2B,6655,SAMPLE_DATA_NOT_REAL,1
2024,Final,E010,Bangalore Institute of Technology,Mechanical,2B,8215,SAMPLE_DATA_NOT_REAL,99
2025,1,E010,Bangalore Institute of Technology,Mechanical,2B,5880,SAMPLE_DATA_NOT_REAL,0
2025,2,E010,Bangalore Institute of Technology,Mechanical,2B,6942,SAMPLE_DATA_NOT_REAL,1
2025,Final,E010,Bangalore Institute of Technology,Mechanical,2B,8015,SAMPLE_DATA_NOT_REAL,99
2021,1,E010,Bangalore Institute of Technology,Mechanical,3A,6680,SAMPLE_DATA_NOT_REAL,0
2021,2,E010,Bangalore Institute of Technology,Mechanical,3A,8103,SAMPLE_DATA_NOT_REAL,1
2021,Final,E010,Bangalore Institute of Technology,Mechanical,3A,9716,SAMPLE_DATA_NOT_REAL,99
2022,1,E010,Bangalore Institute of Technology,Mechanical,3A,6617,SAMPLE_DATA_NOT_REAL,0
2022,2,E010,Bangalore Institute of Technology,Mechanical,3A,8476,SAMPLE_DATA_NOT_REAL,1
2022,Final,E010,Bangalore Institute of Technology,Mechanical,3A,9165,SAMPLE_DATA_NOT_REAL,99
2023,1,E010,Bangalore Institute of Technology,Mechanical,3A,6127,SAMPLE_DATA_NOT_REAL,0
2023,2,E010,Bangalore Institute of Technology,Mechanical,3A,7483,SAMPLE_DATA_NOT_REAL,1
2023,Final,E010,Bangalore Institute of Technology,Mechanical,3A,9284,SAMPLE_DATA_NOT_REAL,99
2024,1,E010,Bangalore Institute of Technology,Mechanical,3A,6473,SAMPLE_DATA_NOT_REAL,0
2024,2,E010,Bangalore Institute of Technology,Mechanical,3A,7406,SAMPLE_DATA_NOT_REAL,1
2024,Final,E010,Bangalore Institute of Technology,Mechanical,3A,8948,SAMPLE_DATA_NOT_REAL,99
2025,1,E010,Bangalore Institute of Technology,Mechanical,3A,6289,SAMPLE_DATA_NOT_REAL,0
2025,2,E010,Bangalore Institute of Technology,Mechanical,3A,7007,SAMPLE_DATA_NOT_REAL,1
2025,Final,E010,Bangalore Institute of Technology,Mechanical,3A,7938,SAMPLE_DATA_NOT_REAL,99
2021,1,E010,Bangalore Institute of Technology,Mechanical,3B,6997,SAMPLE_DATA_NOT_REAL,0
2021,2,E010,Bangalore Institute of Technology,Mechanical,3B,8976,SAMPLE_DATA_NOT_REAL,1
2021,Final,E010,Bangalore Institute of Technology,Mechanical,3B,10237,SAMPLE_DATA_NOT_REAL,99
2022,1,E010,Bangalore Institute of Technology,Mechanical,3B,7157,SAMPLE_DATA_NOT_REAL,0
2022,2,E010,Bangalore Institute of Technology,Mechanical,3B,8399,SAMPLE_DATA_NOT_REAL,1
2022,Final,E010,Bangalore Institute of Technology,Mechanical,3B,9629,SAMPLE_DATA_NOT_REAL,99
2023,1,E010,Bangalore Institute of Technology,Mechanical,3B,7314,SAMPLE_DATA_NOT_REAL,0
2023,2,E010,Bangalore Institute of Technology,Mechanical,3B,7627,SAMPLE_DATA_NOT_REAL,1
2023,Final,E010,Bangalore Institute of Technology,Mechanical,3B,8699,SAMPLE_DATA_NOT_REAL,99
2024,1,E010,Bangalore Institute of Technology,Mechanical,3B,6396,SAMPLE_DATA_NOT_REAL,0
2024,2,E010,Bangalore Institute of Technology,Mechanical,3B,8259,SAMPLE_DATA_NOT_REAL,1
2024,Final,E010,Bangalore Institute of Technology,Mechanical,3B,8526,SAMPLE_DATA_NOT_REAL,99
2025,1,E010,Bangalore Institute of Technology,Mechanical,3B,6458,SAMPLE_DATA_NOT_REAL,0
2025,2,E010,Bangalore Institute of Technology,Mechanical,3B,7574,SAMPLE_DATA_NOT_REAL,1
2025,Final,E010,Bangalore Institute of Technology,Mechanical,3B,8267,SAMPLE_DATA_NOT_REAL,99
2021,1,E010,Bangalore Institute of Technology,Mechanical,CAT1,5343,SAMPLE_DATA_NOT_REAL,0
2021,2,E010,Bangalore Institute of Technology,Mechanical,CAT1,5866,SAMPLE_DATA_NOT_REAL,1
2021,Final,E010,Bangalore Institute of Technology,Mechanical,CAT1,6981,SAMPLE_DATA_NOT_REAL,99
2022,1,E010,Bangalore Institute of Technology,Mechanical,CAT1,5310,SAMPLE_DATA_NOT_REAL,0
2022,2,E010,Bangalore Institute of Technology,Mechanical,CAT1,5722,SAMPLE_DATA_NOT_REAL,1
2022,Final,E010,Bangalore Institute of Technology,Mechanical,CAT1,7057,SAMPLE_DATA_NOT_REAL,99
2023,1,E010,Bangalore Institute of Technology,Mechanical,CAT1,4825,SAMPLE_DATA_NOT_REAL,0
2023,2,E010,Bangalore Institute of Technology,Mechanical,CAT1,5952,SAMPLE_DATA_NOT_REAL,1
2023,Final,E010,Bangalore Institute of Technology,Mechanical,CAT1,7075,SAMPLE_DATA_NOT_REAL,99
2024,1,E010,Bangalore Institute of Technology,Mechanical,CAT1,4954,SAMPLE_DATA_NOT_REAL,0
2024,2,E010,Bangalore Institute of Technology,Mechanical,CAT1,5256,SAMPLE_DATA_NOT_REAL,1
2024,Final,E010,Bangalore Institute of Technology,Mechanical,CAT1,6344,SAMPLE_DATA_NOT_REAL,99
2025,1,E010,Bangalore Institute of Technology,Mechanical,CAT1,4711,SAMPLE_DATA_NOT_REAL,0
2025,2,E010,Bangalore Institute of Technology,Mechanical,CAT1,5003,SAMPLE_DATA_NOT_REAL,1
2025,Final,E010,Bangalore Institute of Technology,Mechanical,CAT1,6349,SAMPLE_DATA_NOT_REAL,99
2021,1,E010,Bangalore Institute of Technology,Mechanical,GM,4130,SAMPLE_DATA_NOT_REAL,0
2021,2,E010,Bangalore Institute of Technology,Mechanical,GM,4810,SAMPLE_DATA_NOT_REAL,1
2021,Final,E010,Bangalore Institute of Technology,Mechanical,GM,5808,SAMPLE_DATA_NOT_REAL,99
2022,1,E010,Bangalore Institute of Technology,Mechanical,GM,3815,SAMPLE_DATA_NOT_REAL,0
2022,2,E010,Bangalore Institute of Technology,Mechanical,GM,4366,SAMPLE_DATA_NOT_REAL,1
2022,Final,E010,Bangalore Institute of Technology,Mechanical,GM,5724,SAMPLE_DATA_NOT_REAL,99
2023,1,E010,Bangalore Institute of Technology,Mechanical,GM,3666,SAMPLE_DATA_NOT_REAL,0
2023,2,E010,Bangalore Institute of Technology,Mechanical,GM,4722,SAMPLE_DATA_NOT_REAL,1
2023,Final,E010,Bangalore Institute of Technology,Mechanical,GM,5232,SAMPLE_DATA_NOT_REAL,99
2024,1,E010,Bangalore Institute of Technology,Mechanical,GM,4020,SAMPLE_DATA_NOT_REAL,0
2024,2,E010,Bangalore Institute of Technology,Mechanical,GM,4002,SAMPLE_DATA_NOT_REAL,1
2024,Final,E010,Bangalore Institute of Technology,Mechanical,GM,4649,SAMPLE_DATA_NOT_REAL,99
2025,1,E010,Bangalore Institute of Technology,Mechanical,GM,3453,SAMPLE_DATA_NOT_REAL,0
2025,2,E010,Bangalore Institute of Technology,Mechanical,GM,4209,SAMPLE_DATA_NOT_REAL,1
2025,Final,E010,Bangalore Institute of Technology,Mechanical,GM,5205,SAMPLE_DATA_NOT_REAL,99
2021,1,E010,Bangalore Institute of Technology,Mechanical,SC,12713,SAMPLE_DATA_NOT_REAL,0
2021,2,E010,Bangalore Institute of Technology,Mechanical,SC,14505,SAMPLE_DATA_NOT_REAL,1
2021,Final,E010,Bangalore Institute of Technology,Mechanical,SC,16150,SAMPLE_DATA_NOT_REAL,99
2022,1,E010,Bangalore Institute of Technology,Mechanical,SC,11881,SAMPLE_DATA_NOT_REAL,0
2022,2,E010,Bangalore Institute of Technology,Mechanical,SC,14578,SAMPLE_DATA_NOT_REAL,1
2022,Final,E010,Bangalore Institute of Technology,Mechanical,SC,15976,SAMPLE_DATA_NOT_REAL,99
2023,1,E010,Bangalore Institute of Technology,Mechanical,SC,11751,SAMPLE_DATA_NOT_REAL,0
2023,2,E010,Bangalore Institute of Technology,Mechanical,SC,12367,SAMPLE_DATA_NOT_REAL,1
2023,Final,E010,Bangalore Institute of Technology,Mechanical,SC,15139,SAMPLE_DATA_NOT_REAL,99
2024,1,E010,Bangalore Institute of Technology,Mechanical,SC,11596,SAMPLE_DATA_NOT_REAL,0
2024,2,E010,Bangalore Institute of Technology,Mechanical,SC,13693,SAMPLE_DATA_NOT_REAL,1
2024,Final,E010,Bangalore Institute of Technology,Mechanical,SC,14849,SAMPLE_DATA_NOT_REAL,99
2025,1,E010,Bangalore Institute of Technology,Mechanical,SC,10297,SAMPLE_DATA_NOT_REAL,0
2025,2,E010,Bangalore Institute of Technology,Mechanical,SC,12904,SAMPLE_DATA_NOT_REAL,1
2025,Final,E010,Bangalore Institute of Technology,Mechanical,SC,13658,SAMPLE_DATA_NOT_REAL,99
2021,1,E010,Bangalore Institute of Technology,Mechanical,ST,18191,SAMPLE_DATA_NOT_REAL,0
2021,2,E010,Bangalore Institute of Technology,Mechanical,ST,20640,SAMPLE_DATA_NOT_REAL,1
2021,Final,E010,Bangalore Institute of Technology,Mechanical,ST,24346,SAMPLE_DATA_NOT_REAL,99
2022,1,E010,Bangalore Institute of Technology,Mechanical,ST,15927,SAMPLE_DATA_NOT_REAL,0
2022,2,E010,Bangalore Institute of Technology,Mechanical,ST,19253,SAMPLE_DATA_NOT_REAL,1
2022,Final,E010,Bangalore Institute of Technology,Mechanical,ST,20964,SAMPLE_DATA_NOT_REAL,99
2023,1,E010,Bangalore Institute of Technology,Mechanical,ST,15710,SAMPLE_DATA_NOT_REAL,0
2023,2,E010,Bangalore Institute of Technology,Mechanical,ST,18503,SAMPLE_DATA_NOT_REAL,1
2023,Final,E010,Bangalore Institute of Technology,Mechanical,ST,20665,SAMPLE_DATA_NOT_REAL,99
2024,1,E010,Bangalore Institute of Technology,Mechanical,ST,14533,SAMPLE_DATA_NOT_REAL,0
2024,2,E010,Bangalore Institute of Technology,Mechanical,ST,16757,SAMPLE_DATA_NOT_REAL,1
2024,Final,E010,Bangalore Institute of Technology,Mechanical,ST,20531,SAMPLE_DATA_NOT_REAL,99
2025,1,E010,Bangalore Institute of Technology,Mechanical,ST,13912,SAMPLE_DATA_NOT_REAL,0
2025,2,E010,Bangalore Institute of Technology,Mechanical,ST,17575,SAMPLE_DATA_NOT_REAL,1
2025,Final,E010,Bangalore Institute of Technology,Mechanical,ST,19376,SAMPLE_DATA_NOT_REAL,99
2021,1,E006,Dayananda Sagar College of Engineering,Civil,1G,4356,SAMPLE_DATA_NOT_REAL,0
2021,2,E006,Dayananda Sagar College of Engineering,Civil,1G,4570,SAMPLE_DATA_NOT_REAL,1
2021,Final,E006,Dayananda Sagar College of Engineering,Civil,1G,5701,SAMPLE_DATA_NOT_REAL,99
2022,1,E006,Dayananda Sagar College of Engineering,Civil,1G,4071,SAMPLE_DATA_NOT_REAL,0
2022,2,E006,Dayananda Sagar College of Engineering,Civil,1G,4719,SAMPLE_DATA_NOT_REAL,1
2022,Final,E006,Dayananda Sagar College of Engineering,Civil,1G,5152,SAMPLE_DATA_NOT_REAL,99
2023,1,E006,Dayananda Sagar College of Engineering,Civil,1G,3904,SAMPLE_DATA_NOT_REAL,0
2023,2,E006,Dayananda Sagar College of Engineering,Civil,1G,4562,SAMPLE_DATA_NOT_REAL,1
2023,Final,E006,Dayananda Sagar College of Engineering,Civil,1G,5171,SAMPLE_DATA_NOT_REAL,99
2024,1,E006,Dayananda Sagar College of Engineering,Civil,1G,3832,SAMPLE_DATA_NOT_REAL,0
2024,2,E006,Dayananda Sagar College of Engineering,Civil,1G,4323,SAMPLE_DATA_NOT_REAL,1
2024,Final,E006,Dayananda Sagar College of Engineering,Civil,1G,4550,SAMPLE_DATA_NOT_REAL,99
2025,1,E006,Dayananda Sagar College of Engineering,Civil,1G,3361,SAMPLE_DATA_NOT_REAL,0
2025,2,E006,Dayananda Sagar College of Engineering,Civil,1G,4187,SAMPLE_DATA_NOT_REAL,1
2025,Final,E006,Dayananda Sagar College of Engineering,Civil,1G,5019,SAMPLE_DATA_NOT_REAL,99
2021,1,E006,Dayananda Sagar College of Engineering,Civil,2A,5458,SAMPLE_DATA_NOT_REAL,0
2021,2,E006,Dayananda Sagar College of Engineering,Civil,2A,6202,SAMPLE_DATA_NOT_REAL,1
2021,Final,E006,Dayananda Sagar College of Engineering,Civil,2A,6628,SAMPLE_DATA_NOT_REAL,99
2022,1,E006,Dayananda Sagar College of Engineering,Civil,2A,4919,SAMPLE_DATA_NOT_REAL,0
2022,2,E006,Dayananda Sagar College of Engineering,Civil,2A,5511,SAMPLE_DATA_NOT_REAL,1
2022,Final,E006,Dayananda Sagar College of Engineering,Civil,2A,7241,SAMPLE_DATA_NOT_REAL,99
2023,1,E006,Dayananda Sagar College of Engineering,Civil,2A,4973,SAMPLE_DATA_NOT_REAL,0
2023,2,E006,Dayananda Sagar College of Engineering,Civil,2A,5647,SAMPLE_DATA_NOT_REAL,1
2023,Final,E006,Dayananda Sagar College of Engineering,Civil,2A,6276,SAMPLE_DATA_NOT_REAL,99
2024,1,E006,Dayananda Sagar College of Engineering,Civil,2A,4696,SAMPLE_DATA_NOT_REAL,0
2024,2,E006,Dayananda Sagar College of Engineering,Civil,2A,5087,SAMPLE_DATA_NOT_REAL,1
2024,Final,E006,Dayananda Sagar College of Engineering,Civil,2A,6029,SAMPLE_DATA_NOT_REAL,99
2025,1,E006,Dayananda Sagar College of Engineering,Civil,2A,4417,SAMPLE_DATA_NOT_REAL,0
2025,2,E006,Dayananda Sagar College of Engineering,Civil,2A,5451,SAMPLE_DATA_NOT_REAL,1
2025,Final,E006,Dayananda Sagar College of Engineering,Civil,2A,5723,SAMPLE_DATA_NOT_REAL,99
2021,1,E006,Dayananda Sagar College of Engineering,Civil,2B,6299,SAMPLE_DATA_NOT_REAL,0
2021,2,E006,Dayananda Sagar College of Engineering,Civil,2B,7133,SAMPLE_DATA_NOT_REAL,1
2021,Final,E006,Dayananda Sagar College of Engineering,Civil,2B,8304,SAMPLE_DATA_NOT_REAL,99
2022,1,E006,Dayananda Sagar College of Engineering,Civil,2B,6006,SAMPLE_DATA_NOT_REAL,0
2022,2,E006,Dayananda Sagar College of Engineering,Civil,2B,6901,SAMPLE_DATA_NOT_REAL,1
2022,Final,E006,Dayananda Sagar College of Engineering,Civil,2B,7192,SAMPLE_DATA_NOT_REAL,99
2023,1,E006,Dayananda Sagar College of Engineering,Civil,2B,5143,SAMPLE_DATA_NOT_REAL,0
2023,2,E006,Dayananda Sagar College of Engineering,Civil,2B,6250,SAMPLE_DATA_NOT_REAL,1
2023,Final,E006,Dayananda Sagar College of Engineering,Civil,2B,7683,SAMPLE_DATA_NOT_REAL,99
2024,1,E006,Dayananda Sagar College of Engineering,Civil,2B,5617,SAMPLE_DATA_NOT_REAL,0
2024,2,E006,Dayananda Sagar College of Engineering,Civil,2B,5892,SAMPLE_DATA_NOT_REAL,1
2024,Final,E006,Dayananda Sagar College of Engineering,Civil,2B,6928,SAMPLE_DATA_NOT_REAL,99
2025,1,E006,Dayananda Sagar College of Engineering,Civil,2B,5047,SAMPLE_DATA_NOT_REAL,0
2025,2,E006,Dayananda Sagar College of Engineering,Civil,2B,6073,SAMPLE_DATA_NOT_REAL,1
2025,Final,E006,Dayananda Sagar College of Engineering,Civil,2B,6367,SAMPLE_DATA_NOT_REAL,99
2021,1,E006,Dayananda Sagar College of Engineering,Civil,3A,6731,SAMPLE_DATA_NOT_REAL,0
2021,2,E006,Dayananda Sagar College of Engineering,Civil,3A,7710,SAMPLE_DATA_NOT_REAL,1
2021,Final,E006,Dayananda Sagar College of Engineering,Civil,3A,8472,SAMPLE_DATA_NOT_REAL,99
2022,1,E006,Dayananda Sagar College of Engineering,Civil,3A,6313,SAMPLE_DATA_NOT_REAL,0
2022,2,E006,Dayananda Sagar College of Engineering,Civil,3A,7084,SAMPLE_DATA_NOT_REAL,1
2022,Final,E006,Dayananda Sagar College of Engineering,Civil,3A,7767,SAMPLE_DATA_NOT_REAL,99
2023,1,E006,Dayananda Sagar College of Engineering,Civil,3A,5935,SAMPLE_DATA_NOT_REAL,0
2023,2,E006,Dayananda Sagar College of Engineering,Civil,3A,6386,SAMPLE_DATA_NOT_REAL,1
2023,Final,E006,Dayananda Sagar College of Engineering,Civil,3A,7968,SAMPLE_DATA_NOT_REAL,99
2024,1,E006,Dayananda Sagar College of Engineering,Civil,3A,5501,SAMPLE_DATA_NOT_REAL,0
2024,2,E006,Dayananda Sagar College of Engineering,Civil,3A,6520,SAMPLE_DATA_NOT_REAL,1
2024,Final,E006,Dayananda Sagar College of Engineering,Civil,3A,6977,SAMPLE_DATA_NOT_REAL,99
2025,1,E006,Dayananda Sagar College of Engineering,Civil,3A,5452,SAMPLE_DATA_NOT_REAL,0
2025,2,E006,Dayananda Sagar College of Engineering,Civil,3A,6299,SAMPLE_DATA_NOT_REAL,1
2025,Final,E006,Dayananda Sagar College of Engineering,Civil,3A,7516,SAMPLE_DATA_NOT_REAL,99
2021,1,E006,Dayananda Sagar College of Engineering,Civil,3B,6389,SAMPLE_DATA_NOT_REAL,0
2021,2,E006,Dayananda Sagar College of Engineering,Civil,3B,7132,SAMPLE_DATA_NOT_REAL,1
2021,Final,E006,Dayananda Sagar College of Engineering,Civil,3B,8329,SAMPLE_DATA_NOT_REAL,99
2022,1,E006,Dayananda Sagar College of Engineering,Civil,3B,6512,SAMPLE_DATA_NOT_REAL,0
2022,2,E006,Dayananda Sagar College of Engineering,Civil,3B,7220,SAMPLE_DATA_NOT_REAL,1
2022,Final,E006,Dayananda Sagar College of Engineering,Civil,3B,8510,SAMPLE_DATA_NOT_REAL,99
2023,1,E006,Dayananda Sagar College of Engineering,Civil,3B,5866,SAMPLE_DATA_NOT_REAL,0
2023,2,E006,Dayananda Sagar College of Engineering,Civil,3B,7279,SAMPLE_DATA_NOT_REAL,1
2023,Final,E006,Dayananda Sagar College of Engineering,Civil,3B,7773,SAMPLE_DATA_NOT_REAL,99
2024,1,E006,Dayananda Sagar College of Engineering,Civil,3B,6117,SAMPLE_DATA_NOT_REAL,0
2024,2,E006,Dayananda Sagar College of Engineering,Civil,3B,7244,SAMPLE_DATA_NOT_REAL,1
2024,Final,E006,Dayananda Sagar College of Engineering,Civil,3B,7779,SAMPLE_DATA_NOT_REAL,99
2025,1,E006,Dayananda Sagar College of Engineering,Civil,3B,5792,SAMPLE_DATA_NOT_REAL,0
2025,2,E006,Dayananda Sagar College of Engineering,Civil,3B,6820,SAMPLE_DATA_NOT_REAL,1
2025,Final,E006,Dayananda Sagar College of Engineering,Civil,3B,7450,SAMPLE_DATA_NOT_REAL,99
2021,1,E006,Dayananda Sagar College of Engineering,Civil,CAT1,5055,SAMPLE_DATA_NOT_REAL,0
2021,2,E006,Dayananda Sagar College of Engineering,Civil,CAT1,5939,SAMPLE_DATA_NOT_REAL,1
2021,Final,E006,Dayananda Sagar College of Engineering,Civil,CAT1,6882,SAMPLE_DATA_NOT_REAL,99
2022,1,E006,Dayananda Sagar College of Engineering,Civil,CAT1,4321,SAMPLE_DATA_NOT_REAL,0
2022,2,E006,Dayananda Sagar College of Engineering,Civil,CAT1,5056,SAMPLE_DATA_NOT_REAL,1
2022,Final,E006,Dayananda Sagar College of Engineering,Civil,CAT1,6670,SAMPLE_DATA_NOT_REAL,99
2023,1,E006,Dayananda Sagar College of Engineering,Civil,CAT1,4429,SAMPLE_DATA_NOT_REAL,0
2023,2,E006,Dayananda Sagar College of Engineering,Civil,CAT1,4745,SAMPLE_DATA_NOT_REAL,1
2023,Final,E006,Dayananda Sagar College of Engineering,Civil,CAT1,5874,SAMPLE_DATA_NOT_REAL,99
2024,1,E006,Dayananda Sagar College of Engineering,Civil,CAT1,4543,SAMPLE_DATA_NOT_REAL,0
2024,2,E006,Dayananda Sagar College of Engineering,Civil,CAT1,4981,SAMPLE_DATA_NOT_REAL,1
2024,Final,E006,Dayananda Sagar College of Engineering,Civil,CAT1,5842,SAMPLE_DATA_NOT_REAL,99
2025,1,E006,Dayananda Sagar College of Engineering,Civil,CAT1,4102,SAMPLE_DATA_NOT_REAL,0
2025,2,E006,Dayananda Sagar College of Engineering,Civil,CAT1,4413,SAMPLE_DATA_NOT_REAL,1
2025,Final,E006,Dayananda Sagar College of Engineering,Civil,CAT1,5261,SAMPLE_DATA_NOT_REAL,99
2021,1,E006,Dayananda Sagar College of Engineering,Civil,GM,3608,SAMPLE_DATA_NOT_REAL,0
2021,2,E006,Dayananda Sagar College of Engineering,Civil,GM,4198,SAMPLE_DATA_NOT_REAL,1
2021,Final,E006,Dayananda Sagar College of Engineering,Civil,GM,5290,SAMPLE_DATA_NOT_REAL,99
2022,1,E006,Dayananda Sagar College of Engineering,Civil,GM,3749,SAMPLE_DATA_NOT_REAL,0
2022,2,E006,Dayananda Sagar College of Engineering,Civil,GM,4434,SAMPLE_DATA_NOT_REAL,1
2022,Final,E006,Dayananda Sagar College of Engineering,Civil,GM,4665,SAMPLE_DATA_NOT_REAL,99
2023,1,E006,Dayananda Sagar College of Engineering,Civil,GM,3233,SAMPLE_DATA_NOT_REAL,0
2023,2,E006,Dayananda Sagar College of Engineering,Civil,GM,4226,SAMPLE_DATA_NOT_REAL,1
2023,Final,E006,Dayananda Sagar College of Engineering,Civil,GM,4933,SAMPLE_DATA_NOT_REAL,99
2024,1,E006,Dayananda Sagar College of Engineering,Civil,GM,3147,SAMPLE_DATA_NOT_REAL,0
2024,2,E006,Dayananda Sagar College of Engineering,Civil,GM,3926,SAMPLE_DATA_NOT_REAL,1
2024,Final,E006,Dayananda Sagar College of Engineering,Civil,GM,4737,SAMPLE_DATA_NOT_REAL,99
2025,1,E006,Dayananda Sagar College of Engineering,Civil,GM,3189,SAMPLE_DATA_NOT_REAL,0
2025,2,E006,Dayananda Sagar College of Engineering,Civil,GM,3539,SAMPLE_DATA_NOT_REAL,1
2025,Final,E006,Dayananda Sagar College of Engineering,Civil,GM,4494,SAMPLE_DATA_NOT_REAL,99
2021,1,E006,Dayananda Sagar College of Engineering,Civil,SC,10719,SAMPLE_DATA_NOT_REAL,0
2021,2,E006,Dayananda Sagar College of Engineering,Civil,SC,11954,SAMPLE_DATA_NOT_REAL,1
2021,Final,E006,Dayananda Sagar College of Engineering,Civil,SC,14059,SAMPLE_DATA_NOT_REAL,99
2022,1,E006,Dayananda Sagar College of Engineering,Civil,SC,9939,SAMPLE_DATA_NOT_REAL,0
2022,2,E006,Dayananda Sagar College of Engineering,Civil,SC,12743,SAMPLE_DATA_NOT_REAL,1
2022,Final,E006,Dayananda Sagar College of Engineering,Civil,SC,15008,SAMPLE_DATA_NOT_REAL,99
2023,1,E006,Dayananda Sagar College of Engineering,Civil,SC,10999,SAMPLE_DATA_NOT_REAL,0
2023,2,E006,Dayananda Sagar College of Engineering,Civil,SC,12410,SAMPLE_DATA_NOT_REAL,1
2023,Final,E006,Dayananda Sagar College of Engineering,Civil,SC,12905,SAMPLE_DATA_NOT_REAL,99
2024,1,E006,Dayananda Sagar College of Engineering,Civil,SC,10140,SAMPLE_DATA_NOT_REAL,0
2024,2,E006,Dayananda Sagar College of Engineering,Civil,SC,11528,SAMPLE_DATA_NOT_REAL,1
2024,Final,E006,Dayananda Sagar College of Engineering,Civil,SC,13253,SAMPLE_DATA_NOT_REAL,99
2025,1,E006,Dayananda Sagar College of Engineering,Civil,SC,9755,SAMPLE_DATA_NOT_REAL,0
2025,2,E006,Dayananda Sagar College of Engineering,Civil,SC,11125,SAMPLE_DATA_NOT_REAL,1
2025,Final,E006,Dayananda Sagar College of Engineering,Civil,SC,13257,SAMPLE_DATA_NOT_REAL,99
2021,1,E006,Dayananda Sagar College of Engineering,Civil,ST,13942,SAMPLE_DATA_NOT_REAL,0
2021,2,E006,Dayananda Sagar College of Engineering,Civil,ST,17481,SAMPLE_DATA_NOT_REAL,1
2021,Final,E006,Dayananda Sagar College of Engineering,Civil,ST,19314,SAMPLE_DATA_NOT_REAL,99
2022,1,E006,Dayananda Sagar College of Engineering,Civil,ST,13937,SAMPLE_DATA_NOT_REAL,0
2022,2,E006,Dayananda Sagar College of Engineering,Civil,ST,16786,SAMPLE_DATA_NOT_REAL,1
2022,Final,E006,Dayananda Sagar College of Engineering,Civil,ST,19440,SAMPLE_DATA_NOT_REAL,99
2023,1,E006,Dayananda Sagar College of Engineering,Civil,ST,13486,SAMPLE_DATA_NOT_REAL,0
2023,2,E006,Dayananda Sagar College of Engineering,Civil,ST,15239,SAMPLE_DATA_NOT_REAL,1
2023,Final,E006,Dayananda Sagar College of Engineering,Civil,ST,19326,SAMPLE_DATA_NOT_REAL,99
2024,1,E006,Dayananda Sagar College of Engineering,Civil,ST,13781,SAMPLE_DATA_NOT_REAL,0
2024,2,E006,Dayananda Sagar College of Engineering,Civil,ST,14297,SAMPLE_DATA_NOT_REAL,1
2024,Final,E006,Dayananda Sagar College of Engineering,Civil,ST,18816,SAMPLE_DATA_NOT_REAL,99
2025,1,E006,Dayananda Sagar College of Engineering,Civil,ST,13286,SAMPLE_DATA_NOT_REAL,0
2025,2,E006,Dayananda Sagar College of Engineering,Civil,ST,14725,SAMPLE_DATA_NOT_REAL,1
2025,Final,E006,Dayananda Sagar College of Engineering,Civil,ST,16374,SAMPLE_DATA_NOT_REAL,99
2021,1,E006,Dayananda Sagar College of Engineering,Computer Science,1G,5106,SAMPLE_DATA_NOT_REAL,0
2021,2,E006,Dayananda Sagar College of Engineering,Computer Science,1G,5894,SAMPLE_DATA_NOT_REAL,1
2021,Final,E006,Dayananda Sagar College of Engineering,Computer Science,1G,7153,SAMPLE_DATA_NOT_REAL,99
2022,1,E006,Dayananda Sagar College of Engineering,Computer Science,1G,4784,SAMPLE_DATA_NOT_REAL,0
2022,2,E006,Dayananda Sagar College of Engineering,Computer Science,1G,5820,SAMPLE_DATA_NOT_REAL,1
2022,Final,E006,Dayananda Sagar College of Engineering,Computer Science,1G,6532,SAMPLE_DATA_NOT_REAL,99
2023,1,E006,Dayananda Sagar College of Engineering,Computer Science,1G,4565,SAMPLE_DATA_NOT_REAL,0
2023,2,E006,Dayananda Sagar College of Engineering,Computer Science,1G,5640,SAMPLE_DATA_NOT_REAL,1
2023,Final,E006,Dayananda Sagar College of Engineering,Computer Science,1G,6456,SAMPLE_DATA_NOT_REAL,99
2024,1,E006,Dayananda Sagar College of Engineering,Computer Science,1G,4506,SAMPLE_DATA_NOT_REAL,0
2024,2,E006,Dayananda Sagar College of Engineering,Computer Science,1G,5343,SAMPLE_DATA_NOT_REAL,1
2024,Final,E006,Dayananda Sagar College of Engineering,Computer Science,1G,6293,SAMPLE_DATA_NOT_REAL,99
2025,1,E006,Dayananda Sagar College of Engineering,Computer Science,1G,4212,SAMPLE_DATA_NOT_REAL,0
2025,2,E006,Dayananda Sagar College of Engineering,Computer Science,1G,5561,SAMPLE_DATA_NOT_REAL,1
2025,Final,E006,Dayananda Sagar College of Engineering,Computer Science,1G,6459,SAMPLE_DATA_NOT_REAL,99
2021,1,E006,Dayananda Sagar College of Engineering,Computer Science,2A,6890,SAMPLE_DATA_NOT_REAL,0
2021,2,E006,Dayananda Sagar College of Engineering,Computer Science,2A,7337,SAMPLE_DATA_NOT_REAL,1
2021,Final,E006,Dayananda Sagar College of Engineering,Computer Science,2A,9741,SAMPLE_DATA_NOT_REAL,99
2022,1,E006,Dayananda Sagar College of Engineering,Computer Science,2A,6701,SAMPLE_DATA_NOT_REAL,0
2022,2,E006,Dayananda Sagar College of Engineering,Computer Science,2A,7632,SAMPLE_DATA_NOT_REAL,1
2022,Final,E006,Dayananda Sagar College of Engineering,Computer Science,2A,8793,SAMPLE_DATA_NOT_REAL,99
2023,1,E006,Dayananda Sagar College of Engineering,Computer Science,2A,6185,SAMPLE_DATA_NOT_REAL,0
2023,2,E006,Dayananda Sagar College of Engineering,Computer Science,2A,6836,SAMPLE_DATA_NOT_REAL,1
2023,Final,E006,Dayananda Sagar College of Engineering,Computer Science,2A,8656,SAMPLE_DATA_NOT_REAL,99
2024,1,E006,Dayananda Sagar College of Engineering,Computer Science,2A,5698,SAMPLE_DATA_NOT_REAL,0
2024,2,E006,Dayananda Sagar College of Engineering,Computer Science,2A,6814,SAMPLE_DATA_NOT_REAL,1
2024,Final,E006,Dayananda Sagar College of Engineering,Computer Science,2A,7551,SAMPLE_DATA_NOT_REAL,99
2025,1,E006,Dayananda Sagar College of Engineering,Computer Science,2A,5259,SAMPLE_DATA_NOT_REAL,0
2025,2,E006,Dayananda Sagar College of Engineering,Computer Science,2A,6321,SAMPLE_DATA_NOT_REAL,1
2025,Final,E006,Dayananda Sagar College of Engineering,Computer Science,2A,7820,SAMPLE_DATA_NOT_REAL,99
2021,1,E006,Dayananda Sagar College of Engineering,Computer Science,2B,8213,SAMPLE_DATA_NOT_REAL,0
2021,2,E006,Dayananda Sagar College of Engineering,Computer Science,2B,9103,SAMPLE_DATA_NOT_REAL,1
2021,Final,E006,Dayananda Sagar College of Engineering,Computer Science,2B,10885,SAMPLE_DATA_NOT_REAL,99
2022,1,E006,Dayananda Sagar College of Engineering,Computer Science,2B,7491,SAMPLE_DATA_NOT_REAL,0
2022,2,E006,Dayananda Sagar College of Engineering,Computer Science,2B,8357,SAMPLE_DATA_NOT_REAL,1
2022,Final,E006,Dayananda Sagar College of Engineering,Computer Science,2B,10640,SAMPLE_DATA_NOT_REAL,99
2023,1,E006,Dayananda Sagar College of Engineering,Computer Science,2B,7246,SAMPLE_DATA_NOT_REAL,0
2023,2,E006,Dayananda Sagar College of Engineering,Computer Science,2B,7881,SAMPLE_DATA_NOT_REAL,1
2023,Final,E006,Dayananda Sagar College of Engineering,Computer Science,2B,10285,SAMPLE_DATA_NOT_REAL,99
2024,1,E006,Dayananda Sagar College of Engineering,Computer Science,2B,6323,SAMPLE_DATA_NOT_REAL,0
2024,2,E006,Dayananda Sagar College of Engineering,Computer Science,2B,8295,SAMPLE_DATA_NOT_REAL,1
2024,Final,E006,Dayananda Sagar College of Engineering,Computer Science,2B,9482,SAMPLE_DATA_NOT_REAL,99
2025,1,E006,Dayananda Sagar College of Engineering,Computer Science,2B,6113,SAMPLE_DATA_NOT_REAL,0
2025,2,E006,Dayananda Sagar College of Engineering,Computer Science,2B,7711,SAMPLE_DATA_NOT_REAL,1
2025,Final,E006,Dayananda Sagar College of Engineering,Computer Science,2B,9426,SAMPLE_DATA_NOT_REAL,99
2021,1,E006,Dayananda Sagar College of Engineering,Computer Science,3A,7676,SAMPLE_DATA_NOT_REAL,0
2021,2,E006,Dayananda Sagar College of Engineering,Computer Science,3A,9484,SAMPLE_DATA_NOT_REAL,1
2021,Final,E006,Dayananda Sagar College of Engineering,Computer Science,3A,11537,SAMPLE_DATA_NOT_REAL,99
2022,1,E006,Dayananda Sagar College of Engineering,Computer Science,3A,7722,SAMPLE_DATA_NOT_REAL,0
2022,2,E006,Dayananda Sagar College of Engineering,Computer Science,3A,9491,SAMPLE_DATA_NOT_REAL,1
2022,Final,E006,Dayananda Sagar College of Engineering,Computer Science,3A,9959,SAMPLE_DATA_NOT_REAL,99
2023,1,E006,Dayananda Sagar College of Engineering,Computer Science,3A,7036,SAMPLE_DATA_NOT_REAL,0
2023,2,E006,Dayananda Sagar College of Engineering,Computer Science,3A,8426,SAMPLE_DATA_NOT_REAL,1
2023,Final,E006,Dayananda Sagar College of Engineering,Computer Science,3A,10299,SAMPLE_DATA_NOT_REAL,99
2024,1,E006,Dayananda Sagar College of Engineering,Computer Science,3A,7344,SAMPLE_DATA_NOT_REAL,0
2024,2,E006,Dayananda Sagar College of Engineering,Computer Science,3A,7824,SAMPLE_DATA_NOT_REAL,1
2024,Final,E006,Dayananda Sagar College of Engineering,Computer Science,3A,9719,SAMPLE_DATA_NOT_REAL,99
2025,1,E006,Dayananda Sagar College of Engineering,Computer Science,3A,6389,SAMPLE_DATA_NOT_REAL,0
2025,2,E006,Dayananda Sagar College of Engineering,Computer Science,3A,7921,SAMPLE_DATA_NOT_REAL,1
2025,Final,E006,Dayananda Sagar College of Engineering,Computer Science,3A,9706,SAMPLE_DATA_NOT_REAL,99
2021,1,E006,Dayananda Sagar College of Engineering,Computer Science,3B,8102,SAMPLE_DATA_NOT_REAL,0
2021,2,E006,Dayananda Sagar College of Engineering,Computer Science,3B,9505,SAMPLE_DATA_NOT_REAL,1
2021,Final,E006,Dayananda Sagar College of Engineering,Computer Science,3B,10980,SAMPLE_DATA_NOT_REAL,99
2022,1,E006,Dayananda Sagar College of Engineering,Computer Science,3B,8353,SAMPLE_DATA_NOT_REAL,0
2022,2,E006,Dayananda Sagar College of Engineering,Computer Science,3B,9513,SAMPLE_DATA_NOT_REAL,1
2022,Final,E006,Dayananda Sagar College of Engineering,Computer Science,3B,11627,SAMPLE_DATA_NOT_REAL,99
2023,1,E006,Dayananda Sagar College of Engineering,Computer Science,3B,7844,SAMPLE_DATA_NOT_REAL,0
2023,2,E006,Dayananda Sagar College of Engineering,Computer Science,3B,9450,SAMPLE_DATA_NOT_REAL,1
2023,Final,E006,Dayananda Sagar College of Engineering,Computer Science,3B,10771,SAMPLE_DATA_NOT_REAL,99
2024,1,E006,Dayananda Sagar College of Engineering,Computer Science,3B,7441,SAMPLE_DATA_NOT_REAL,0
2024,2,E006,Dayananda Sagar College of Engineering,Computer Science,3B,9385,SAMPLE_DATA_NOT_REAL,1
2024,Final,E006,Dayananda Sagar College of Engineering,Computer Science,3B,9667,SAMPLE_DATA_NOT_REAL,99
2025,1,E006,Dayananda Sagar College of Engineering,Computer Science,3B,7884,SAMPLE_DATA_NOT_REAL,0
2025,2,E006,Dayananda Sagar College of Engineering,Computer Science,3B,8245,SAMPLE_DATA_NOT_REAL,1
2025,Final,E006,Dayananda Sagar College of Engineering,Computer Science,3B,9627,SAMPLE_DATA_NOT_REAL,99
2021,1,E006,Dayananda Sagar College of Engineering,Computer Science,CAT1,6008,SAMPLE_DATA_NOT_REAL,0
2021,2,E006,Dayananda Sagar College of Engineering,Computer Science,CAT1,7451,SAMPLE_DATA_NOT_REAL,1
2021,Final,E006,Dayananda Sagar College of Engineering,Computer Science,CAT1,8921,SAMPLE_DATA_NOT_REAL,99
2022,1,E006,Dayananda Sagar College of Engineering,Computer Science,CAT1,6143,SAMPLE_DATA_NOT_REAL,0
2022,2,E006,Dayananda Sagar College of Engineering,Computer Science,CAT1,7171,SAMPLE_DATA_NOT_REAL,1
2022,Final,E006,Dayananda Sagar College of Engineering,Computer Science,CAT1,7651,SAMPLE_DATA_NOT_REAL,99
2023,1,E006,Dayananda Sagar College of Engineering,Computer Science,CAT1,5370,SAMPLE_DATA_NOT_REAL,0
2023,2,E006,Dayananda Sagar College of Engineering,Computer Science,CAT1,6776,SAMPLE_DATA_NOT_REAL,1
2023,Final,E006,Dayananda Sagar College of Engineering,Computer Science,CAT1,7509,SAMPLE_DATA_NOT_REAL,99
2024,1,E006,Dayananda Sagar College of Engineering,Computer Science,CAT1,5490,SAMPLE_DATA_NOT_REAL,0
2024,2,E006,Dayananda Sagar College of Engineering,Computer Science,CAT1,5975,SAMPLE_DATA_NOT_REAL,1
2024,Final,E006,Dayananda Sagar College of Engineering,Computer Science,CAT1,7668,SAMPLE_DATA_NOT_REAL,99
2025,1,E006,Dayananda Sagar College of Engineering,Computer Science,CAT1,5421,SAMPLE_DATA_NOT_REAL,0
2025,2,E006,Dayananda Sagar College of Engineering,Computer Science,CAT1,5821,SAMPLE_DATA_NOT_REAL,1
2025,Final,E006,Dayananda Sagar College of Engineering,Computer Science,CAT1,7447,SAMPLE_DATA_NOT_REAL,99
2021,1,E006,Dayananda Sagar College of Engineering,Computer Science,GM,5039,SAMPLE_DATA_NOT_REAL,0
2021,2,E006,Dayananda Sagar College of Engineering,Computer Science,GM,5476,SAMPLE_DATA_NOT_REAL,1
2021,Final,E006,Dayananda Sagar College of Engineering,Computer Science,GM,6352,SAMPLE_DATA_NOT_REAL,99
2022,1,E006,Dayananda Sagar College of Engineering,Computer Science,GM,4334,SAMPLE_DATA_NOT_REAL,0
2022,2,E006,Dayananda Sagar College of Engineering,Computer Science,GM,5299,SAMPLE_DATA_NOT_REAL,1
2022,Final,E006,Dayananda Sagar College of Engineering,Computer Science,GM,6681,SAMPLE_DATA_NOT_REAL,99
2023,1,E006,Dayananda Sagar College of Engineering,Computer Science,GM,4383,SAMPLE_DATA_NOT_REAL,0
2023,2,E006,Dayananda Sagar College of Engineering,Computer Science,GM,4977,SAMPLE_DATA_NOT_REAL,1
2023,Final,E006,Dayananda Sagar College of Engineering,Computer Science,GM,5917,SAMPLE_DATA_NOT_REAL,99
2024,1,E006,Dayananda Sagar College of Engineering,Computer Science,GM,4382,SAMPLE_DATA_NOT_REAL,0
2024,2,E006,Dayananda Sagar College of Engineering,Computer Science,GM,4662,SAMPLE_DATA_NOT_REAL,1
2024,Final,E006,Dayananda Sagar College of Engineering,Computer Science,GM,5917,SAMPLE_DATA_NOT_REAL,99
2025,1,E006,Dayananda Sagar College of Engineering,Computer Science,GM,3945,SAMPLE_DATA_NOT_REAL,0
2025,2,E006,Dayananda Sagar College of Engineering,Computer Science,GM,4634,SAMPLE_DATA_NOT_REAL,1
2025,Final,E006,Dayananda Sagar College of Engineering,Computer Science,GM,5093,SAMPLE_DATA_NOT_REAL,99
2021,1,E006,Dayananda Sagar College of Engineering,Computer Science,SC,13483,SAMPLE_DATA_NOT_REAL,0
2021,2,E006,Dayananda Sagar College of Engineering,Computer Science,SC,17276,SAMPLE_DATA_NOT_REAL,1
2021,Final,E006,Dayananda Sagar College of Engineering,Computer Science,SC,18647,SAMPLE_DATA_NOT_REAL,99
2022,1,E006,Dayananda Sagar College of Engineering,Computer Science,SC,13748,SAMPLE_DATA_NOT_REAL,0
2022,2,E006,Dayananda Sagar College of Engineering,Computer Science,SC,14824,SAMPLE_DATA_NOT_REAL,1
2022,Final,E006,Dayananda Sagar College of Engineering,Computer Science,SC,17865,SAMPLE_DATA_NOT_REAL,99
2023,1,E006,Dayananda Sagar College of Engineering,Computer Science,SC,13381,SAMPLE_DATA_NOT_REAL,0
2023,2,E006,Dayananda Sagar College of Engineering,Computer Science,SC,15824,SAMPLE_DATA_NOT_REAL,1
2023,Final,E006,Dayananda Sagar College of Engineering,Computer Science,SC,19314,SAMPLE_DATA_NOT_REAL,99
2024,1,E006,Dayananda Sagar College of Engineering,Computer Science,SC,12615,SAMPLE_DATA_NOT_REAL,0
2024,2,E006,Dayananda Sagar College of Engineering,Computer Science,SC,14534,SAMPLE_DATA_NOT_REAL,1
2024,Final,E006,Dayananda Sagar College of Engineering,Computer Science,SC,17666,SAMPLE_DATA_NOT_REAL,99
2025,1,E006,Dayananda Sagar College of Engineering,Computer Science,SC,12922,SAMPLE_DATA_NOT_REAL,0
2025,2,E006,Dayananda Sagar College of Engineering,Computer Science,SC,14636,SAMPLE_DATA_NOT_REAL,1
2025,Final,E006,Dayananda Sagar College of Engineering,Computer Science,SC,15912,SAMPLE_DATA_NOT_REAL,99
2021,1,E006,Dayananda Sagar College of Engineering,Computer Science,ST,19347,SAMPLE_DATA_NOT_REAL,0
2021,2,E006,Dayananda Sagar College of Engineering,Computer Science,ST,20451,SAMPLE_DATA_NOT_REAL,1
2021,Final,E006,Dayananda Sagar College of Engineering,Computer Science,ST,26483,SAMPLE_DATA_NOT_REAL,99
2022,1,E006,Dayananda Sagar College of Engineering,Computer Science,ST,18527,SAMPLE_DATA_NOT_REAL,0
2022,2,E006,Dayananda Sagar College of Engineering,Computer Science,ST,19589,SAMPLE_DATA_NOT_REAL,1
2022,Final,E006,Dayananda Sagar College of Engineering,Computer Science,ST,26781,SAMPLE_DATA_NOT_REAL,99
2023,1,E006,Dayananda Sagar College of Engineering,Computer Science,ST,16266,SAMPLE_DATA_NOT_REAL,0
2023,2,E006,Dayananda Sagar College of Engineering,Computer Science,ST,21487,SAMPLE_DATA_NOT_REAL,1
2023,Final,E006,Dayananda Sagar College of Engineering,Computer Science,ST,23111,SAMPLE_DATA_NOT_REAL,99
2024,1,E006,Dayananda Sagar College of Engineering,Computer Science,ST,15968,SAMPLE_DATA_NOT_REAL,0
2024,2,E006,Dayananda Sagar College of Engineering,Computer Science,ST,19167,SAMPLE_DATA_NOT_REAL,1
2024,Final,E006,Dayananda Sagar College of Engineering,Computer Science,ST,23500,SAMPLE_DATA_NOT_REAL,99
2025,1,E006,Dayananda Sagar College of Engineering,Computer Science,ST,15536,SAMPLE_DATA_NOT_REAL,0
2025,2,E006,Dayananda Sagar College of Engineering,Computer Science,ST,19889,SAMPLE_DATA_NOT_REAL,1
2025,Final,E006,Dayananda Sagar College of Engineering,Computer Science,ST,22502,SAMPLE_DATA_NOT_REAL,99
2021,1,E006,Dayananda Sagar College of Engineering,Electrical & Electronics,1G,5942,SAMPLE_DATA_NOT_REAL,0
2021,2,E006,Dayananda Sagar College of Engineering,Electrical & Electronics,1G,7211,SAMPLE_DATA_NOT_REAL,1
2021,Final,E006,Dayananda Sagar College of Engineering,Electrical & Electronics,1G,8440,SAMPLE_DATA_NOT_REAL,99
2022,1,E006,Dayananda Sagar College of Engineering,Electrical & Electronics,1G,6194,SAMPLE_DATA_NOT_REAL,0
2022,2,E006,Dayananda Sagar College of Engineering,Electrical & Electronics,1G,6347,SAMPLE_DATA_NOT_REAL,1
2022,Final,E006,Dayananda Sagar College of Engineering,Electrical & Electronics,1G,7936,SAMPLE_DATA_NOT_REAL,99
2023,1,E006,Dayananda Sagar College of Engineering,Electrical & Electronics,1G,5752,SAMPLE_DATA_NOT_REAL,0
2023,2,E006,Dayananda Sagar College of Engineering,Electrical & Electronics,1G,6410,SAMPLE_DATA_NOT_REAL,1
2023,Final,E006,Dayananda Sagar College of Engineering,Electrical & Electronics,1G,7405,SAMPLE_DATA_NOT_REAL,99
2024,1,E006,Dayananda Sagar College of Engineering,Electrical & Electronics,1G,4936,SAMPLE_DATA_NOT_REAL,0
2024,2,E006,Dayananda Sagar College of Engineering,Electrical & Electronics,1G,6609,SAMPLE_DATA_NOT_REAL,1
2024,Final,E006,Dayananda Sagar College of Engineering,Electrical & Electronics,1G,6936,SAMPLE_DATA_NOT_REAL,99
2025,1,E006,Dayananda Sagar College of Engineering,Electrical & Electronics,1G,5147,SAMPLE_DATA_NOT_REAL,0
2025,2,E006,Dayananda Sagar College of Engineering,Electrical & Electronics,1G,5452,SAMPLE_DATA_NOT_REAL,1
2025,Final,E006,Dayananda Sagar College of Engineering,Electrical & Electronics,1G,6679,SAMPLE_DATA_NOT_REAL,99
2021,1,E006,Dayananda Sagar College of Engineering,Electrical & Electronics,2A,7826,SAMPLE_DATA_NOT_REAL,0
2021,2,E006,Dayananda Sagar College of Engineering,Electrical & Electronics,2A,8736,SAMPLE_DATA_NOT_REAL,1
2021,Final,E006,Dayananda Sagar College of Engineering,Electrical & Electronics,2A,10411,SAMPLE_DATA_NOT_REAL,99
2022,1,E006,Dayananda Sagar College of Engineering,Electrical & Electronics,2A,6862,SAMPLE_DATA_NOT_REAL,0
2022,2,E006,Dayananda Sagar College of Engineering,Electrical & Electronics,2A,8079,SAMPLE_DATA_NOT_REAL,1
2022,Final,E006,Dayananda Sagar College of Engineering,Electrical & Electronics,2A,10131,SAMPLE_DATA_NOT_REAL,99
2023,1,E006,Dayananda Sagar College of Engineering,Electrical & Electronics,2A,6632,SAMPLE_DATA_NOT_REAL,0
2023,2,E006,Dayananda Sagar College of Engineering,Electrical & Electronics,2A,7788,SAMPLE_DATA_NOT_REAL,1
2023,Final,E006,Dayananda Sagar College of Engineering,Electrical & Electronics,2A,10114,SAMPLE_DATA_NOT_REAL,99
2024,1,E006,Dayananda Sagar College of Engineering,Electrical & Electronics,2A,6766,SAMPLE_DATA_NOT_REAL,0
2024,2,E006,Dayananda Sagar College of Engineering,Electrical & Electronics,2A,7237,SAMPLE_DATA_NOT_REAL,1
2024,Final,E006,Dayananda Sagar College of Engineering,Electrical & Electronics,2A,9458,SAMPLE_DATA_NOT_REAL,99
2025,1,E006,Dayananda Sagar College of Engineering,Electrical & Electronics,2A,6440,SAMPLE_DATA_NOT_REAL,0
2025,2,E006,Dayananda Sagar College of Engineering,Electrical & Electronics,2A,7275,SAMPLE_DATA_NOT_REAL,1
2025,Final,E006,Dayananda Sagar College of Engineering,Electrical & Electronics,2A,8730,SAMPLE_DATA_NOT_REAL,99
2021,1,E006,Dayananda Sagar College of Engineering,Electrical & Electronics,2B,8289,SAMPLE_DATA_NOT_REAL,0
2021,2,E006,Dayananda Sagar College of Engineering,Electrical & Electronics,2B,9442,SAMPLE_DATA_NOT_REAL,1
2021,Final,E006,Dayananda Sagar College of Engineering,Electrical & Electronics,2B,11109,SAMPLE_DATA_NOT_REAL,99
2022,1,E006,Dayananda Sagar College of Engineering,Electrical & Electronics,2B,9008,SAMPLE_DATA_NOT_REAL,0
2022,2,E006,Dayananda Sagar College of Engineering,Electrical & Electronics,2B,9004,SAMPLE_DATA_NOT_REAL,1
2022,Final,E006,Dayananda Sagar College of Engineering,Electrical & Electronics,2B,11340,SAMPLE_DATA_NOT_REAL,99
2023,1,E006,Dayananda Sagar College of Engineering,Electrical & Electronics,2B,7976,SAMPLE_DATA_NOT_REAL,0
2023,2,E006,Dayananda Sagar College of Engineering,Electrical & Electronics,2B,8808,SAMPLE_DATA_NOT_REAL,1
2023,Final,E006,Dayananda Sagar College of Engineering,Electrical & Electronics,2B,11563,SAMPLE_DATA_NOT_REAL,99
2024,1,E006,Dayananda Sagar College of Engineering,Electrical & Electronics,2B,7579,SAMPLE_DATA_NOT_REAL,0
2024,2,E006,Dayananda Sagar College of Engineering,Electrical & Electronics,2B,8886,SAMPLE_DATA_NOT_REAL,1
2024,Final,E006,Dayananda Sagar College of Engineering,Electrical & Electronics,2B,10628,SAMPLE_DATA_NOT_REAL,99
2025,1,E006,Dayananda Sagar College of Engineering,Electrical & Electronics,2B,7233,SAMPLE_DATA_NOT_REAL,0
2025,2,E006,Dayananda Sagar College of Engineering,Electrical & Electronics,2B,9047,SAMPLE_DATA_NOT_REAL,1
2025,Final,E006,Dayananda Sagar College of Engineering,Electrical & Electronics,2B,10279,SAMPLE_DATA_NOT_REAL,99
2021,1,E006,Dayananda Sagar College of Engineering,Electrical & Electronics,3A,9964,SAMPLE_DATA_NOT_REAL,0
2021,2,E006,Dayananda Sagar College of Engineering,Electrical & Electronics,3A,10951,SAMPLE_DATA_NOT_REAL,1
2021,Final,E006,Dayananda Sagar College of Engineering,Electrical & Electronics,3A,12159,SAMPLE_DATA_NOT_REAL,99
2022,1,E006,Dayananda Sagar College of Engineering,Electrical & Electronics,3A,8279,SAMPLE_DATA_NOT_REAL,0
2022,2,E006,Dayananda Sagar College of Engineering,Electrical & Electronics,3A,10047,SAMPLE_DATA_NOT_REAL,1
2022,Final,E006,Dayananda Sagar College of Engineering,Electrical & Electronics,3A,11176,SAMPLE_DATA_NOT_REAL,99
2023,1,E006,Dayananda Sagar College of Engineering,Electrical & Electronics,3A,9178,SAMPLE_DATA_NOT_REAL,0
2023,2,E006,Dayananda Sagar College of Engineering,Electrical & Electronics,3A,9147,SAMPLE_DATA_NOT_REAL,1
2023,Final,E006,Dayananda Sagar College of Engineering,Electrical & Electronics,3A,11092,SAMPLE_DATA_NOT_REAL,99
2024,1,E006,Dayananda Sagar College of Engineering,Electrical & Electronics,3A,8197,SAMPLE_DATA_NOT_REAL,0
2024,2,E006,Dayananda Sagar College of Engineering,Electrical & Electronics,3A,9893,SAMPLE_DATA_NOT_REAL,1
2024,Final,E006,Dayananda Sagar College of Engineering,Electrical & Electronics,3A,12001,SAMPLE_DATA_NOT_REAL,99
2025,1,E006,Dayananda Sagar College of Engineering,Electrical & Electronics,3A,7365,SAMPLE_DATA_NOT_REAL,0
2025,2,E006,Dayananda Sagar College of Engineering,Electrical & Electronics,3A,8472,SAMPLE_DATA_NOT_REAL,1
2025,Final,E006,Dayananda Sagar College of Engineering,Electrical & Electronics,3A,10299,SAMPLE_DATA_NOT_REAL,99
2021,1,E006,Dayananda Sagar College of Engineering,Electrical & Electronics,3B,10447,SAMPLE_DATA_NOT_REAL,0
2021,2,E006,Dayananda Sagar College of Engineering,Electrical & Electronics,3B,12029,SAMPLE_DATA_NOT_REAL,1
2021,Final,E006,Dayananda Sagar College of Engineering,Electrical & Electronics,3B,12902,SAMPLE_DATA_NOT_REAL,99
2022,1,E006,Dayananda Sagar College of Engineering,Electrical & Electronics,3B,9338,SAMPLE_DATA_NOT_REAL,0
2022,2,E006,Dayananda Sagar College of Engineering,Electrical & Electronics,3B,10516,SAMPLE_DATA_NOT_REAL,1
2022,Final,E006,Dayananda Sagar College of Engineering,Electrical & Electronics,3B,13699,SAMPLE_DATA_NOT_REAL,99
2023,1,E006,Dayananda Sagar College of Engineering,Electrical & Electronics,3B,9589,SAMPLE_DATA_NOT_REAL,0
2023,2,E006,Dayananda Sagar College of Engineering,Electrical & Electronics,3B,10025,SAMPLE_DATA_NOT_REAL,1
2023,Final,E006,Dayananda Sagar College of Engineering,Electrical & Electronics,3B,12582,SAMPLE_DATA_NOT_REAL,99
2024,1,E006,Dayananda Sagar College of Engineering,Electrical & Electronics,3B,8273,SAMPLE_DATA_NOT_REAL,0
2024,2,E006,Dayananda Sagar College of Engineering,Electrical & Electronics,3B,9294,SAMPLE_DATA_NOT_REAL,1
2024,Final,E006,Dayananda Sagar College of Engineering,Electrical & Electronics,3B,11559,SAMPLE_DATA_NOT_REAL,99
2025,1,E006,Dayananda Sagar College of Engineering,Electrical & Electronics,3B,8911,SAMPLE_DATA_NOT_REAL,0
2025,2,E006,Dayananda Sagar College of Engineering,Electrical & Electronics,3B,9067,SAMPLE_DATA_NOT_REAL,1
2025,Final,E006,Dayananda Sagar College of Engineering,Electrical & Electronics,3B,11828,SAMPLE_DATA_NOT_REAL,99
2021,1,E006,Dayananda Sagar College of Engineering,Electrical & Electronics,CAT1,7564,SAMPLE_DATA_NOT_REAL,0
2021,2,E006,Dayananda Sagar College of Engineering,Electrical & Electronics,CAT1,8728,SAMPLE_DATA_NOT_REAL,1
2021,Final,E006,Dayananda Sagar College of Engineering,Electrical & Electronics,CAT1,10077,SAMPLE_DATA_NOT_REAL,99
2022,1,E006,Dayananda Sagar College of Engineering,Electrical & Electronics,CAT1,7368,SAMPLE_DATA_NOT_REAL,0
2022,2,E006,Dayananda Sagar College of Engineering,Electrical & Electronics,CAT1,8128,SAMPLE_DATA_NOT_REAL,1
2022,Final,E006,Dayananda Sagar College of Engineering,Electrical & Electronics,CAT1,8733,SAMPLE_DATA_NOT_REAL,99
2023,1,E006,Dayananda Sagar College of Engineering,Electrical & Electronics,CAT1,6518,SAMPLE_DATA_NOT_REAL,0
2023,2,E006,Dayananda Sagar College of Engineering,Electrical & Electronics,CAT1,8156,SAMPLE_DATA_NOT_REAL,1
2023,Final,E006,Dayananda Sagar College of Engineering,Electrical & Electronics,CAT1,9264,SAMPLE_DATA_NOT_REAL,99
2024,1,E006,Dayananda Sagar College of Engineering,Electrical & Electronics,CAT1,5931,SAMPLE_DATA_NOT_REAL,0
2024,2,E006,Dayananda Sagar College of Engineering,Electrical & Electronics,CAT1,7599,SAMPLE_DATA_NOT_REAL,1
2024,Final,E006,Dayananda Sagar College of Engineering,Electrical & Electronics,CAT1,8935,SAMPLE_DATA_NOT_REAL,99
2025,1,E006,Dayananda Sagar College of Engineering,Electrical & Electronics,CAT1,6050,SAMPLE_DATA_NOT_REAL,0
2025,2,E006,Dayananda Sagar College of Engineering,Electrical & Electronics,CAT1,6742,SAMPLE_DATA_NOT_REAL,1
2025,Final,E006,Dayananda Sagar College of Engineering,Electrical & Electronics,CAT1,8041,SAMPLE_DATA_NOT_REAL,99
2021,1,E006,Dayananda Sagar College of Engineering,Electrical & Electronics,GM,5821,SAMPLE_DATA_NOT_REAL,0
2021,2,E006,Dayananda Sagar College of Engineering,Electrical & Electronics,GM,6809,SAMPLE_DATA_NOT_REAL,1
2021,Final,E006,Dayananda Sagar College of Engineering,Electrical & Electronics,GM,7461,SAMPLE_DATA_NOT_REAL,99
2022,1,E006,Dayananda Sagar College of Engineering,Electrical & Electronics,GM,5681,SAMPLE_DATA_NOT_REAL,0
2022,2,E006,Dayananda Sagar College of Engineering,Electrical & Electronics,GM,5705,SAMPLE_DATA_NOT_REAL,1
2022,Final,E006,Dayananda Sagar College of Engineering,Electrical & Electronics,GM,6645,SAMPLE_DATA_NOT_REAL,99
2023,1,E006,Dayananda Sagar College of Engineering,Electrical & Electronics,GM,5282,SAMPLE_DATA_NOT_REAL,0
2023,2,E006,Dayananda Sagar College of Engineering,Electrical & Electronics,GM,5905,SAMPLE_DATA_NOT_REAL,1
2023,Final,E006,Dayananda Sagar College of Engineering,Electrical & Electronics,GM,7169,SAMPLE_DATA_NOT_REAL,99
2024,1,E006,Dayananda Sagar College of Engineering,Electrical & Electronics,GM,4816,SAMPLE_DATA_NOT_REAL,0
2024,2,E006,Dayananda Sagar College of Engineering,Electrical & Electronics,GM,5138,SAMPLE_DATA_NOT_REAL,1
2024,Final,E006,Dayananda Sagar College of Engineering,Electrical & Electronics,GM,6971,SAMPLE_DATA_NOT_REAL,99
2025,1,E006,Dayananda Sagar College of Engineering,Electrical & Electronics,GM,4818,SAMPLE_DATA_NOT_REAL,0
2025,2,E006,Dayananda Sagar College of Engineering,Electrical & Electronics,GM,4980,SAMPLE_DATA_NOT_REAL,1
2025,Final,E006,Dayananda Sagar College of Engineering,Electrical & Electronics,GM,6035,SAMPLE_DATA_NOT_REAL,99
2021,1,E006,Dayananda Sagar College of Engineering,Electrical & Electronics,SC,17706,SAMPLE_DATA_NOT_REAL,0
2021,2,E006,Dayananda Sagar College of Engineering,Electrical & Electronics,SC,18749,SAMPLE_DATA_NOT_REAL,1
2021,Final,E006,Dayananda Sagar College of Engineering,Electrical & Electronics,SC,20603,SAMPLE_DATA_NOT_REAL,99
2022,1,E006,Dayananda Sagar College of Engineering,Electrical & Electronics,SC,16474,SAMPLE_DATA_NOT_REAL,0
2022,2,E006,Dayananda Sagar College of Engineering,Electrical & Electronics,SC,18276,SAMPLE_DATA_NOT_REAL,1
2022,Final,E006,Dayananda Sagar College of Engineering,Electrical & Electronics,SC,20179,SAMPLE_DATA_NOT_REAL,99
2023,1,E006,Dayananda Sagar College of Engineering,Electrical & Electronics,SC,15378,SAMPLE_DATA_NOT_REAL,0
2023,2,E006,Dayananda Sagar College of Engineering,Electrical & Electronics,SC,16042,SAMPLE_DATA_NOT_REAL,1
2023,Final,E006,Dayananda Sagar College of Engineering,Electrical & Electronics,SC,20804,SAMPLE_DATA_NOT_REAL,99
2024,1,E006,Dayananda Sagar College of Engineering,Electrical & Electronics,SC,15180,SAMPLE_DATA_NOT_REAL,0
2024,2,E006,Dayananda Sagar College of Engineering,Electrical & Electronics,SC,16822,SAMPLE_DATA_NOT_REAL,1
2024,Final,E006,Dayananda Sagar College of Engineering,Electrical & Electronics,SC,19305,SAMPLE_DATA_NOT_REAL,99
2025,1,E006,Dayananda Sagar College of Engineering,Electrical & Electronics,SC,13788,SAMPLE_DATA_NOT_REAL,0
2025,2,E006,Dayananda Sagar College of Engineering,Electrical & Electronics,SC,17147,SAMPLE_DATA_NOT_REAL,1
2025,Final,E006,Dayananda Sagar College of Engineering,Electrical & Electronics,SC,17597,SAMPLE_DATA_NOT_REAL,99
2021,1,E006,Dayananda Sagar College of Engineering,Electrical & Electronics,ST,23027,SAMPLE_DATA_NOT_REAL,0
2021,2,E006,Dayananda Sagar College of Engineering,Electrical & Electronics,ST,26009,SAMPLE_DATA_NOT_REAL,1
2021,Final,E006,Dayananda Sagar College of Engineering,Electrical & Electronics,ST,29234,SAMPLE_DATA_NOT_REAL,99
2022,1,E006,Dayananda Sagar College of Engineering,Electrical & Electronics,ST,21954,SAMPLE_DATA_NOT_REAL,0
2022,2,E006,Dayananda Sagar College of Engineering,Electrical & Electronics,ST,23534,SAMPLE_DATA_NOT_REAL,1
2022,Final,E006,Dayananda Sagar College of Engineering,Electrical & Electronics,ST,30202,SAMPLE_DATA_NOT_REAL,99
2023,1,E006,Dayananda Sagar College of Engineering,Electrical & Electronics,ST,21096,SAMPLE_DATA_NOT_REAL,0
2023,2,E006,Dayananda Sagar College of Engineering,Electrical & Electronics,ST,21974,SAMPLE_DATA_NOT_REAL,1
2023,Final,E006,Dayananda Sagar College of Engineering,Electrical & Electronics,ST,25158,SAMPLE_DATA_NOT_REAL,99
2024,1,E006,Dayananda Sagar College of Engineering,Electrical & Electronics,ST,19732,SAMPLE_DATA_NOT_REAL,0
2024,2,E006,Dayananda Sagar College of Engineering,Electrical & Electronics,ST,22245,SAMPLE_DATA_NOT_REAL,1
2024,Final,E006,Dayananda Sagar College of Engineering,Electrical & Electronics,ST,26504,SAMPLE_DATA_NOT_REAL,99
2025,1,E006,Dayananda Sagar College of Engineering,Electrical & Electronics,ST,18552,SAMPLE_DATA_NOT_REAL,0
2025,2,E006,Dayananda Sagar College of Engineering,Electrical & Electronics,ST,21227,SAMPLE_DATA_NOT_REAL,1
2025,Final,E006,Dayananda Sagar College of Engineering,Electrical & Electronics,ST,27054,SAMPLE_DATA_NOT_REAL,99
2021,1,E006,Dayananda Sagar College of Engineering,Electronics & Comm.,1G,5208,SAMPLE_DATA_NOT_REAL,0
2021,2,E006,Dayananda Sagar College of Engineering,Electronics & Comm.,1G,6579,SAMPLE_DATA_NOT_REAL,1
2021,Final,E006,Dayananda Sagar College of Engineering,Electronics & Comm.,1G,7812,SAMPLE_DATA_NOT_REAL,99
2022,1,E006,Dayananda Sagar College of Engineering,Electronics & Comm.,1G,5224,SAMPLE_DATA_NOT_REAL,0
2022,2,E006,Dayananda Sagar College of Engineering,Electronics & Comm.,1G,6225,SAMPLE_DATA_NOT_REAL,1
2022,Final,E006,Dayananda Sagar College of Engineering,Electronics & Comm.,1G,6561,SAMPLE_DATA_NOT_REAL,99
2023,1,E006,Dayananda Sagar College of Engineering,Electronics & Comm.,1G,4941,SAMPLE_DATA_NOT_REAL,0
2023,2,E006,Dayananda Sagar College of Engineering,Electronics & Comm.,1G,5413,SAMPLE_DATA_NOT_REAL,1
2023,Final,E006,Dayananda Sagar College of Engineering,Electronics & Comm.,1G,6223,SAMPLE_DATA_NOT_REAL,99
2024,1,E006,Dayananda Sagar College of Engineering,Electronics & Comm.,1G,4635,SAMPLE_DATA_NOT_REAL,0
2024,2,E006,Dayananda Sagar College of Engineering,Electronics & Comm.,1G,5206,SAMPLE_DATA_NOT_REAL,1
2024,Final,E006,Dayananda Sagar College of Engineering,Electronics & Comm.,1G,6266,SAMPLE_DATA_NOT_REAL,99
2025,1,E006,Dayananda Sagar College of Engineering,Electronics & Comm.,1G,4332,SAMPLE_DATA_NOT_REAL,0
2025,2,E006,Dayananda Sagar College of Engineering,Electronics & Comm.,1G,5211,SAMPLE_DATA_NOT_REAL,1
2025,Final,E006,Dayananda Sagar College of Engineering,Electronics & Comm.,1G,6356,SAMPLE_DATA_NOT_REAL,99
2021,1,E006,Dayananda Sagar College of Engineering,Electronics & Comm.,2A,6328,SAMPLE_DATA_NOT_REAL,0
2021,2,E006,Dayananda Sagar College of Engineering,Electronics & Comm.,2A,8378,SAMPLE_DATA_NOT_REAL,1
2021,Final,E006,Dayananda Sagar College of Engineering,Electronics & Comm.,2A,8867,SAMPLE_DATA_NOT_REAL,99
2022,1,E006,Dayananda Sagar College of Engineering,Electronics & Comm.,2A,6605,SAMPLE_DATA_NOT_REAL,0
2022,2,E006,Dayananda Sagar College of Engineering,Electronics & Comm.,2A,7981,SAMPLE_DATA_NOT_REAL,1
2022,Final,E006,Dayananda Sagar College of Engineering,Electronics & Comm.,2A,8198,SAMPLE_DATA_NOT_REAL,99
2023,1,E006,Dayananda Sagar College of Engineering,Electronics & Comm.,2A,6396,SAMPLE_DATA_NOT_REAL,0
2023,2,E006,Dayananda Sagar College of Engineering,Electronics & Comm.,2A,7827,SAMPLE_DATA_NOT_REAL,1
2023,Final,E006,Dayananda Sagar College of Engineering,Electronics & Comm.,2A,8355,SAMPLE_DATA_NOT_REAL,99
2024,1,E006,Dayananda Sagar College of Engineering,Electronics & Comm.,2A,6391,SAMPLE_DATA_NOT_REAL,0
2024,2,E006,Dayananda Sagar College of Engineering,Electronics & Comm.,2A,6819,SAMPLE_DATA_NOT_REAL,1
2024,Final,E006,Dayananda Sagar College of Engineering,Electronics & Comm.,2A,7590,SAMPLE_DATA_NOT_REAL,99
2025,1,E006,Dayananda Sagar College of Engineering,Electronics & Comm.,2A,6028,SAMPLE_DATA_NOT_REAL,0
2025,2,E006,Dayananda Sagar College of Engineering,Electronics & Comm.,2A,6257,SAMPLE_DATA_NOT_REAL,1
2025,Final,E006,Dayananda Sagar College of Engineering,Electronics & Comm.,2A,7564,SAMPLE_DATA_NOT_REAL,99
2021,1,E006,Dayananda Sagar College of Engineering,Electronics & Comm.,2B,8197,SAMPLE_DATA_NOT_REAL,0
2021,2,E006,Dayananda Sagar College of Engineering,Electronics & Comm.,2B,8948,SAMPLE_DATA_NOT_REAL,1
2021,Final,E006,Dayananda Sagar College of Engineering,Electronics & Comm.,2B,10523,SAMPLE_DATA_NOT_REAL,99
2022,1,E006,Dayananda Sagar College of Engineering,Electronics & Comm.,2B,7629,SAMPLE_DATA_NOT_REAL,0
2022,2,E006,Dayananda Sagar College of Engineering,Electronics & Comm.,2B,8488,SAMPLE_DATA_NOT_REAL,1
2022,Final,E006,Dayananda Sagar College of Engineering,Electronics & Comm.,2B,9996,SAMPLE_DATA_NOT_REAL,99
2023,1,E006,Dayananda Sagar College of Engineering,Electronics & Comm.,2B,7379,SAMPLE_DATA_NOT_REAL,0
2023,2,E006,Dayananda Sagar College of Engineering,Electronics & Comm.,2B,7667,SAMPLE_DATA_NOT_REAL,1
2023,Final,E006,Dayananda Sagar College of Engineering,Electronics & Comm.,2B,9209,SAMPLE_DATA_NOT_REAL,99
2024,1,E006,Dayananda Sagar College of Engineering,Electronics & Comm.,2B,7187,SAMPLE_DATA_NOT_REAL,0
2024,2,E006,Dayananda Sagar College of Engineering,Electronics & Comm.,2B,8487,SAMPLE_DATA_NOT_REAL,1
2024,Final,E006,Dayananda Sagar College of Engineering,Electronics & Comm.,2B,8700,SAMPLE_DATA_NOT_REAL,99
2025,1,E006,Dayananda Sagar College of Engineering,Electronics & Comm.,2B,7168,SAMPLE_DATA_NOT_REAL,0
2025,2,E006,Dayananda Sagar College of Engineering,Electronics & Comm.,2B,7366,SAMPLE_DATA_NOT_REAL,1
2025,Final,E006,Dayananda Sagar College of Engineering,Electronics & Comm.,2B,9278,SAMPLE_DATA_NOT_REAL,99
2021,1,E006,Dayananda Sagar College of Engineering,Electronics & Comm.,3A,8530,SAMPLE_DATA_NOT_REAL,0
2021,2,E006,Dayananda Sagar College of Engineering,Electronics & Comm.,3A,9639,SAMPLE_DATA_NOT_REAL,1
2021,Final,E006,Dayananda Sagar College of Engineering,Electronics & Comm.,3A,10997,SAMPLE_DATA_NOT_REAL,99
2022,1,E006,Dayananda Sagar College of Engineering,Electronics & Comm.,3A,7564,SAMPLE_DATA_NOT_REAL,0
2022,2,E006,Dayananda Sagar College of Engineering,Electronics & Comm.,3A,9691,SAMPLE_DATA_NOT_REAL,1
2022,Final,E006,Dayananda Sagar College of Engineering,Electronics & Comm.,3A,11220,SAMPLE_DATA_NOT_REAL,99
2023,1,E006,Dayananda Sagar College of Engineering,Electronics & Comm.,3A,7660,SAMPLE_DATA_NOT_REAL,0
2023,2,E006,Dayananda Sagar College of Engineering,Electronics & Comm.,3A,8268,SAMPLE_DATA_NOT_REAL,1
2023,Final,E006,Dayananda Sagar College of Engineering,Electronics & Comm.,3A,10164,SAMPLE_DATA_NOT_REAL,99
2024,1,E006,Dayananda Sagar College of Engineering,Electronics & Comm.,3A,7587,SAMPLE_DATA_NOT_REAL,0
2024,2,E006,Dayananda Sagar College of Engineering,Electronics & Comm.,3A,8633,SAMPLE_DATA_NOT_REAL,1
2024,Final,E006,Dayananda Sagar College of Engineering,Electronics & Comm.,3A,10507,SAMPLE_DATA_NOT_REAL,99
2025,1,E006,Dayananda Sagar College of Engineering,Electronics & Comm.,3A,7057,SAMPLE_DATA_NOT_REAL,0
2025,2,E006,Dayananda Sagar College of Engineering,Electronics & Comm.,3A,7715,SAMPLE_DATA_NOT_REAL,1
2025,Final,E006,Dayananda Sagar College of Engineering,Electronics & Comm.,3A,9907,SAMPLE_DATA_NOT_REAL,99
2021,1,E006,Dayananda Sagar College of Engineering,Electronics & Comm.,3B,8501,SAMPLE_DATA_NOT_REAL,0
2021,2,E006,Dayananda Sagar College of Engineering,Electronics & Comm.,3B,10094,SAMPLE_DATA_NOT_REAL,1
2021,Final,E006,Dayananda Sagar College of Engineering,Electronics & Comm.,3B,11028,SAMPLE_DATA_NOT_REAL,99
2022,1,E006,Dayananda Sagar College of Engineering,Electronics & Comm.,3B,8251,SAMPLE_DATA_NOT_REAL,0
2022,2,E006,Dayananda Sagar College of Engineering,Electronics & Comm.,3B,9042,SAMPLE_DATA_NOT_REAL,1
2022,Final,E006,Dayananda Sagar College of Engineering,Electronics & Comm.,3B,12314,SAMPLE_DATA_NOT_REAL,99
2023,1,E006,Dayananda Sagar College of Engineering,Electronics & Comm.,3B,8350,SAMPLE_DATA_NOT_REAL,0
2023,2,E006,Dayananda Sagar College of Engineering,Electronics & Comm.,3B,8835,SAMPLE_DATA_NOT_REAL,1
2023,Final,E006,Dayananda Sagar College of Engineering,Electronics & Comm.,3B,11140,SAMPLE_DATA_NOT_REAL,99
2024,1,E006,Dayananda Sagar College of Engineering,Electronics & Comm.,3B,7861,SAMPLE_DATA_NOT_REAL,0
2024,2,E006,Dayananda Sagar College of Engineering,Electronics & Comm.,3B,9409,SAMPLE_DATA_NOT_REAL,1
2024,Final,E006,Dayananda Sagar College of Engineering,Electronics & Comm.,3B,10301,SAMPLE_DATA_NOT_REAL,99
2025,1,E006,Dayananda Sagar College of Engineering,Electronics & Comm.,3B,7939,SAMPLE_DATA_NOT_REAL,0
2025,2,E006,Dayananda Sagar College of Engineering,Electronics & Comm.,3B,8371,SAMPLE_DATA_NOT_REAL,1
2025,Final,E006,Dayananda Sagar College of Engineering,Electronics & Comm.,3B,10309,SAMPLE_DATA_NOT_REAL,99
2021,1,E006,Dayananda Sagar College of Engineering,Electronics & Comm.,CAT1,6309,SAMPLE_DATA_NOT_REAL,0
2021,2,E006,Dayananda Sagar College of Engineering,Electronics & Comm.,CAT1,7522,SAMPLE_DATA_NOT_REAL,1
2021,Final,E006,Dayananda Sagar College of Engineering,Electronics & Comm.,CAT1,8253,SAMPLE_DATA_NOT_REAL,99
2022,1,E006,Dayananda Sagar College of Engineering,Electronics & Comm.,CAT1,5839,SAMPLE_DATA_NOT_REAL,0
2022,2,E006,Dayananda Sagar College of Engineering,Electronics & Comm.,CAT1,7599,SAMPLE_DATA_NOT_REAL,1
2022,Final,E006,Dayananda Sagar College of Engineering,Electronics & Comm.,CAT1,8112,SAMPLE_DATA_NOT_REAL,99
2023,1,E006,Dayananda Sagar College of Engineering,Electronics & Comm.,CAT1,6127,SAMPLE_DATA_NOT_REAL,0
2023,2,E006,Dayananda Sagar College of Engineering,Electronics & Comm.,CAT1,6293,SAMPLE_DATA_NOT_REAL,1
2023,Final,E006,Dayananda Sagar College of Engineering,Electronics & Comm.,CAT1,7423,SAMPLE_DATA_NOT_REAL,99
2024,1,E006,Dayananda Sagar College of Engineering,Electronics & Comm.,CAT1,5616,SAMPLE_DATA_NOT_REAL,0
2024,2,E006,Dayananda Sagar College of Engineering,Electronics & Comm.,CAT1,6151,SAMPLE_DATA_NOT_REAL,1
2024,Final,E006,Dayananda Sagar College of Engineering,Electronics & Comm.,CAT1,8101,SAMPLE_DATA_NOT_REAL,99
2025,1,E006,Dayananda Sagar College of Engineering,Electronics & Comm.,CAT1,5482,SAMPLE_DATA_NOT_REAL,0
2025,2,E006,Dayananda Sagar College of Engineering,Electronics & Comm.,CAT1,6215,SAMPLE_DATA_NOT_REAL,1
2025,Final,E006,Dayananda Sagar College of Engineering,Electronics & Comm.,CAT1,7251,SAMPLE_DATA_NOT_REAL,99
2021,1,E006,Dayananda Sagar College of Engineering,Electronics & Comm.,GM,4850,SAMPLE_DATA_NOT_REAL,0
2021,2,E006,Dayananda Sagar College of Engineering,Electronics & Comm.,GM,5728,SAMPLE_DATA_NOT_REAL,1
2021,Final,E006,Dayananda Sagar College of Engineering,Electronics & Comm.,GM,6562,SAMPLE_DATA_NOT_REAL,99
2022,1,E006,Dayananda Sagar College of Engineering,Electronics & Comm.,GM,4383,SAMPLE_DATA_NOT_REAL,0
2022,2,E006,Dayananda Sagar College of Engineering,Electronics & Comm.,GM,5086,SAMPLE_DATA_NOT_REAL,1
2022,Final,E006,Dayananda Sagar College of Engineering,Electronics & Comm.,GM,6116,SAMPLE_DATA_NOT_REAL,99
2023,1,E006,Dayananda Sagar College of Engineering,Electronics & Comm.,GM,4324,SAMPLE_DATA_NOT_REAL,0
2023,2,E006,Dayananda Sagar College of Engineering,Electronics & Comm.,GM,5376,SAMPLE_DATA_NOT_REAL,1
2023,Final,E006,Dayananda Sagar College of Engineering,Electronics & Comm.,GM,5771,SAMPLE_DATA_NOT_REAL,99
2024,1,E006,Dayananda Sagar College of Engineering,Electronics & Comm.,GM,4425,SAMPLE_DATA_NOT_REAL,0
2024,2,E006,Dayananda Sagar College of Engineering,Electronics & Comm.,GM,4963,SAMPLE_DATA_NOT_REAL,1
2024,Final,E006,Dayananda Sagar College of Engineering,Electronics & Comm.,GM,6313,SAMPLE_DATA_NOT_REAL,99
2025,1,E006,Dayananda Sagar College of Engineering,Electronics & Comm.,GM,3948,SAMPLE_DATA_NOT_REAL,0
2025,2,E006,Dayananda Sagar College of Engineering,Electronics & Comm.,GM,5163,SAMPLE_DATA_NOT_REAL,1
2025,Final,E006,Dayananda Sagar College of Engineering,Electronics & Comm.,GM,5996,SAMPLE_DATA_NOT_REAL,99
2021,1,E006,Dayananda Sagar College of Engineering,Electronics & Comm.,SC,15299,SAMPLE_DATA_NOT_REAL,0
2021,2,E006,Dayananda Sagar College of Engineering,Electronics & Comm.,SC,17542,SAMPLE_DATA_NOT_REAL,1
2021,Final,E006,Dayananda Sagar College of Engineering,Electronics & Comm.,SC,18464,SAMPLE_DATA_NOT_REAL,99
2022,1,E006,Dayananda Sagar College of Engineering,Electronics & Comm.,SC,14187,SAMPLE_DATA_NOT_REAL,0
2022,2,E006,Dayananda Sagar College of Engineering,Electronics & Comm.,SC,16832,SAMPLE_DATA_NOT_REAL,1
2022,Final,E006,Dayananda Sagar College of Engineering,Electronics & Comm.,SC,20265,SAMPLE_DATA_NOT_REAL,99
2023,1,E006,Dayananda Sagar College of Engineering,Electronics & Comm.,SC,14044,SAMPLE_DATA_NOT_REAL,0
2023,2,E006,Dayananda Sagar College of Engineering,Electronics & Comm.,SC,16675,SAMPLE_DATA_NOT_REAL,1
2023,Final,E006,Dayananda Sagar College of Engineering,Electronics & Comm.,SC,17544,SAMPLE_DATA_NOT_REAL,99
2024,1,E006,Dayananda Sagar College of Engineering,Electronics & Comm.,SC,14020,SAMPLE_DATA_NOT_REAL,0
2024,2,E006,Dayananda Sagar College of Engineering,Electronics & Comm.,SC,15318,SAMPLE_DATA_NOT_REAL,1
2024,Final,E006,Dayananda Sagar College of Engineering,Electronics & Comm.,SC,18275,SAMPLE_DATA_NOT_REAL,99
2025,1,E006,Dayananda Sagar College of Engineering,Electronics & Comm.,SC,12681,SAMPLE_DATA_NOT_REAL,0
2025,2,E006,Dayananda Sagar College of Engineering,Electronics & Comm.,SC,14678,SAMPLE_DATA_NOT_REAL,1
2025,Final,E006,Dayananda Sagar College of Engineering,Electronics & Comm.,SC,16569,SAMPLE_DATA_NOT_REAL,99
2021,1,E006,Dayananda Sagar College of Engineering,Electronics & Comm.,ST,19802,SAMPLE_DATA_NOT_REAL,0
2021,2,E006,Dayananda Sagar College of Engineering,Electronics & Comm.,ST,22261,SAMPLE_DATA_NOT_REAL,1
2021,Final,E006,Dayananda Sagar College of Engineering,Electronics & Comm.,ST,26523,SAMPLE_DATA_NOT_REAL,99
2022,1,E006,Dayananda Sagar College of Engineering,Electronics & Comm.,ST,17697,SAMPLE_DATA_NOT_REAL,0
2022,2,E006,Dayananda Sagar College of Engineering,Electronics & Comm.,ST,21843,SAMPLE_DATA_NOT_REAL,1
2022,Final,E006,Dayananda Sagar College of Engineering,Electronics & Comm.,ST,25425,SAMPLE_DATA_NOT_REAL,99
2023,1,E006,Dayananda Sagar College of Engineering,Electronics & Comm.,ST,16982,SAMPLE_DATA_NOT_REAL,0
2023,2,E006,Dayananda Sagar College of Engineering,Electronics & Comm.,ST,20600,SAMPLE_DATA_NOT_REAL,1
2023,Final,E006,Dayananda Sagar College of Engineering,Electronics & Comm.,ST,25651,SAMPLE_DATA_NOT_REAL,99
2024,1,E006,Dayananda Sagar College of Engineering,Electronics & Comm.,ST,18087,SAMPLE_DATA_NOT_REAL,0
2024,2,E006,Dayananda Sagar College of Engineering,Electronics & Comm.,ST,20339,SAMPLE_DATA_NOT_REAL,1
2024,Final,E006,Dayananda Sagar College of Engineering,Electronics & Comm.,ST,21682,SAMPLE_DATA_NOT_REAL,99
2025,1,E006,Dayananda Sagar College of Engineering,Electronics & Comm.,ST,15884,SAMPLE_DATA_NOT_REAL,0
2025,2,E006,Dayananda Sagar College of Engineering,Electronics & Comm.,ST,17946,SAMPLE_DATA_NOT_REAL,1
2025,Final,E006,Dayananda Sagar College of Engineering,Electronics & Comm.,ST,21877,SAMPLE_DATA_NOT_REAL,99
2021,1,E006,Dayananda Sagar College of Engineering,Information Science,1G,5813,SAMPLE_DATA_NOT_REAL,0
2021,2,E006,Dayananda Sagar College of Engineering,Information Science,1G,6782,SAMPLE_DATA_NOT_REAL,1
2021,Final,E006,Dayananda Sagar College of Engineering,Information Science,1G,7102,SAMPLE_DATA_NOT_REAL,99
2022,1,E006,Dayananda Sagar College of Engineering,Information Science,1G,5175,SAMPLE_DATA_NOT_REAL,0
2022,2,E006,Dayananda Sagar College of Engineering,Information Science,1G,5979,SAMPLE_DATA_NOT_REAL,1
2022,Final,E006,Dayananda Sagar College of Engineering,Information Science,1G,6801,SAMPLE_DATA_NOT_REAL,99
2023,1,E006,Dayananda Sagar College of Engineering,Information Science,1G,5276,SAMPLE_DATA_NOT_REAL,0
2023,2,E006,Dayananda Sagar College of Engineering,Information Science,1G,5903,SAMPLE_DATA_NOT_REAL,1
2023,Final,E006,Dayananda Sagar College of Engineering,Information Science,1G,7387,SAMPLE_DATA_NOT_REAL,99
2024,1,E006,Dayananda Sagar College of Engineering,Information Science,1G,4657,SAMPLE_DATA_NOT_REAL,0
2024,2,E006,Dayananda Sagar College of Engineering,Information Science,1G,5836,SAMPLE_DATA_NOT_REAL,1
2024,Final,E006,Dayananda Sagar College of Engineering,Information Science,1G,6684,SAMPLE_DATA_NOT_REAL,99
2025,1,E006,Dayananda Sagar College of Engineering,Information Science,1G,4722,SAMPLE_DATA_NOT_REAL,0
2025,2,E006,Dayananda Sagar College of Engineering,Information Science,1G,5417,SAMPLE_DATA_NOT_REAL,1
2025,Final,E006,Dayananda Sagar College of Engineering,Information Science,1G,6934,SAMPLE_DATA_NOT_REAL,99
2021,1,E006,Dayananda Sagar College of Engineering,Information Science,2A,6811,SAMPLE_DATA_NOT_REAL,0
2021,2,E006,Dayananda Sagar College of Engineering,Information Science,2A,8072,SAMPLE_DATA_NOT_REAL,1
2021,Final,E006,Dayananda Sagar College of Engineering,Information Science,2A,10186,SAMPLE_DATA_NOT_REAL,99
2022,1,E006,Dayananda Sagar College of Engineering,Information Science,2A,7144,SAMPLE_DATA_NOT_REAL,0
2022,2,E006,Dayananda Sagar College of Engineering,Information Science,2A,7941,SAMPLE_DATA_NOT_REAL,1
2022,Final,E006,Dayananda Sagar College of Engineering,Information Science,2A,9576,SAMPLE_DATA_NOT_REAL,99
2023,1,E006,Dayananda Sagar College of Engineering,Information Science,2A,6383,SAMPLE_DATA_NOT_REAL,0
2023,2,E006,Dayananda Sagar College of Engineering,Information Science,2A,7819,SAMPLE_DATA_NOT_REAL,1
2023,Final,E006,Dayananda Sagar College of Engineering,Information Science,2A,8215,SAMPLE_DATA_NOT_REAL,99
2024,1,E006,Dayananda Sagar College of Engineering,Information Science,2A,5874,SAMPLE_DATA_NOT_REAL,0
2024,2,E006,Dayananda Sagar College of Engineering,Information Science,2A,7828,SAMPLE_DATA_NOT_REAL,1
2024,Final,E006,Dayananda Sagar College of Engineering,Information Science,2A,9024,SAMPLE_DATA_NOT_REAL,99
2025,1,E006,Dayananda Sagar College of Engineering,Information Science,2A,6195,SAMPLE_DATA_NOT_REAL,0
2025,2,E006,Dayananda Sagar College of Engineering,Information Science,2A,6926,SAMPLE_DATA_NOT_REAL,1
2025,Final,E006,Dayananda Sagar College of Engineering,Information Science,2A,8392,SAMPLE_DATA_NOT_REAL,99
2021,1,E006,Dayananda Sagar College of Engineering,Information Science,2B,8347,SAMPLE_DATA_NOT_REAL,0
2021,2,E006,Dayananda Sagar College of Engineering,Information Science,2B,9643,SAMPLE_DATA_NOT_REAL,1
2021,Final,E006,Dayananda Sagar College of Engineering,Information Science,2B,11651,SAMPLE_DATA_NOT_REAL,99
2022,1,E006,Dayananda Sagar College of Engineering,Information Science,2B,8313,SAMPLE_DATA_NOT_REAL,0
2022,2,E006,Dayananda Sagar College of Engineering,Information Science,2B,8542,SAMPLE_DATA_NOT_REAL,1
2022,Final,E006,Dayananda Sagar College of Engineering,Information Science,2B,10826,SAMPLE_DATA_NOT_REAL,99
2023,1,E006,Dayananda Sagar College of Engineering,Information Science,2B,7541,SAMPLE_DATA_NOT_REAL,0
2023,2,E006,Dayananda Sagar College of Engineering,Information Science,2B,8192,SAMPLE_DATA_NOT_REAL,1
2023,Final,E006,Dayananda Sagar College of Engineering,Information Science,2B,10690,SAMPLE_DATA_NOT_REAL,99
2024,1,E006,Dayananda Sagar College of Engineering,Information Science,2B,7144,SAMPLE_DATA_NOT_REAL,0
2024,2,E006,Dayananda Sagar College of Engineering,Information Science,2B,7918,SAMPLE_DATA_NOT_REAL,1
2024,Final,E006,Dayananda Sagar College of Engineering,Information Science,2B,9770,SAMPLE_DATA_NOT_REAL,99
2025,1,E006,Dayananda Sagar College of Engineering,Information Science,2B,7262,SAMPLE_DATA_NOT_REAL,0
2025,2,E006,Dayananda Sagar College of Engineering,Information Science,2B,7349,SAMPLE_DATA_NOT_REAL,1
2025,Final,E006,Dayananda Sagar College of Engineering,Information Science,2B,9052,SAMPLE_DATA_NOT_REAL,99
2021,1,E006,Dayananda Sagar College of Engineering,Information Science,3A,8354,SAMPLE_DATA_NOT_REAL,0
2021,2,E006,Dayananda Sagar College of Engineering,Information Science,3A,10497,SAMPLE_DATA_NOT_REAL,1
2021,Final,E006,Dayananda Sagar College of Engineering,Information Science,3A,11317,SAMPLE_DATA_NOT_REAL,99
2022,1,E006,Dayananda Sagar College of Engineering,Information Science,3A,7777,SAMPLE_DATA_NOT_REAL,0
2022,2,E006,Dayananda Sagar College of Engineering,Information Science,3A,9519,SAMPLE_DATA_NOT_REAL,1
2022,Final,E006,Dayananda Sagar College of Engineering,Information Science,3A,11948,SAMPLE_DATA_NOT_REAL,99
2023,1,E006,Dayananda Sagar College of Engineering,Information Science,3A,7626,SAMPLE_DATA_NOT_REAL,0
2023,2,E006,Dayananda Sagar College of Engineering,Information Science,3A,8781,SAMPLE_DATA_NOT_REAL,1
2023,Final,E006,Dayananda Sagar College of Engineering,Information Science,3A,11130,SAMPLE_DATA_NOT_REAL,99
2024,1,E006,Dayananda Sagar College of Engineering,Information Science,3A,7287,SAMPLE_DATA_NOT_REAL,0
2024,2,E006,Dayananda Sagar College of Engineering,Information Science,3A,8306,SAMPLE_DATA_NOT_REAL,1
2024,Final,E006,Dayananda Sagar College of Engineering,Information Science,3A,10189,SAMPLE_DATA_NOT_REAL,99
2025,1,E006,Dayananda Sagar College of Engineering,Information Science,3A,7009,SAMPLE_DATA_NOT_REAL,0
2025,2,E006,Dayananda Sagar College of Engineering,Information Science,3A,8066,SAMPLE_DATA_NOT_REAL,1
2025,Final,E006,Dayananda Sagar College of Engineering,Information Science,3A,9196,SAMPLE_DATA_NOT_REAL,99
2021,1,E006,Dayananda Sagar College of Engineering,Information Science,3B,9176,SAMPLE_DATA_NOT_REAL,0
2021,2,E006,Dayananda Sagar College of Engineering,Information Science,3B,11385,SAMPLE_DATA_NOT_REAL,1
2021,Final,E006,Dayananda Sagar College of Engineering,Information Science,3B,12932,SAMPLE_DATA_NOT_REAL,99
2022,1,E006,Dayananda Sagar College of Engineering,Information Science,3B,8750,SAMPLE_DATA_NOT_REAL,0
2022,2,E006,Dayananda Sagar College of Engineering,Information Science,3B,10542,SAMPLE_DATA_NOT_REAL,1
2022,Final,E006,Dayananda Sagar College of Engineering,Information Science,3B,11812,SAMPLE_DATA_NOT_REAL,99
2023,1,E006,Dayananda Sagar College of Engineering,Information Science,3B,8704,SAMPLE_DATA_NOT_REAL,0
2023,2,E006,Dayananda Sagar College of Engineering,Information Science,3B,9588,SAMPLE_DATA_NOT_REAL,1
2023,Final,E006,Dayananda Sagar College of Engineering,Information Science,3B,11027,SAMPLE_DATA_NOT_REAL,99
2024,1,E006,Dayananda Sagar College of Engineering,Information Science,3B,8258,SAMPLE_DATA_NOT_REAL,0
2024,2,E006,Dayananda Sagar College of Engineering,Information Science,3B,9641,SAMPLE_DATA_NOT_REAL,1
2024,Final,E006,Dayananda Sagar College of Engineering,Information Science,3B,10970,SAMPLE_DATA_NOT_REAL,99
2025,1,E006,Dayananda Sagar College of Engineering,Information Science,3B,7559,SAMPLE_DATA_NOT_REAL,0
2025,2,E006,Dayananda Sagar College of Engineering,Information Science,3B,8378,SAMPLE_DATA_NOT_REAL,1
2025,Final,E006,Dayananda Sagar College of Engineering,Information Science,3B,11125,SAMPLE_DATA_NOT_REAL,99
2021,1,E006,Dayananda Sagar College of Engineering,Information Science,CAT1,6206,SAMPLE_DATA_NOT_REAL,0
2021,2,E006,Dayananda Sagar College of Engineering,Information Science,CAT1,7638,SAMPLE_DATA_NOT_REAL,1
2021,Final,E006,Dayananda Sagar College of Engineering,Information Science,CAT1,8457,SAMPLE_DATA_NOT_REAL,99
2022,1,E006,Dayananda Sagar College of Engineering,Information Science,CAT1,6439,SAMPLE_DATA_NOT_REAL,0
2022,2,E006,Dayananda Sagar College of Engineering,Information Science,CAT1,6876,SAMPLE_DATA_NOT_REAL,1
2022,Final,E006,Dayananda Sagar College of Engineering,Information Science,CAT1,8009,SAMPLE_DATA_NOT_REAL,99
2023,1,E006,Dayananda Sagar College of Engineering,Information Science,CAT1,5682,SAMPLE_DATA_NOT_REAL,0
2023,2,E006,Dayananda Sagar College of Engineering,Information Science,CAT1,7258,SAMPLE_DATA_NOT_REAL,1
2023,Final,E006,Dayananda Sagar College of Engineering,Information Science,CAT1,8823,SAMPLE_DATA_NOT_REAL,99
2024,1,E006,Dayananda Sagar College of Engineering,Information Science,CAT1,6061,SAMPLE_DATA_NOT_REAL,0
2024,2,E006,Dayananda Sagar College of Engineering,Information Science,CAT1,7135,SAMPLE_DATA_NOT_REAL,1
2024,Final,E006,Dayananda Sagar College of Engineering,Information Science,CAT1,7743,SAMPLE_DATA_NOT_REAL,99
2025,1,E006,Dayananda Sagar College of Engineering,Information Science,CAT1,5207,SAMPLE_DATA_NOT_REAL,0
2025,2,E006,Dayananda Sagar College of Engineering,Information Science,CAT1,6731,SAMPLE_DATA_NOT_REAL,1
2025,Final,E006,Dayananda Sagar College of Engineering,Information Science,CAT1,7660,SAMPLE_DATA_NOT_REAL,99
2021,1,E006,Dayananda Sagar College of Engineering,Information Science,GM,5193,SAMPLE_DATA_NOT_REAL,0
2021,2,E006,Dayananda Sagar College of Engineering,Information Science,GM,6066,SAMPLE_DATA_NOT_REAL,1
2021,Final,E006,Dayananda Sagar College of Engineering,Information Science,GM,6955,SAMPLE_DATA_NOT_REAL,99
2022,1,E006,Dayananda Sagar College of Engineering,Information Science,GM,4682,SAMPLE_DATA_NOT_REAL,0
2022,2,E006,Dayananda Sagar College of Engineering,Information Science,GM,5451,SAMPLE_DATA_NOT_REAL,1
2022,Final,E006,Dayananda Sagar College of Engineering,Information Science,GM,7027,SAMPLE_DATA_NOT_REAL,99
2023,1,E006,Dayananda Sagar College of Engineering,Information Science,GM,4785,SAMPLE_DATA_NOT_REAL,0
2023,2,E006,Dayananda Sagar College of Engineering,Information Science,GM,5627,SAMPLE_DATA_NOT_REAL,1
2023,Final,E006,Dayananda Sagar College of Engineering,Information Science,GM,6071,SAMPLE_DATA_NOT_REAL,99
2024,1,E006,Dayananda Sagar College of Engineering,Information Science,GM,4645,SAMPLE_DATA_NOT_REAL,0
2024,2,E006,Dayananda Sagar College of Engineering,Information Science,GM,5379,SAMPLE_DATA_NOT_REAL,1
2024,Final,E006,Dayananda Sagar College of Engineering,Information Science,GM,6170,SAMPLE_DATA_NOT_REAL,99
2025,1,E006,Dayananda Sagar College of Engineering,Information Science,GM,4442,SAMPLE_DATA_NOT_REAL,0
2025,2,E006,Dayananda Sagar College of Engineering,Information Science,GM,4811,SAMPLE_DATA_NOT_REAL,1
2025,Final,E006,Dayananda Sagar College of Engineering,Information Science,GM,5875,SAMPLE_DATA_NOT_REAL,99
2021,1,E006,Dayananda Sagar College of Engineering,Information Science,SC,16315,SAMPLE_DATA_NOT_REAL,0
2021,2,E006,Dayananda Sagar College of Engineering,Information Science,SC,17606,SAMPLE_DATA_NOT_REAL,1
2021,Final,E006,Dayananda Sagar College of Engineering,Information Science,SC,19931,SAMPLE_DATA_NOT_REAL,99
2022,1,E006,Dayananda Sagar College of Engineering,Information Science,SC,15188,SAMPLE_DATA_NOT_REAL,0
2022,2,E006,Dayananda Sagar College of Engineering,Information Science,SC,17634,SAMPLE_DATA_NOT_REAL,1
2022,Final,E006,Dayananda Sagar College of Engineering,Information Science,SC,19110,SAMPLE_DATA_NOT_REAL,99
2023,1,E006,Dayananda Sagar College of Engineering,Information Science,SC,15137,SAMPLE_DATA_NOT_REAL,0
2023,2,E006,Dayananda Sagar College of Engineering,Information Science,SC,15818,SAMPLE_DATA_NOT_REAL,1
2023,Final,E006,Dayananda Sagar College of Engineering,Information Science,SC,19225,SAMPLE_DATA_NOT_REAL,99
2024,1,E006,Dayananda Sagar College of Engineering,Information Science,SC,13756,SAMPLE_DATA_NOT_REAL,0
2024,2,E006,Dayananda Sagar College of Engineering,Information Science,SC,14490,SAMPLE_DATA_NOT_REAL,1
2024,Final,E006,Dayananda Sagar College of Engineering,Information Science,SC,19678,SAMPLE_DATA_NOT_REAL,99
2025,1,E006,Dayananda Sagar College of Engineering,Information Science,SC,12937,SAMPLE_DATA_NOT_REAL,0
2025,2,E006,Dayananda Sagar College of Engineering,Information Science,SC,15137,SAMPLE_DATA_NOT_REAL,1
2025,Final,E006,Dayananda Sagar College of Engineering,Information Science,SC,17093,SAMPLE_DATA_NOT_REAL,99
2021,1,E006,Dayananda Sagar College of Engineering,Information Science,ST,21559,SAMPLE_DATA_NOT_REAL,0
2021,2,E006,Dayananda Sagar College of Engineering,Information Science,ST,21752,SAMPLE_DATA_NOT_REAL,1
2021,Final,E006,Dayananda Sagar College of Engineering,Information Science,ST,29366,SAMPLE_DATA_NOT_REAL,99
2022,1,E006,Dayananda Sagar College of Engineering,Information Science,ST,18287,SAMPLE_DATA_NOT_REAL,0
2022,2,E006,Dayananda Sagar College of Engineering,Information Science,ST,22732,SAMPLE_DATA_NOT_REAL,1
2022,Final,E006,Dayananda Sagar College of Engineering,Information Science,ST,25414,SAMPLE_DATA_NOT_REAL,99
2023,1,E006,Dayananda Sagar College of Engineering,Information Science,ST,18415,SAMPLE_DATA_NOT_REAL,0
2023,2,E006,Dayananda Sagar College of Engineering,Information Science,ST,21826,SAMPLE_DATA_NOT_REAL,1
2023,Final,E006,Dayananda Sagar College of Engineering,Information Science,ST,25645,SAMPLE_DATA_NOT_REAL,99
2024,1,E006,Dayananda Sagar College of Engineering,Information Science,ST,19046,SAMPLE_DATA_NOT_REAL,0
2024,2,E006,Dayananda Sagar College of Engineering,Information Science,ST,19576,SAMPLE_DATA_NOT_REAL,1
2024,Final,E006,Dayananda Sagar College of Engineering,Information Science,ST,24856,SAMPLE_DATA_NOT_REAL,99
2025,1,E006,Dayananda Sagar College of Engineering,Information Science,ST,17278,SAMPLE_DATA_NOT_REAL,0
2025,2,E006,Dayananda Sagar College of Engineering,Information Science,ST,18438,SAMPLE_DATA_NOT_REAL,1
2025,Final,E006,Dayananda Sagar College of Engineering,Information Science,ST,22457,SAMPLE_DATA_NOT_REAL,99
2021,1,E006,Dayananda Sagar College of Engineering,Mechanical,1G,4322,SAMPLE_DATA_NOT_REAL,0
2021,2,E006,Dayananda Sagar College of Engineering,Mechanical,1G,5307,SAMPLE_DATA_NOT_REAL,1
2021,Final,E006,Dayananda Sagar College of Engineering,Mechanical,1G,6135,SAMPLE_DATA_NOT_REAL,99
2022,1,E006,Dayananda Sagar College of Engineering,Mechanical,1G,4161,SAMPLE_DATA_NOT_REAL,0
2022,2,E006,Dayananda Sagar College of Engineering,Mechanical,1G,5390,SAMPLE_DATA_NOT_REAL,1
2022,Final,E006,Dayananda Sagar College of Engineering,Mechanical,1G,5627,SAMPLE_DATA_NOT_REAL,99
2023,1,E006,Dayananda Sagar College of Engineering,Mechanical,1G,4166,SAMPLE_DATA_NOT_REAL,0
2023,2,E006,Dayananda Sagar College of Engineering,Mechanical,1G,4585,SAMPLE_DATA_NOT_REAL,1
2023,Final,E006,Dayananda Sagar College of Engineering,Mechanical,1G,6156,SAMPLE_DATA_NOT_REAL,99
2024,1,E006,Dayananda Sagar College of Engineering,Mechanical,1G,4308,SAMPLE_DATA_NOT_REAL,0
2024,2,E006,Dayananda Sagar College of Engineering,Mechanical,1G,4987,SAMPLE_DATA_NOT_REAL,1
2024,Final,E006,Dayananda Sagar College of Engineering,Mechanical,1G,5182,SAMPLE_DATA_NOT_REAL,99
2025,1,E006,Dayananda Sagar College of Engineering,Mechanical,1G,3656,SAMPLE_DATA_NOT_REAL,0
2025,2,E006,Dayananda Sagar College of Engineering,Mechanical,1G,4597,SAMPLE_DATA_NOT_REAL,1
2025,Final,E006,Dayananda Sagar College of Engineering,Mechanical,1G,5632,SAMPLE_DATA_NOT_REAL,99
2021,1,E006,Dayananda Sagar College of Engineering,Mechanical,2A,6264,SAMPLE_DATA_NOT_REAL,0
2021,2,E006,Dayananda Sagar College of Engineering,Mechanical,2A,7297,SAMPLE_DATA_NOT_REAL,1
2021,Final,E006,Dayananda Sagar College of Engineering,Mechanical,2A,7367,SAMPLE_DATA_NOT_REAL,99
2022,1,E006,Dayananda Sagar College of Engineering,Mechanical,2A,5676,SAMPLE_DATA_NOT_REAL,0
2022,2,E006,Dayananda Sagar College of Engineering,Mechanical,2A,6778,SAMPLE_DATA_NOT_REAL,1
2022,Final,E006,Dayananda Sagar College of Engineering,Mechanical,2A,7624,SAMPLE_DATA_NOT_REAL,99
2023,1,E006,Dayananda Sagar College of Engineering,Mechanical,2A,5727,SAMPLE_DATA_NOT_REAL,0
2023,2,E006,Dayananda Sagar College of Engineering,Mechanical,2A,5793,SAMPLE_DATA_NOT_REAL,1
2023,Final,E006,Dayananda Sagar College of Engineering,Mechanical,2A,7619,SAMPLE_DATA_NOT_REAL,99
2024,1,E006,Dayananda Sagar College of Engineering,Mechanical,2A,5573,SAMPLE_DATA_NOT_REAL,0
2024,2,E006,Dayananda Sagar College of Engineering,Mechanical,2A,5608,SAMPLE_DATA_NOT_REAL,1
2024,Final,E006,Dayananda Sagar College of Engineering,Mechanical,2A,6875,SAMPLE_DATA_NOT_REAL,99
2025,1,E006,Dayananda Sagar College of Engineering,Mechanical,2A,4618,SAMPLE_DATA_NOT_REAL,0
2025,2,E006,Dayananda Sagar College of Engineering,Mechanical,2A,5882,SAMPLE_DATA_NOT_REAL,1
2025,Final,E006,Dayananda Sagar College of Engineering,Mechanical,2A,6302,SAMPLE_DATA_NOT_REAL,99
2021,1,E006,Dayananda Sagar College of Engineering,Mechanical,2B,7182,SAMPLE_DATA_NOT_REAL,0
2021,2,E006,Dayananda Sagar College of Engineering,Mechanical,2B,7557,SAMPLE_DATA_NOT_REAL,1
2021,Final,E006,Dayananda Sagar College of Engineering,Mechanical,2B,9734,SAMPLE_DATA_NOT_REAL,99
2022,1,E006,Dayananda Sagar College of Engineering,Mechanical,2B,6796,SAMPLE_DATA_NOT_REAL,0
2022,2,E006,Dayananda Sagar College of Engineering,Mechanical,2B,7206,SAMPLE_DATA_NOT_REAL,1
2022,Final,E006,Dayananda Sagar College of Engineering,Mechanical,2B,9252,SAMPLE_DATA_NOT_REAL,99
2023,1,E006,Dayananda Sagar College of Engineering,Mechanical,2B,6679,SAMPLE_DATA_NOT_REAL,0
2023,2,E006,Dayananda Sagar College of Engineering,Mechanical,2B,7017,SAMPLE_DATA_NOT_REAL,1
2023,Final,E006,Dayananda Sagar College of Engineering,Mechanical,2B,8693,SAMPLE_DATA_NOT_REAL,99
2024,1,E006,Dayananda Sagar College of Engineering,Mechanical,2B,5938,SAMPLE_DATA_NOT_REAL,0
2024,2,E006,Dayananda Sagar College of Engineering,Mechanical,2B,7255,SAMPLE_DATA_NOT_REAL,1
2024,Final,E006,Dayananda Sagar College of Engineering,Mechanical,2B,7873,SAMPLE_DATA_NOT_REAL,99
2025,1,E006,Dayananda Sagar College of Engineering,Mechanical,2B,5849,SAMPLE_DATA_NOT_REAL,0
2025,2,E006,Dayananda Sagar College of Engineering,Mechanical,2B,6414,SAMPLE_DATA_NOT_REAL,1
2025,Final,E006,Dayananda Sagar College of Engineering,Mechanical,2B,7354,SAMPLE_DATA_NOT_REAL,99
2021,1,E006,Dayananda Sagar College of Engineering,Mechanical,3A,7219,SAMPLE_DATA_NOT_REAL,0
2021,2,E006,Dayananda Sagar College of Engineering,Mechanical,3A,8496,SAMPLE_DATA_NOT_REAL,1
2021,Final,E006,Dayananda Sagar College of Engineering,Mechanical,3A,10201,SAMPLE_DATA_NOT_REAL,99
2022,1,E006,Dayananda Sagar College of Engineering,Mechanical,3A,6829,SAMPLE_DATA_NOT_REAL,0
2022,2,E006,Dayananda Sagar College of Engineering,Mechanical,3A,8545,SAMPLE_DATA_NOT_REAL,1
2022,Final,E006,Dayananda Sagar College of Engineering,Mechanical,3A,9513,SAMPLE_DATA_NOT_REAL,99
2023,1,E006,Dayananda Sagar College of Engineering,Mechanical,3A,6385,SAMPLE_DATA_NOT_REAL,0
2023,2,E006,Dayananda Sagar College of Engineering,Mechanical,3A,8185,SAMPLE_DATA_NOT_REAL,1
2023,Final,E006,Dayananda Sagar College of Engineering,Mechanical,3A,9335,SAMPLE_DATA_NOT_REAL,99
2024,1,E006,Dayananda Sagar College of Engineering,Mechanical,3A,6296,SAMPLE_DATA_NOT_REAL,0
2024,2,E006,Dayananda Sagar College of Engineering,Mechanical,3A,7280,SAMPLE_DATA_NOT_REAL,1
2024,Final,E006,Dayananda Sagar College of Engineering,Mechanical,3A,8357,SAMPLE_DATA_NOT_REAL,99
2025,1,E006,Dayananda Sagar College of Engineering,Mechanical,3A,6295,SAMPLE_DATA_NOT_REAL,0
2025,2,E006,Dayananda Sagar College of Engineering,Mechanical,3A,6721,SAMPLE_DATA_NOT_REAL,1
2025,Final,E006,Dayananda Sagar College of Engineering,Mechanical,3A,8395,SAMPLE_DATA_NOT_REAL,99
2021,1,E006,Dayananda Sagar College of Engineering,Mechanical,3B,7995,SAMPLE_DATA_NOT_REAL,0
2021,2,E006,Dayananda Sagar College of Engineering,Mechanical,3B,8936,SAMPLE_DATA_NOT_REAL,1
2021,Final,E006,Dayananda Sagar College of Engineering,Mechanical,3B,10491,SAMPLE_DATA_NOT_REAL,99
2022,1,E006,Dayananda Sagar College of Engineering,Mechanical,3B,7301,SAMPLE_DATA_NOT_REAL,0
2022,2,E006,Dayananda Sagar College of Engineering,Mechanical,3B,8311,SAMPLE_DATA_NOT_REAL,1
2022,Final,E006,Dayananda Sagar College of Engineering,Mechanical,3B,10130,SAMPLE_DATA_NOT_REAL,99
2023,1,E006,Dayananda Sagar College of Engineering,Mechanical,3B,7018,SAMPLE_DATA_NOT_REAL,0
2023,2,E006,Dayananda Sagar College of Engineering,Mechanical,3B,8190,SAMPLE_DATA_NOT_REAL,1
2023,Final,E006,Dayananda Sagar College of Engineering,Mechanical,3B,8948,SAMPLE_DATA_NOT_REAL,99
2024,1,E006,Dayananda Sagar College of Engineering,Mechanical,3B,6912,SAMPLE_DATA_NOT_REAL,0
2024,2,E006,Dayananda Sagar College of Engineering,Mechanical,3B,8334,SAMPLE_DATA_NOT_REAL,1
2024,Final,E006,Dayananda Sagar College of Engineering,Mechanical,3B,9298,SAMPLE_DATA_NOT_REAL,99
2025,1,E006,Dayananda Sagar College of Engineering,Mechanical,3B,6940,SAMPLE_DATA_NOT_REAL,0
2025,2,E006,Dayananda Sagar College of Engineering,Mechanical,3B,6947,SAMPLE_DATA_NOT_REAL,1
2025,Final,E006,Dayananda Sagar College of Engineering,Mechanical,3B,8202,SAMPLE_DATA_NOT_REAL,99
2021,1,E006,Dayananda Sagar College of Engineering,Mechanical,CAT1,5154,SAMPLE_DATA_NOT_REAL,0
2021,2,E006,Dayananda Sagar College of Engineering,Mechanical,CAT1,6665,SAMPLE_DATA_NOT_REAL,1
2021,Final,E006,Dayananda Sagar College of Engineering,Mechanical,CAT1,7147,SAMPLE_DATA_NOT_REAL,99
2022,1,E006,Dayananda Sagar College of Engineering,Mechanical,CAT1,5230,SAMPLE_DATA_NOT_REAL,0
2022,2,E006,Dayananda Sagar College of Engineering,Mechanical,CAT1,5992,SAMPLE_DATA_NOT_REAL,1
2022,Final,E006,Dayananda Sagar College of Engineering,Mechanical,CAT1,7496,SAMPLE_DATA_NOT_REAL,99
2023,1,E006,Dayananda Sagar College of Engineering,Mechanical,CAT1,4780,SAMPLE_DATA_NOT_REAL,0
2023,2,E006,Dayananda Sagar College of Engineering,Mechanical,CAT1,5899,SAMPLE_DATA_NOT_REAL,1
2023,Final,E006,Dayananda Sagar College of Engineering,Mechanical,CAT1,6902,SAMPLE_DATA_NOT_REAL,99
2024,1,E006,Dayananda Sagar College of Engineering,Mechanical,CAT1,4641,SAMPLE_DATA_NOT_REAL,0
2024,2,E006,Dayananda Sagar College of Engineering,Mechanical,CAT1,5379,SAMPLE_DATA_NOT_REAL,1
2024,Final,E006,Dayananda Sagar College of Engineering,Mechanical,CAT1,6643,SAMPLE_DATA_NOT_REAL,99
2025,1,E006,Dayananda Sagar College of Engineering,Mechanical,CAT1,4726,SAMPLE_DATA_NOT_REAL,0
2025,2,E006,Dayananda Sagar College of Engineering,Mechanical,CAT1,4972,SAMPLE_DATA_NOT_REAL,1
2025,Final,E006,Dayananda Sagar College of Engineering,Mechanical,CAT1,6378,SAMPLE_DATA_NOT_REAL,99
2021,1,E006,Dayananda Sagar College of Engineering,Mechanical,GM,3885,SAMPLE_DATA_NOT_REAL,0
2021,2,E006,Dayananda Sagar College of Engineering,Mechanical,GM,4580,SAMPLE_DATA_NOT_REAL,1
2021,Final,E006,Dayananda Sagar College of Engineering,Mechanical,GM,6142,SAMPLE_DATA_NOT_REAL,99
2022,1,E006,Dayananda Sagar College of Engineering,Mechanical,GM,4101,SAMPLE_DATA_NOT_REAL,0
2022,2,E006,Dayananda Sagar College of Engineering,Mechanical,GM,4358,SAMPLE_DATA_NOT_REAL,1
2022,Final,E006,Dayananda Sagar College of Engineering,Mechanical,GM,5504,SAMPLE_DATA_NOT_REAL,99
2023,1,E006,Dayananda Sagar College of Engineering,Mechanical,GM,3712,SAMPLE_DATA_NOT_REAL,0
2023,2,E006,Dayananda Sagar College of Engineering,Mechanical,GM,4269,SAMPLE_DATA_NOT_REAL,1
2023,Final,E006,Dayananda Sagar College of Engineering,Mechanical,GM,5161,SAMPLE_DATA_NOT_REAL,99
2024,1,E006,Dayananda Sagar College of Engineering,Mechanical,GM,3510,SAMPLE_DATA_NOT_REAL,0
2024,2,E006,Dayananda Sagar College of Engineering,Mechanical,GM,4612,SAMPLE_DATA_NOT_REAL,1
2024,Final,E006,Dayananda Sagar College of Engineering,Mechanical,GM,4908,SAMPLE_DATA_NOT_REAL,99
2025,1,E006,Dayananda Sagar College of Engineering,Mechanical,GM,3772,SAMPLE_DATA_NOT_REAL,0
2025,2,E006,Dayananda Sagar College of Engineering,Mechanical,GM,4321,SAMPLE_DATA_NOT_REAL,1
2025,Final,E006,Dayananda Sagar College of Engineering,Mechanical,GM,4452,SAMPLE_DATA_NOT_REAL,99
2021,1,E006,Dayananda Sagar College of Engineering,Mechanical,SC,12815,SAMPLE_DATA_NOT_REAL,0
2021,2,E006,Dayananda Sagar College of Engineering,Mechanical,SC,15364,SAMPLE_DATA_NOT_REAL,1
2021,Final,E006,Dayananda Sagar College of Engineering,Mechanical,SC,17871,SAMPLE_DATA_NOT_REAL,99
2022,1,E006,Dayananda Sagar College of Engineering,Mechanical,SC,12058,SAMPLE_DATA_NOT_REAL,0
2022,2,E006,Dayananda Sagar College of Engineering,Mechanical,SC,13625,SAMPLE_DATA_NOT_REAL,1
2022,Final,E006,Dayananda Sagar College of Engineering,Mechanical,SC,15507,SAMPLE_DATA_NOT_REAL,99
2023,1,E006,Dayananda Sagar College of Engineering,Mechanical,SC,12033,SAMPLE_DATA_NOT_REAL,0
2023,2,E006,Dayananda Sagar College of Engineering,Mechanical,SC,13450,SAMPLE_DATA_NOT_REAL,1
2023,Final,E006,Dayananda Sagar College of Engineering,Mechanical,SC,16556,SAMPLE_DATA_NOT_REAL,99
2024,1,E006,Dayananda Sagar College of Engineering,Mechanical,SC,11567,SAMPLE_DATA_NOT_REAL,0
2024,2,E006,Dayananda Sagar College of Engineering,Mechanical,SC,13057,SAMPLE_DATA_NOT_REAL,1
2024,Final,E006,Dayananda Sagar College of Engineering,Mechanical,SC,14497,SAMPLE_DATA_NOT_REAL,99
2025,1,E006,Dayananda Sagar College of Engineering,Mechanical,SC,11342,SAMPLE_DATA_NOT_REAL,0
2025,2,E006,Dayananda Sagar College of Engineering,Mechanical,SC,11837,SAMPLE_DATA_NOT_REAL,1
2025,Final,E006,Dayananda Sagar College of Engineering,Mechanical,SC,13816,SAMPLE_DATA_NOT_REAL,99
2021,1,E006,Dayananda Sagar College of Engineering,Mechanical,ST,15914,SAMPLE_DATA_NOT_REAL,0
2021,2,E006,Dayananda Sagar College of Engineering,Mechanical,ST,20487,SAMPLE_DATA_NOT_REAL,1
2021,Final,E006,Dayananda Sagar College of Engineering,Mechanical,ST,21446,SAMPLE_DATA_NOT_REAL,99
2022,1,E006,Dayananda Sagar College of Engineering,Mechanical,ST,15044,SAMPLE_DATA_NOT_REAL,0
2022,2,E006,Dayananda Sagar College of Engineering,Mechanical,ST,19561,SAMPLE_DATA_NOT_REAL,1
2022,Final,E006,Dayananda Sagar College of Engineering,Mechanical,ST,20365,SAMPLE_DATA_NOT_REAL,99
2023,1,E006,Dayananda Sagar College of Engineering,Mechanical,ST,14412,SAMPLE_DATA_NOT_REAL,0
2023,2,E006,Dayananda Sagar College of Engineering,Mechanical,ST,18478,SAMPLE_DATA_NOT_REAL,1
2023,Final,E006,Dayananda Sagar College of Engineering,Mechanical,ST,21618,SAMPLE_DATA_NOT_REAL,99
2024,1,E006,Dayananda Sagar College of Engineering,Mechanical,ST,14838,SAMPLE_DATA_NOT_REAL,0
2024,2,E006,Dayananda Sagar College of Engineering,Mechanical,ST,18083,SAMPLE_DATA_NOT_REAL,1
2024,Final,E006,Dayananda Sagar College of Engineering,Mechanical,ST,20619,SAMPLE_DATA_NOT_REAL,99
2025,1,E006,Dayananda Sagar College of Engineering,Mechanical,ST,14867,SAMPLE_DATA_NOT_REAL,0
2025,2,E006,Dayananda Sagar College of Engineering,Mechanical,ST,16052,SAMPLE_DATA_NOT_REAL,1
2025,Final,E006,Dayananda Sagar College of Engineering,Mechanical,ST,18074,SAMPLE_DATA_NOT_REAL,99
2021,1,E003,MS Ramaiah Institute of Technology,Civil,1G,3902,SAMPLE_DATA_NOT_REAL,0
2021,2,E003,MS Ramaiah Institute of Technology,Civil,1G,4667,SAMPLE_DATA_NOT_REAL,1
2021,Final,E003,MS Ramaiah Institute of Technology,Civil,1G,5518,SAMPLE_DATA_NOT_REAL,99
2022,1,E003,MS Ramaiah Institute of Technology,Civil,1G,3964,SAMPLE_DATA_NOT_REAL,0
2022,2,E003,MS Ramaiah Institute of Technology,Civil,1G,4208,SAMPLE_DATA_NOT_REAL,1
2022,Final,E003,MS Ramaiah Institute of Technology,Civil,1G,5269,SAMPLE_DATA_NOT_REAL,99
2023,1,E003,MS Ramaiah Institute of Technology,Civil,1G,3631,SAMPLE_DATA_NOT_REAL,0
2023,2,E003,MS Ramaiah Institute of Technology,Civil,1G,4568,SAMPLE_DATA_NOT_REAL,1
2023,Final,E003,MS Ramaiah Institute of Technology,Civil,1G,5207,SAMPLE_DATA_NOT_REAL,99
2024,1,E003,MS Ramaiah Institute of Technology,Civil,1G,3434,SAMPLE_DATA_NOT_REAL,0
2024,2,E003,MS Ramaiah Institute of Technology,Civil,1G,3908,SAMPLE_DATA_NOT_REAL,1
2024,Final,E003,MS Ramaiah Institute of Technology,Civil,1G,5237,SAMPLE_DATA_NOT_REAL,99
2025,1,E003,MS Ramaiah Institute of Technology,Civil,1G,3725,SAMPLE_DATA_NOT_REAL,0
2025,2,E003,MS Ramaiah Institute of Technology,Civil,1G,3806,SAMPLE_DATA_NOT_REAL,1
2025,Final,E003,MS Ramaiah Institute of Technology,Civil,1G,4370,SAMPLE_DATA_NOT_REAL,99
2021,1,E003,MS Ramaiah Institute of Technology,Civil,2A,5239,SAMPLE_DATA_NOT_REAL,0
2021,2,E003,MS Ramaiah Institute of Technology,Civil,2A,6077,SAMPLE_DATA_NOT_REAL,1
2021,Final,E003,MS Ramaiah Institute of Technology,Civil,2A,7315,SAMPLE_DATA_NOT_REAL,99
2022,1,E003,MS Ramaiah Institute of Technology,Civil,2A,4778,SAMPLE_DATA_NOT_REAL,0
2022,2,E003,MS Ramaiah Institute of Technology,Civil,2A,6199,SAMPLE_DATA_NOT_REAL,1
2022,Final,E003,MS Ramaiah Institute of Technology,Civil,2A,6389,SAMPLE_DATA_NOT_REAL,99
2023,1,E003,MS Ramaiah Institute of Technology,Civil,2A,4880,SAMPLE_DATA_NOT_REAL,0
2023,2,E003,MS Ramaiah Institute of Technology,Civil,2A,5533,SAMPLE_DATA_NOT_REAL,1
2023,Final,E003,MS Ramaiah Institute of Technology,Civil,2A,6687,SAMPLE_DATA_NOT_REAL,99
2024,1,E003,MS Ramaiah Institute of Technology,Civil,2A,4687,SAMPLE_DATA_NOT_REAL,0
2024,2,E003,MS Ramaiah Institute of Technology,Civil,2A,5558,SAMPLE_DATA_NOT_REAL,1
2024,Final,E003,MS Ramaiah Institute of Technology,Civil,2A,6067,SAMPLE_DATA_NOT_REAL,99
2025,1,E003,MS Ramaiah Institute of Technology,Civil,2A,4661,SAMPLE_DATA_NOT_REAL,0
2025,2,E003,MS Ramaiah Institute of Technology,Civil,2A,5466,SAMPLE_DATA_NOT_REAL,1
2025,Final,E003,MS Ramaiah Institute of Technology,Civil,2A,6156,SAMPLE_DATA_NOT_REAL,99
2021,1,E003,MS Ramaiah Institute of Technology,Civil,2B,6169,SAMPLE_DATA_NOT_REAL,0
2021,2,E003,MS Ramaiah Institute of Technology,Civil,2B,6614,SAMPLE_DATA_NOT_REAL,1
2021,Final,E003,MS Ramaiah Institute of Technology,Civil,2B,8367,SAMPLE_DATA_NOT_REAL,99
2022,1,E003,MS Ramaiah Institute of Technology,Civil,2B,6145,SAMPLE_DATA_NOT_REAL,0
2022,2,E003,MS Ramaiah Institute of Technology,Civil,2B,6547,SAMPLE_DATA_NOT_REAL,1
2022,Final,E003,MS Ramaiah Institute of Technology,Civil,2B,7803,SAMPLE_DATA_NOT_REAL,99
2023,1,E003,MS Ramaiah Institute of Technology,Civil,2B,5166,SAMPLE_DATA_NOT_REAL,0
2023,2,E003,MS Ramaiah Institute of Technology,Civil,2B,6182,SAMPLE_DATA_NOT_REAL,1
2023,Final,E003,MS Ramaiah Institute of Technology,Civil,2B,7748,SAMPLE_DATA_NOT_REAL,99
2024,1,E003,MS Ramaiah Institute of Technology,Civil,2B,5440,SAMPLE_DATA_NOT_REAL,0
2024,2,E003,MS Ramaiah Institute of Technology,Civil,2B,6216,SAMPLE_DATA_NOT_REAL,1
2024,Final,E003,MS Ramaiah Institute of Technology,Civil,2B,6721,SAMPLE_DATA_NOT_REAL,99
2025,1,E003,MS Ramaiah Institute of Technology,Civil,2B,4774,SAMPLE_DATA_NOT_REAL,0
2025,2,E003,MS Ramaiah Institute of Technology,Civil,2B,5694,SAMPLE_DATA_NOT_REAL,1
2025,Final,E003,MS Ramaiah Institute of Technology,Civil,2B,7095,SAMPLE_DATA_NOT_REAL,99
2021,1,E003,MS Ramaiah Institute of Technology,Civil,3A,6020,SAMPLE_DATA_NOT_REAL,0
2021,2,E003,MS Ramaiah Institute of Technology,Civil,3A,6958,SAMPLE_DATA_NOT_REAL,1
2021,Final,E003,MS Ramaiah Institute of Technology,Civil,3A,8465,SAMPLE_DATA_NOT_REAL,99
2022,1,E003,MS Ramaiah Institute of Technology,Civil,3A,5873,SAMPLE_DATA_NOT_REAL,0
2022,2,E003,MS Ramaiah Institute of Technology,Civil,3A,6869,SAMPLE_DATA_NOT_REAL,1
2022,Final,E003,MS Ramaiah Institute of Technology,Civil,3A,8615,SAMPLE_DATA_NOT_REAL,99
2023,1,E003,MS Ramaiah Institute of Technology,Civil,3A,6135,SAMPLE_DATA_NOT_REAL,0
2023,2,E003,MS Ramaiah Institute of Technology,Civil,3A,7137,SAMPLE_DATA_NOT_REAL,1
2023,Final,E003,MS Ramaiah Institute of Technology,Civil,3A,7395,SAMPLE_DATA_NOT_REAL,99
2024,1,E003,MS Ramaiah Institute of Technology,Civil,3A,6022,SAMPLE_DATA_NOT_REAL,0
2024,2,E003,MS Ramaiah Institute of Technology,Civil,3A,6390,SAMPLE_DATA_NOT_REAL,1
2024,Final,E003,MS Ramaiah Institute of Technology,Civil,3A,7552,SAMPLE_DATA_NOT_REAL,99
2025,1,E003,MS Ramaiah Institute of Technology,Civil,3A,5010,SAMPLE_DATA_NOT_REAL,0
2025,2,E003,MS Ramaiah Institute of Technology,Civil,3A,6655,SAMPLE_DATA_NOT_REAL,1
2025,Final,E003,MS Ramaiah Institute of Technology,Civil,3A,7111,SAMPLE_DATA_NOT_REAL,99
2021,1,E003,MS Ramaiah Institute of Technology,Civil,3B,6493,SAMPLE_DATA_NOT_REAL,0
2021,2,E003,MS Ramaiah Institute of Technology,Civil,3B,7953,SAMPLE_DATA_NOT_REAL,1
2021,Final,E003,MS Ramaiah Institute of Technology,Civil,3B,9650,SAMPLE_DATA_NOT_REAL,99
2022,1,E003,MS Ramaiah Institute of Technology,Civil,3B,6209,SAMPLE_DATA_NOT_REAL,0
2022,2,E003,MS Ramaiah Institute of Technology,Civil,3B,7398,SAMPLE_DATA_NOT_REAL,1
2022,Final,E003,MS Ramaiah Institute of Technology,Civil,3B,8530,SAMPLE_DATA_NOT_REAL,99
2023,1,E003,MS Ramaiah Institute of Technology,Civil,3B,5779,SAMPLE_DATA_NOT_REAL,0
2023,2,E003,MS Ramaiah Institute of Technology,Civil,3B,7113,SAMPLE_DATA_NOT_REAL,1
2023,Final,E003,MS Ramaiah Institute of Technology,Civil,3B,7972,SAMPLE_DATA_NOT_REAL,99
2024,1,E003,MS Ramaiah Institute of Technology,Civil,3B,5450,SAMPLE_DATA_NOT_REAL,0
2024,2,E003,MS Ramaiah Institute of Technology,Civil,3B,7005,SAMPLE_DATA_NOT_REAL,1
2024,Final,E003,MS Ramaiah Institute of Technology,Civil,3B,8288,SAMPLE_DATA_NOT_REAL,99
2025,1,E003,MS Ramaiah Institute of Technology,Civil,3B,5987,SAMPLE_DATA_NOT_REAL,0
2025,2,E003,MS Ramaiah Institute of Technology,Civil,3B,6834,SAMPLE_DATA_NOT_REAL,1
2025,Final,E003,MS Ramaiah Institute of Technology,Civil,3B,7978,SAMPLE_DATA_NOT_REAL,99
2021,1,E003,MS Ramaiah Institute of Technology,Civil,CAT1,4787,SAMPLE_DATA_NOT_REAL,0
2021,2,E003,MS Ramaiah Institute of Technology,Civil,CAT1,5727,SAMPLE_DATA_NOT_REAL,1
2021,Final,E003,MS Ramaiah Institute of Technology,Civil,CAT1,6657,SAMPLE_DATA_NOT_REAL,99
2022,1,E003,MS Ramaiah Institute of Technology,Civil,CAT1,4505,SAMPLE_DATA_NOT_REAL,0
2022,2,E003,MS Ramaiah Institute of Technology,Civil,CAT1,5375,SAMPLE_DATA_NOT_REAL,1
2022,Final,E003,MS Ramaiah Institute of Technology,Civil,CAT1,5938,SAMPLE_DATA_NOT_REAL,99
2023,1,E003,MS Ramaiah Institute of Technology,Civil,CAT1,4180,SAMPLE_DATA_NOT_REAL,0
2023,2,E003,MS Ramaiah Institute of Technology,Civil,CAT1,5113,SAMPLE_DATA_NOT_REAL,1
2023,Final,E003,MS Ramaiah Institute of Technology,Civil,CAT1,6262,SAMPLE_DATA_NOT_REAL,99
2024,1,E003,MS Ramaiah Institute of Technology,Civil,CAT1,4016,SAMPLE_DATA_NOT_REAL,0
2024,2,E003,MS Ramaiah Institute of Technology,Civil,CAT1,4981,SAMPLE_DATA_NOT_REAL,1
2024,Final,E003,MS Ramaiah Institute of Technology,Civil,CAT1,5404,SAMPLE_DATA_NOT_REAL,99
2025,1,E003,MS Ramaiah Institute of Technology,Civil,CAT1,4405,SAMPLE_DATA_NOT_REAL,0
2025,2,E003,MS Ramaiah Institute of Technology,Civil,CAT1,5033,SAMPLE_DATA_NOT_REAL,1
2025,Final,E003,MS Ramaiah Institute of Technology,Civil,CAT1,5110,SAMPLE_DATA_NOT_REAL,99
2021,1,E003,MS Ramaiah Institute of Technology,Civil,GM,3673,SAMPLE_DATA_NOT_REAL,0
2021,2,E003,MS Ramaiah Institute of Technology,Civil,GM,3937,SAMPLE_DATA_NOT_REAL,1
2021,Final,E003,MS Ramaiah Institute of Technology,Civil,GM,5240,SAMPLE_DATA_NOT_REAL,99
2022,1,E003,MS Ramaiah Institute of Technology,Civil,GM,3425,SAMPLE_DATA_NOT_REAL,0
2022,2,E003,MS Ramaiah Institute of Technology,Civil,GM,4296,SAMPLE_DATA_NOT_REAL,1
2022,Final,E003,MS Ramaiah Institute of Technology,Civil,GM,4467,SAMPLE_DATA_NOT_REAL,99
2023,1,E003,MS Ramaiah Institute of Technology,Civil,GM,3517,SAMPLE_DATA_NOT_REAL,0
2023,2,E003,MS Ramaiah Institute of Technology,Civil,GM,4038,SAMPLE_DATA_NOT_REAL,1
2023,Final,E003,MS Ramaiah Institute of Technology,Civil,GM,4301,SAMPLE_DATA_NOT_REAL,99
2024,1,E003,MS Ramaiah Institute of Technology,Civil,GM,3286,SAMPLE_DATA_NOT_REAL,0
2024,2,E003,MS Ramaiah Institute of Technology,Civil,GM,3507,SAMPLE_DATA_NOT_REAL,1
2024,Final,E003,MS Ramaiah Institute of Technology,Civil,GM,4756,SAMPLE_DATA_NOT_REAL,99
2025,1,E003,MS Ramaiah Institute of Technology,Civil,GM,3204,SAMPLE_DATA_NOT_REAL,0
2025,2,E003,MS Ramaiah Institute of Technology,Civil,GM,3711,SAMPLE_DATA_NOT_REAL,1
2025,Final,E003,MS Ramaiah Institute of Technology,Civil,GM,4238,SAMPLE_DATA_NOT_REAL,99
2021,1,E003,MS Ramaiah Institute of Technology,Civil,SC,12041,SAMPLE_DATA_NOT_REAL,0
2021,2,E003,MS Ramaiah Institute of Technology,Civil,SC,13247,SAMPLE_DATA_NOT_REAL,1
2021,Final,E003,MS Ramaiah Institute of Technology,Civil,SC,15217,SAMPLE_DATA_NOT_REAL,99
2022,1,E003,MS Ramaiah Institute of Technology,Civil,SC,10209,SAMPLE_DATA_NOT_REAL,0
2022,2,E003,MS Ramaiah Institute of Technology,Civil,SC,13146,SAMPLE_DATA_NOT_REAL,1
2022,Final,E003,MS Ramaiah Institute of Technology,Civil,SC,13371,SAMPLE_DATA_NOT_REAL,99
2023,1,E003,MS Ramaiah Institute of Technology,Civil,SC,10642,SAMPLE_DATA_NOT_REAL,0
2023,2,E003,MS Ramaiah Institute of Technology,Civil,SC,11546,SAMPLE_DATA_NOT_REAL,1
2023,Final,E003,MS Ramaiah Institute of Technology,Civil,SC,14951,SAMPLE_DATA_NOT_REAL,99
2024,1,E003,MS Ramaiah Institute of Technology,Civil,SC,9119,SAMPLE_DATA_NOT_REAL,0
2024,2,E003,MS Ramaiah Institute of Technology,Civil,SC,12031,SAMPLE_DATA_NOT_REAL,1
2024,Final,E003,MS Ramaiah Institute of Technology,Civil,SC,12775,SAMPLE_DATA_NOT_REAL,99
2025,1,E003,MS Ramaiah Institute of Technology,Civil,SC,9718,SAMPLE_DATA_NOT_REAL,0
2025,2,E003,MS Ramaiah Institute of Technology,Civil,SC,10963,SAMPLE_DATA_NOT_REAL,1
2025,Final,E003,MS Ramaiah Institute of Technology,Civil,SC,13521,SAMPLE_DATA_NOT_REAL,99
2021,1,E003,MS Ramaiah Institute of Technology,Civil,ST,15233,SAMPLE_DATA_NOT_REAL,0
2021,2,E003,MS Ramaiah Institute of Technology,Civil,ST,16982,SAMPLE_DATA_NOT_REAL,1
2021,Final,E003,MS Ramaiah Institute of Technology,Civil,ST,20517,SAMPLE_DATA_NOT_REAL,99
2022,1,E003,MS Ramaiah Institute of Technology,Civil,ST,14749,SAMPLE_DATA_NOT_REAL,0
2022,2,E003,MS Ramaiah Institute of Technology,Civil,ST,16927,SAMPLE_DATA_NOT_REAL,1
2022,Final,E003,MS Ramaiah Institute of Technology,Civil,ST,19844,SAMPLE_DATA_NOT_REAL,99
2023,1,E003,MS Ramaiah Institute of Technology,Civil,ST,12871,SAMPLE_DATA_NOT_REAL,0
2023,2,E003,MS Ramaiah Institute of Technology,Civil,ST,16694,SAMPLE_DATA_NOT_REAL,1
2023,Final,E003,MS Ramaiah Institute of Technology,Civil,ST,19363,SAMPLE_DATA_NOT_REAL,99
2024,1,E003,MS Ramaiah Institute of Technology,Civil,ST,13426,SAMPLE_DATA_NOT_REAL,0
2024,2,E003,MS Ramaiah Institute of Technology,Civil,ST,14285,SAMPLE_DATA_NOT_REAL,1
2024,Final,E003,MS Ramaiah Institute of Technology,Civil,ST,17967,SAMPLE_DATA_NOT_REAL,99
2025,1,E003,MS Ramaiah Institute of Technology,Civil,ST,12542,SAMPLE_DATA_NOT_REAL,0
2025,2,E003,MS Ramaiah Institute of Technology,Civil,ST,14353,SAMPLE_DATA_NOT_REAL,1
2025,Final,E003,MS Ramaiah Institute of Technology,Civil,ST,16775,SAMPLE_DATA_NOT_REAL,99
2021,1,E003,MS Ramaiah Institute of Technology,Computer Science,1G,826,SAMPLE_DATA_NOT_REAL,0
2021,2,E003,MS Ramaiah Institute of Technology,Computer Science,1G,877,SAMPLE_DATA_NOT_REAL,1
2021,Final,E003,MS Ramaiah Institute of Technology,Computer Science,1G,1052,SAMPLE_DATA_NOT_REAL,99
2022,1,E003,MS Ramaiah Institute of Technology,Computer Science,1G,678,SAMPLE_DATA_NOT_REAL,0
2022,2,E003,MS Ramaiah Institute of Technology,Computer Science,1G,776,SAMPLE_DATA_NOT_REAL,1
2022,Final,E003,MS Ramaiah Institute of Technology,Computer Science,1G,940,SAMPLE_DATA_NOT_REAL,99
2023,1,E003,MS Ramaiah Institute of Technology,Computer Science,1G,719,SAMPLE_DATA_NOT_REAL,0
2023,2,E003,MS Ramaiah Institute of Technology,Computer Science,1G,809,SAMPLE_DATA_NOT_REAL,1
2023,Final,E003,MS Ramaiah Institute of Technology,Computer Science,1G,968,SAMPLE_DATA_NOT_REAL,99
2024,1,E003,MS Ramaiah Institute of Technology,Computer Science,1G,627,SAMPLE_DATA_NOT_REAL,0
2024,2,E003,MS Ramaiah Institute of Technology,Computer Science,1G,727,SAMPLE_DATA_NOT_REAL,1
2024,Final,E003,MS Ramaiah Institute of Technology,Computer Science,1G,871,SAMPLE_DATA_NOT_REAL,99
2025,1,E003,MS Ramaiah Institute of Technology,Computer Science,1G,533,SAMPLE_DATA_NOT_REAL,0
2025,2,E003,MS Ramaiah Institute of Technology,Computer Science,1G,627,SAMPLE_DATA_NOT_REAL,1
2025,Final,E003,MS Ramaiah Institute of Technology,Computer Science,1G,803,SAMPLE_DATA_NOT_REAL,99
2021,1,E003,MS Ramaiah Institute of Technology,Computer Science,2A,1039,SAMPLE_DATA_NOT_REAL,0
2021,2,E003,MS Ramaiah Institute of Technology,Computer Science,2A,1070,SAMPLE_DATA_NOT_REAL,1
2021,Final,E003,MS Ramaiah Institute of Technology,Computer Science,2A,1367,SAMPLE_DATA_NOT_REAL,99
2022,1,E003,MS Ramaiah Institute of Technology,Computer Science,2A,930,SAMPLE_DATA_NOT_REAL,0
2022,2,E003,MS Ramaiah Institute of Technology,Computer Science,2A,1018,SAMPLE_DATA_NOT_REAL,1
2022,Final,E003,MS Ramaiah Institute of Technology,Computer Science,2A,1150,SAMPLE_DATA_NOT_REAL,99
2023,1,E003,MS Ramaiah Institute of Technology,Computer Science,2A,826,SAMPLE_DATA_NOT_REAL,0
2023,2,E003,MS Ramaiah Institute of Technology,Computer Science,2A,1023,SAMPLE_DATA_NOT_REAL,1
2023,Final,E003,MS Ramaiah Institute of Technology,Computer Science,2A,1139,SAMPLE_DATA_NOT_REAL,99
2024,1,E003,MS Ramaiah Institute of Technology,Computer Science,2A,843,SAMPLE_DATA_NOT_REAL,0
2024,2,E003,MS Ramaiah Institute of Technology,Computer Science,2A,973,SAMPLE_DATA_NOT_REAL,1
2024,Final,E003,MS Ramaiah Institute of Technology,Computer Science,2A,1037,SAMPLE_DATA_NOT_REAL,99
2025,1,E003,MS Ramaiah Institute of Technology,Computer Science,2A,705,SAMPLE_DATA_NOT_REAL,0
2025,2,E003,MS Ramaiah Institute of Technology,Computer Science,2A,858,SAMPLE_DATA_NOT_REAL,1
2025,Final,E003,MS Ramaiah Institute of Technology,Computer Science,2A,1023,SAMPLE_DATA_NOT_REAL,99
2021,1,E003,MS Ramaiah Institute of Technology,Computer Science,2B,1078,SAMPLE_DATA_NOT_REAL,0
2021,2,E003,MS Ramaiah Institute of Technology,Computer Science,2B,1196,SAMPLE_DATA_NOT_REAL,1
2021,Final,E003,MS Ramaiah Institute of Technology,Computer Science,2B,1492,SAMPLE_DATA_NOT_REAL,99
2022,1,E003,MS Ramaiah Institute of Technology,Computer Science,2B,1062,SAMPLE_DATA_NOT_REAL,0
2022,2,E003,MS Ramaiah Institute of Technology,Computer Science,2B,1284,SAMPLE_DATA_NOT_REAL,1
2022,Final,E003,MS Ramaiah Institute of Technology,Computer Science,2B,1350,SAMPLE_DATA_NOT_REAL,99
2023,1,E003,MS Ramaiah Institute of Technology,Computer Science,2B,1031,SAMPLE_DATA_NOT_REAL,0
2023,2,E003,MS Ramaiah Institute of Technology,Computer Science,2B,1134,SAMPLE_DATA_NOT_REAL,1
2023,Final,E003,MS Ramaiah Institute of Technology,Computer Science,2B,1346,SAMPLE_DATA_NOT_REAL,99
2024,1,E003,MS Ramaiah Institute of Technology,Computer Science,2B,842,SAMPLE_DATA_NOT_REAL,0
2024,2,E003,MS Ramaiah Institute of Technology,Computer Science,2B,968,SAMPLE_DATA_NOT_REAL,1
2024,Final,E003,MS Ramaiah Institute of Technology,Computer Science,2B,1257,SAMPLE_DATA_NOT_REAL,99
2025,1,E003,MS Ramaiah Institute of Technology,Computer Science,2B,865,SAMPLE_DATA_NOT_REAL,0
2025,2,E003,MS Ramaiah Institute of Technology,Computer Science,2B,937,SAMPLE_DATA_NOT_REAL,1
2025,Final,E003,MS Ramaiah Institute of Technology,Computer Science,2B,1094,SAMPLE_DATA_NOT_REAL,99
2021,1,E003,MS Ramaiah Institute of Technology,Computer Science,3A,1190,SAMPLE_DATA_NOT_REAL,0
2021,2,E003,MS Ramaiah Institute of Technology,Computer Science,3A,1465,SAMPLE_DATA_NOT_REAL,1
2021,Final,E003,MS Ramaiah Institute of Technology,Computer Science,3A,1508,SAMPLE_DATA_NOT_REAL,99
2022,1,E003,MS Ramaiah Institute of Technology,Computer Science,3A,1167,SAMPLE_DATA_NOT_REAL,0
2022,2,E003,MS Ramaiah Institute of Technology,Computer Science,3A,1212,SAMPLE_DATA_NOT_REAL,1
2022,Final,E003,MS Ramaiah Institute of Technology,Computer Science,3A,1460,SAMPLE_DATA_NOT_REAL,99
2023,1,E003,MS Ramaiah Institute of Technology,Computer Science,3A,1006,SAMPLE_DATA_NOT_REAL,0
2023,2,E003,MS Ramaiah Institute of Technology,Computer Science,3A,1120,SAMPLE_DATA_NOT_REAL,1
2023,Final,E003,MS Ramaiah Institute of Technology,Computer Science,3A,1348,SAMPLE_DATA_NOT_REAL,99
2024,1,E003,MS Ramaiah Institute of Technology,Computer Science,3A,926,SAMPLE_DATA_NOT_REAL,0
2024,2,E003,MS Ramaiah Institute of Technology,Computer Science,3A,1107,SAMPLE_DATA_NOT_REAL,1
2024,Final,E003,MS Ramaiah Institute of Technology,Computer Science,3A,1195,SAMPLE_DATA_NOT_REAL,99
2025,1,E003,MS Ramaiah Institute of Technology,Computer Science,3A,881,SAMPLE_DATA_NOT_REAL,0
2025,2,E003,MS Ramaiah Institute of Technology,Computer Science,3A,946,SAMPLE_DATA_NOT_REAL,1
2025,Final,E003,MS Ramaiah Institute of Technology,Computer Science,3A,1223,SAMPLE_DATA_NOT_REAL,99
2021,1,E003,MS Ramaiah Institute of Technology,Computer Science,3B,1195,SAMPLE_DATA_NOT_REAL,0
2021,2,E003,MS Ramaiah Institute of Technology,Computer Science,3B,1444,SAMPLE_DATA_NOT_REAL,1
2021,Final,E003,MS Ramaiah Institute of Technology,Computer Science,3B,1571,SAMPLE_DATA_NOT_REAL,99
2022,1,E003,MS Ramaiah Institute of Technology,Computer Science,3B,1106,SAMPLE_DATA_NOT_REAL,0
2022,2,E003,MS Ramaiah Institute of Technology,Computer Science,3B,1308,SAMPLE_DATA_NOT_REAL,1
2022,Final,E003,MS Ramaiah Institute of Technology,Computer Science,3B,1585,SAMPLE_DATA_NOT_REAL,99
2023,1,E003,MS Ramaiah Institute of Technology,Computer Science,3B,1035,SAMPLE_DATA_NOT_REAL,0
2023,2,E003,MS Ramaiah Institute of Technology,Computer Science,3B,1256,SAMPLE_DATA_NOT_REAL,1
2023,Final,E003,MS Ramaiah Institute of Technology,Computer Science,3B,1430,SAMPLE_DATA_NOT_REAL,99
2024,1,E003,MS Ramaiah Institute of Technology,Computer Science,3B,992,SAMPLE_DATA_NOT_REAL,0
2024,2,E003,MS Ramaiah Institute of Technology,Computer Science,3B,1251,SAMPLE_DATA_NOT_REAL,1
2024,Final,E003,MS Ramaiah Institute of Technology,Computer Science,3B,1437,SAMPLE_DATA_NOT_REAL,99
2025,1,E003,MS Ramaiah Institute of Technology,Computer Science,3B,1017,SAMPLE_DATA_NOT_REAL,0
2025,2,E003,MS Ramaiah Institute of Technology,Computer Science,3B,1007,SAMPLE_DATA_NOT_REAL,1
2025,Final,E003,MS Ramaiah Institute of Technology,Computer Science,3B,1336,SAMPLE_DATA_NOT_REAL,99
2021,1,E003,MS Ramaiah Institute of Technology,Computer Science,CAT1,881,SAMPLE_DATA_NOT_REAL,0
2021,2,E003,MS Ramaiah Institute of Technology,Computer Science,CAT1,975,SAMPLE_DATA_NOT_REAL,1
2021,Final,E003,MS Ramaiah Institute of Technology,Computer Science,CAT1,1252,SAMPLE_DATA_NOT_REAL,99
2022,1,E003,MS Ramaiah Institute of Technology,Computer Science,CAT1,907,SAMPLE_DATA_NOT_REAL,0
2022,2,E003,MS Ramaiah Institute of Technology,Computer Science,CAT1,941,SAMPLE_DATA_NOT_REAL,1
2022,Final,E003,MS Ramaiah Institute of Technology,Computer Science,CAT1,1232,SAMPLE_DATA_NOT_REAL,99
2023,1,E003,MS Ramaiah Institute of Technology,Computer Science,CAT1,775,SAMPLE_DATA_NOT_REAL,0
2023,2,E003,MS Ramaiah Institute of Technology,Computer Science,CAT1,970,SAMPLE_DATA_NOT_REAL,1
2023,Final,E003,MS Ramaiah Institute of Technology,Computer Science,CAT1,1137,SAMPLE_DATA_NOT_REAL,99
2024,1,E003,MS Ramaiah Institute of Technology,Computer Science,CAT1,723,SAMPLE_DATA_NOT_REAL,0
2024,2,E003,MS Ramaiah Institute of Technology,Computer Science,CAT1,878,SAMPLE_DATA_NOT_REAL,1
2024,Final,E003,MS Ramaiah Institute of Technology,Computer Science,CAT1,932,SAMPLE_DATA_NOT_REAL,99
2025,1,E003,MS Ramaiah Institute of Technology,Computer Science,CAT1,665,SAMPLE_DATA_NOT_REAL,0
2025,2,E003,MS Ramaiah Institute of Technology,Computer Science,CAT1,772,SAMPLE_DATA_NOT_REAL,1
2025,Final,E003,MS Ramaiah Institute of Technology,Computer Science,CAT1,978,SAMPLE_DATA_NOT_REAL,99
2021,1,E003,MS Ramaiah Institute of Technology,Computer Science,GM,695,SAMPLE_DATA_NOT_REAL,0
2021,2,E003,MS Ramaiah Institute of Technology,Computer Science,GM,801,SAMPLE_DATA_NOT_REAL,1
2021,Final,E003,MS Ramaiah Institute of Technology,Computer Science,GM,956,SAMPLE_DATA_NOT_REAL,99
2022,1,E003,MS Ramaiah Institute of Technology,Computer Science,GM,660,SAMPLE_DATA_NOT_REAL,0
2022,2,E003,MS Ramaiah Institute of Technology,Computer Science,GM,805,SAMPLE_DATA_NOT_REAL,1
2022,Final,E003,MS Ramaiah Institute of Technology,Computer Science,GM,926,SAMPLE_DATA_NOT_REAL,99
2023,1,E003,MS Ramaiah Institute of Technology,Computer Science,GM,643,SAMPLE_DATA_NOT_REAL,0
2023,2,E003,MS Ramaiah Institute of Technology,Computer Science,GM,714,SAMPLE_DATA_NOT_REAL,1
2023,Final,E003,MS Ramaiah Institute of Technology,Computer Science,GM,820,SAMPLE_DATA_NOT_REAL,99
2024,1,E003,MS Ramaiah Institute of Technology,Computer Science,GM,559,SAMPLE_DATA_NOT_REAL,0
2024,2,E003,MS Ramaiah Institute of Technology,Computer Science,GM,637,SAMPLE_DATA_NOT_REAL,1
2024,Final,E003,MS Ramaiah Institute of Technology,Computer Science,GM,772,SAMPLE_DATA_NOT_REAL,99
2025,1,E003,MS Ramaiah Institute of Technology,Computer Science,GM,501,SAMPLE_DATA_NOT_REAL,0
2025,2,E003,MS Ramaiah Institute of Technology,Computer Science,GM,593,SAMPLE_DATA_NOT_REAL,1
2025,Final,E003,MS Ramaiah Institute of Technology,Computer Science,GM,702,SAMPLE_DATA_NOT_REAL,99
2021,1,E003,MS Ramaiah Institute of Technology,Computer Science,SC,2239,SAMPLE_DATA_NOT_REAL,0
2021,2,E003,MS Ramaiah Institute of Technology,Computer Science,SC,2539,SAMPLE_DATA_NOT_REAL,1
2021,Final,E003,MS Ramaiah Institute of Technology,Computer Science,SC,2756,SAMPLE_DATA_NOT_REAL,99
2022,1,E003,MS Ramaiah Institute of Technology,Computer Science,SC,2009,SAMPLE_DATA_NOT_REAL,0
2022,2,E003,MS Ramaiah Institute of Technology,Computer Science,SC,2413,SAMPLE_DATA_NOT_REAL,1
2022,Final,E003,MS Ramaiah Institute of Technology,Computer Science,SC,2711,SAMPLE_DATA_NOT_REAL,99
2023,1,E003,MS Ramaiah Institute of Technology,Computer Science,SC,1947,SAMPLE_DATA_NOT_REAL,0
2023,2,E003,MS Ramaiah Institute of Technology,Computer Science,SC,2071,SAMPLE_DATA_NOT_REAL,1
2023,Final,E003,MS Ramaiah Institute of Technology,Computer Science,SC,2503,SAMPLE_DATA_NOT_REAL,99
2024,1,E003,MS Ramaiah Institute of Technology,Computer Science,SC,1656,SAMPLE_DATA_NOT_REAL,0
2024,2,E003,MS Ramaiah Institute of Technology,Computer Science,SC,1812,SAMPLE_DATA_NOT_REAL,1
2024,Final,E003,MS Ramaiah Institute of Technology,Computer Science,SC,2179,SAMPLE_DATA_NOT_REAL,99
2025,1,E003,MS Ramaiah Institute of Technology,Computer Science,SC,1678,SAMPLE_DATA_NOT_REAL,0
2025,2,E003,MS Ramaiah Institute of Technology,Computer Science,SC,1775,SAMPLE_DATA_NOT_REAL,1
2025,Final,E003,MS Ramaiah Institute of Technology,Computer Science,SC,2010,SAMPLE_DATA_NOT_REAL,99
2021,1,E003,MS Ramaiah Institute of Technology,Computer Science,ST,2966,SAMPLE_DATA_NOT_REAL,0
2021,2,E003,MS Ramaiah Institute of Technology,Computer Science,ST,3169,SAMPLE_DATA_NOT_REAL,1
2021,Final,E003,MS Ramaiah Institute of Technology,Computer Science,ST,3962,SAMPLE_DATA_NOT_REAL,99
2022,1,E003,MS Ramaiah Institute of Technology,Computer Science,ST,2409,SAMPLE_DATA_NOT_REAL,0
2022,2,E003,MS Ramaiah Institute of Technology,Computer Science,ST,3219,SAMPLE_DATA_NOT_REAL,1
2022,Final,E003,MS Ramaiah Institute of Technology,Computer Science,ST,3381,SAMPLE_DATA_NOT_REAL,99
2023,1,E003,MS Ramaiah Institute of Technology,Computer Science,ST,2584,SAMPLE_DATA_NOT_REAL,0
2023,2,E003,MS Ramaiah Institute of Technology,Computer Science,ST,2642,SAMPLE_DATA_NOT_REAL,1
2023,Final,E003,MS Ramaiah Institute of Technology,Computer Science,ST,3030,SAMPLE_DATA_NOT_REAL,99
2024,1,E003,MS Ramaiah Institute of Technology,Computer Science,ST,2096,SAMPLE_DATA_NOT_REAL,0
2024,2,E003,MS Ramaiah Institute of Technology,Computer Science,ST,2573,SAMPLE_DATA_NOT_REAL,1
2024,Final,E003,MS Ramaiah Institute of Technology,Computer Science,ST,3214,SAMPLE_DATA_NOT_REAL,99
2025,1,E003,MS Ramaiah Institute of Technology,Computer Science,ST,1941,SAMPLE_DATA_NOT_REAL,0
2025,2,E003,MS Ramaiah Institute of Technology,Computer Science,ST,2339,SAMPLE_DATA_NOT_REAL,1
2025,Final,E003,MS Ramaiah Institute of Technology,Computer Science,ST,2714,SAMPLE_DATA_NOT_REAL,99
2021,1,E003,MS Ramaiah Institute of Technology,Electrical & Electronics,1G,5663,SAMPLE_DATA_NOT_REAL,0
2021,2,E003,MS Ramaiah Institute of Technology,Electrical & Electronics,1G,7253,SAMPLE_DATA_NOT_REAL,1
2021,Final,E003,MS Ramaiah Institute of Technology,Electrical & Electronics,1G,8305,SAMPLE_DATA_NOT_REAL,99
2022,1,E003,MS Ramaiah Institute of Technology,Electrical & Electronics,1G,6190,SAMPLE_DATA_NOT_REAL,0
2022,2,E003,MS Ramaiah Institute of Technology,Electrical & Electronics,1G,6507,SAMPLE_DATA_NOT_REAL,1
2022,Final,E003,MS Ramaiah Institute of Technology,Electrical & Electronics,1G,7423,SAMPLE_DATA_NOT_REAL,99
2023,1,E003,MS Ramaiah Institute of Technology,Electrical & Electronics,1G,5289,SAMPLE_DATA_NOT_REAL,0
2023,2,E003,MS Ramaiah Institute of Technology,Electrical & Electronics,1G,6496,SAMPLE_DATA_NOT_REAL,1
2023,Final,E003,MS Ramaiah Institute of Technology,Electrical & Electronics,1G,7428,SAMPLE_DATA_NOT_REAL,99
2024,1,E003,MS Ramaiah Institute of Technology,Electrical & Electronics,1G,5590,SAMPLE_DATA_NOT_REAL,0
2024,2,E003,MS Ramaiah Institute of Technology,Electrical & Electronics,1G,5680,SAMPLE_DATA_NOT_REAL,1
2024,Final,E003,MS Ramaiah Institute of Technology,Electrical & Electronics,1G,6641,SAMPLE_DATA_NOT_REAL,99
2025,1,E003,MS Ramaiah Institute of Technology,Electrical & Electronics,1G,4716,SAMPLE_DATA_NOT_REAL,0
2025,2,E003,MS Ramaiah Institute of Technology,Electrical & Electronics,1G,5419,SAMPLE_DATA_NOT_REAL,1
2025,Final,E003,MS Ramaiah Institute of Technology,Electrical & Electronics,1G,7374,SAMPLE_DATA_NOT_REAL,99
2021,1,E003,MS Ramaiah Institute of Technology,Electrical & Electronics,2A,7335,SAMPLE_DATA_NOT_REAL,0
2021,2,E003,MS Ramaiah Institute of Technology,Electrical & Electronics,2A,9001,SAMPLE_DATA_NOT_REAL,1
2021,Final,E003,MS Ramaiah Institute of Technology,Electrical & Electronics,2A,9781,SAMPLE_DATA_NOT_REAL,99
2022,1,E003,MS Ramaiah Institute of Technology,Electrical & Electronics,2A,7715,SAMPLE_DATA_NOT_REAL,0
2022,2,E003,MS Ramaiah Institute of Technology,Electrical & Electronics,2A,9008,SAMPLE_DATA_NOT_REAL,1
2022,Final,E003,MS Ramaiah Institute of Technology,Electrical & Electronics,2A,9594,SAMPLE_DATA_NOT_REAL,99
2023,1,E003,MS Ramaiah Institute of Technology,Electrical & Electronics,2A,6732,SAMPLE_DATA_NOT_REAL,0
2023,2,E003,MS Ramaiah Institute of Technology,Electrical & Electronics,2A,8135,SAMPLE_DATA_NOT_REAL,1
2023,Final,E003,MS Ramaiah Institute of Technology,Electrical & Electronics,2A,9078,SAMPLE_DATA_NOT_REAL,99
2024,1,E003,MS Ramaiah Institute of Technology,Electrical & Electronics,2A,7331,SAMPLE_DATA_NOT_REAL,0
2024,2,E003,MS Ramaiah Institute of Technology,Electrical & Electronics,2A,7360,SAMPLE_DATA_NOT_REAL,1
2024,Final,E003,MS Ramaiah Institute of Technology,Electrical & Electronics,2A,8750,SAMPLE_DATA_NOT_REAL,99
2025,1,E003,MS Ramaiah Institute of Technology,Electrical & Electronics,2A,7007,SAMPLE_DATA_NOT_REAL,0
2025,2,E003,MS Ramaiah Institute of Technology,Electrical & Electronics,2A,7453,SAMPLE_DATA_NOT_REAL,1
2025,Final,E003,MS Ramaiah Institute of Technology,Electrical & Electronics,2A,8555,SAMPLE_DATA_NOT_REAL,99
2021,1,E003,MS Ramaiah Institute of Technology,Electrical & Electronics,2B,8542,SAMPLE_DATA_NOT_REAL,0
2021,2,E003,MS Ramaiah Institute of Technology,Electrical & Electronics,2B,10345,SAMPLE_DATA_NOT_REAL,1
2021,Final,E003,MS Ramaiah Institute of Technology,Electrical & Electronics,2B,11021,SAMPLE_DATA_NOT_REAL,99
2022,1,E003,MS Ramaiah Institute of Technology,Electrical & Electronics,2B,8114,SAMPLE_DATA_NOT_REAL,0
2022,2,E003,MS Ramaiah Institute of Technology,Electrical & Electronics,2B,9739,SAMPLE_DATA_NOT_REAL,1
2022,Final,E003,MS Ramaiah Institute of Technology,Electrical & Electronics,2B,12063,SAMPLE_DATA_NOT_REAL,99
2023,1,E003,MS Ramaiah Institute of Technology,Electrical & Electronics,2B,7776,SAMPLE_DATA_NOT_REAL,0
2023,2,E003,MS Ramaiah Institute of Technology,Electrical & Electronics,2B,8757,SAMPLE_DATA_NOT_REAL,1
2023,Final,E003,MS Ramaiah Institute of Technology,Electrical & Electronics,2B,11241,SAMPLE_DATA_NOT_REAL,99
2024,1,E003,MS Ramaiah Institute of Technology,Electrical & Electronics,2B,7652,SAMPLE_DATA_NOT_REAL,0
2024,2,E003,MS Ramaiah Institute of Technology,Electrical & Electronics,2B,9142,SAMPLE_DATA_NOT_REAL,1
2024,Final,E003,MS Ramaiah Institute of Technology,Electrical & Electronics,2B,9957,SAMPLE_DATA_NOT_REAL,99
2025,1,E003,MS Ramaiah Institute of Technology,Electrical & Electronics,2B,7635,SAMPLE_DATA_NOT_REAL,0
2025,2,E003,MS Ramaiah Institute of Technology,Electrical & Electronics,2B,9017,SAMPLE_DATA_NOT_REAL,1
2025,Final,E003,MS Ramaiah Institute of Technology,Electrical & Electronics,2B,10455,SAMPLE_DATA_NOT_REAL,99
2021,1,E003,MS Ramaiah Institute of Technology,Electrical & Electronics,3A,9449,SAMPLE_DATA_NOT_REAL,0
2021,2,E003,MS Ramaiah Institute of Technology,Electrical & Electronics,3A,11459,SAMPLE_DATA_NOT_REAL,1
2021,Final,E003,MS Ramaiah Institute of Technology,Electrical & Electronics,3A,12463,SAMPLE_DATA_NOT_REAL,99
2022,1,E003,MS Ramaiah Institute of Technology,Electrical & Electronics,3A,8404,SAMPLE_DATA_NOT_REAL,0
2022,2,E003,MS Ramaiah Institute of Technology,Electrical & Electronics,3A,10514,SAMPLE_DATA_NOT_REAL,1
2022,Final,E003,MS Ramaiah Institute of Technology,Electrical & Electronics,3A,11177,SAMPLE_DATA_NOT_REAL,99
2023,1,E003,MS Ramaiah Institute of Technology,Electrical & Electronics,3A,8619,SAMPLE_DATA_NOT_REAL,0
2023,2,E003,MS Ramaiah Institute of Technology,Electrical & Electronics,3A,9347,SAMPLE_DATA_NOT_REAL,1
2023,Final,E003,MS Ramaiah Institute of Technology,Electrical & Electronics,3A,11330,SAMPLE_DATA_NOT_REAL,99
2024,1,E003,MS Ramaiah Institute of Technology,Electrical & Electronics,3A,8024,SAMPLE_DATA_NOT_REAL,0
2024,2,E003,MS Ramaiah Institute of Technology,Electrical & Electronics,3A,9437,SAMPLE_DATA_NOT_REAL,1
2024,Final,E003,MS Ramaiah Institute of Technology,Electrical & Electronics,3A,10741,SAMPLE_DATA_NOT_REAL,99
2025,1,E003,MS Ramaiah Institute of Technology,Electrical & Electronics,3A,8485,SAMPLE_DATA_NOT_REAL,0
2025,2,E003,MS Ramaiah Institute of Technology,Electrical & Electronics,3A,8794,SAMPLE_DATA_NOT_REAL,1
2025,Final,E003,MS Ramaiah Institute of Technology,Electrical & Electronics,3A,10658,SAMPLE_DATA_NOT_REAL,99
2021,1,E003,MS Ramaiah Institute of Technology,Electrical & Electronics,3B,9440,SAMPLE_DATA_NOT_REAL,0
2021,2,E003,MS Ramaiah Institute of Technology,Electrical & Electronics,3B,11210,SAMPLE_DATA_NOT_REAL,1
2021,Final,E003,MS Ramaiah Institute of Technology,Electrical & Electronics,3B,12899,SAMPLE_DATA_NOT_REAL,99
2022,1,E003,MS Ramaiah Institute of Technology,Electrical & Electronics,3B,9739,SAMPLE_DATA_NOT_REAL,0
2022,2,E003,MS Ramaiah Institute of Technology,Electrical & Electronics,3B,10169,SAMPLE_DATA_NOT_REAL,1
2022,Final,E003,MS Ramaiah Institute of Technology,Electrical & Electronics,3B,13030,SAMPLE_DATA_NOT_REAL,99
2023,1,E003,MS Ramaiah Institute of Technology,Electrical & Electronics,3B,8658,SAMPLE_DATA_NOT_REAL,0
2023,2,E003,MS Ramaiah Institute of Technology,Electrical & Electronics,3B,9749,SAMPLE_DATA_NOT_REAL,1
2023,Final,E003,MS Ramaiah Institute of Technology,Electrical & Electronics,3B,11557,SAMPLE_DATA_NOT_REAL,99
2024,1,E003,MS Ramaiah Institute of Technology,Electrical & Electronics,3B,8813,SAMPLE_DATA_NOT_REAL,0
2024,2,E003,MS Ramaiah Institute of Technology,Electrical & Electronics,3B,10709,SAMPLE_DATA_NOT_REAL,1
2024,Final,E003,MS Ramaiah Institute of Technology,Electrical & Electronics,3B,12541,SAMPLE_DATA_NOT_REAL,99
2025,1,E003,MS Ramaiah Institute of Technology,Electrical & Electronics,3B,8145,SAMPLE_DATA_NOT_REAL,0
2025,2,E003,MS Ramaiah Institute of Technology,Electrical & Electronics,3B,10364,SAMPLE_DATA_NOT_REAL,1
2025,Final,E003,MS Ramaiah Institute of Technology,Electrical & Electronics,3B,10531,SAMPLE_DATA_NOT_REAL,99
2021,1,E003,MS Ramaiah Institute of Technology,Electrical & Electronics,CAT1,7275,SAMPLE_DATA_NOT_REAL,0
2021,2,E003,MS Ramaiah Institute of Technology,Electrical & Electronics,CAT1,8730,SAMPLE_DATA_NOT_REAL,1
2021,Final,E003,MS Ramaiah Institute of Technology,Electrical & Electronics,CAT1,9630,SAMPLE_DATA_NOT_REAL,99
2022,1,E003,MS Ramaiah Institute of Technology,Electrical & Electronics,CAT1,7189,SAMPLE_DATA_NOT_REAL,0
2022,2,E003,MS Ramaiah Institute of Technology,Electrical & Electronics,CAT1,7684,SAMPLE_DATA_NOT_REAL,1
2022,Final,E003,MS Ramaiah Institute of Technology,Electrical & Electronics,CAT1,9104,SAMPLE_DATA_NOT_REAL,99
2023,1,E003,MS Ramaiah Institute of Technology,Electrical & Electronics,CAT1,6083,SAMPLE_DATA_NOT_REAL,0
2023,2,E003,MS Ramaiah Institute of Technology,Electrical & Electronics,CAT1,7173,SAMPLE_DATA_NOT_REAL,1
2023,Final,E003,MS Ramaiah Institute of Technology,Electrical & Electronics,CAT1,8776,SAMPLE_DATA_NOT_REAL,99
2024,1,E003,MS Ramaiah Institute of Technology,Electrical & Electronics,CAT1,6003,SAMPLE_DATA_NOT_REAL,0
2024,2,E003,MS Ramaiah Institute of Technology,Electrical & Electronics,CAT1,6821,SAMPLE_DATA_NOT_REAL,1
2024,Final,E003,MS Ramaiah Institute of Technology,Electrical & Electronics,CAT1,7964,SAMPLE_DATA_NOT_REAL,99
2025,1,E003,MS Ramaiah Institute of Technology,Electrical & Electronics,CAT1,6495,SAMPLE_DATA_NOT_REAL,0
2025,2,E003,MS Ramaiah Institute of Technology,Electrical & Electronics,CAT1,6940,SAMPLE_DATA_NOT_REAL,1
2025,Final,E003,MS Ramaiah Institute of Technology,Electrical & Electronics,CAT1,8758,SAMPLE_DATA_NOT_REAL,99
2021,1,E003,MS Ramaiah Institute of Technology,Electrical & Electronics,GM,5496,SAMPLE_DATA_NOT_REAL,0
2021,2,E003,MS Ramaiah Institute of Technology,Electrical & Electronics,GM,6731,SAMPLE_DATA_NOT_REAL,1
2021,Final,E003,MS Ramaiah Institute of Technology,Electrical & Electronics,GM,7831,SAMPLE_DATA_NOT_REAL,99
2022,1,E003,MS Ramaiah Institute of Technology,Electrical & Electronics,GM,5134,SAMPLE_DATA_NOT_REAL,0
2022,2,E003,MS Ramaiah Institute of Technology,Electrical & Electronics,GM,6332,SAMPLE_DATA_NOT_REAL,1
2022,Final,E003,MS Ramaiah Institute of Technology,Electrical & Electronics,GM,6779,SAMPLE_DATA_NOT_REAL,99
2023,1,E003,MS Ramaiah Institute of Technology,Electrical & Electronics,GM,4733,SAMPLE_DATA_NOT_REAL,0
2023,2,E003,MS Ramaiah Institute of Technology,Electrical & Electronics,GM,5792,SAMPLE_DATA_NOT_REAL,1
2023,Final,E003,MS Ramaiah Institute of Technology,Electrical & Electronics,GM,7153,SAMPLE_DATA_NOT_REAL,99
2024,1,E003,MS Ramaiah Institute of Technology,Electrical & Electronics,GM,5119,SAMPLE_DATA_NOT_REAL,0
2024,2,E003,MS Ramaiah Institute of Technology,Electrical & Electronics,GM,5956,SAMPLE_DATA_NOT_REAL,1
2024,Final,E003,MS Ramaiah Institute of Technology,Electrical & Electronics,GM,6628,SAMPLE_DATA_NOT_REAL,99
2025,1,E003,MS Ramaiah Institute of Technology,Electrical & Electronics,GM,4725,SAMPLE_DATA_NOT_REAL,0
2025,2,E003,MS Ramaiah Institute of Technology,Electrical & Electronics,GM,5312,SAMPLE_DATA_NOT_REAL,1
2025,Final,E003,MS Ramaiah Institute of Technology,Electrical & Electronics,GM,5897,SAMPLE_DATA_NOT_REAL,99
2021,1,E003,MS Ramaiah Institute of Technology,Electrical & Electronics,SC,15707,SAMPLE_DATA_NOT_REAL,0
2021,2,E003,MS Ramaiah Institute of Technology,Electrical & Electronics,SC,19044,SAMPLE_DATA_NOT_REAL,1
2021,Final,E003,MS Ramaiah Institute of Technology,Electrical & Electronics,SC,21398,SAMPLE_DATA_NOT_REAL,99
2022,1,E003,MS Ramaiah Institute of Technology,Electrical & Electronics,SC,15481,SAMPLE_DATA_NOT_REAL,0
2022,2,E003,MS Ramaiah Institute of Technology,Electrical & Electronics,SC,18934,SAMPLE_DATA_NOT_REAL,1
2022,Final,E003,MS Ramaiah Institute of Technology,Electrical & Electronics,SC,20443,SAMPLE_DATA_NOT_REAL,99
2023,1,E003,MS Ramaiah Institute of Technology,Electrical & Electronics,SC,15647,SAMPLE_DATA_NOT_REAL,0
2023,2,E003,MS Ramaiah Institute of Technology,Electrical & Electronics,SC,17827,SAMPLE_DATA_NOT_REAL,1
2023,Final,E003,MS Ramaiah Institute of Technology,Electrical & Electronics,SC,21763,SAMPLE_DATA_NOT_REAL,99
2024,1,E003,MS Ramaiah Institute of Technology,Electrical & Electronics,SC,14868,SAMPLE_DATA_NOT_REAL,0
2024,2,E003,MS Ramaiah Institute of Technology,Electrical & Electronics,SC,15514,SAMPLE_DATA_NOT_REAL,1
2024,Final,E003,MS Ramaiah Institute of Technology,Electrical & Electronics,SC,19756,SAMPLE_DATA_NOT_REAL,99
2025,1,E003,MS Ramaiah Institute of Technology,Electrical & Electronics,SC,14483,SAMPLE_DATA_NOT_REAL,0
2025,2,E003,MS Ramaiah Institute of Technology,Electrical & Electronics,SC,14777,SAMPLE_DATA_NOT_REAL,1
2025,Final,E003,MS Ramaiah Institute of Technology,Electrical & Electronics,SC,19000,SAMPLE_DATA_NOT_REAL,99
2021,1,E003,MS Ramaiah Institute of Technology,Electrical & Electronics,ST,20419,SAMPLE_DATA_NOT_REAL,0
2021,2,E003,MS Ramaiah Institute of Technology,Electrical & Electronics,ST,25808,SAMPLE_DATA_NOT_REAL,1
2021,Final,E003,MS Ramaiah Institute of Technology,Electrical & Electronics,ST,27496,SAMPLE_DATA_NOT_REAL,99
2022,1,E003,MS Ramaiah Institute of Technology,Electrical & Electronics,ST,22664,SAMPLE_DATA_NOT_REAL,0
2022,2,E003,MS Ramaiah Institute of Technology,Electrical & Electronics,ST,24814,SAMPLE_DATA_NOT_REAL,1
2022,Final,E003,MS Ramaiah Institute of Technology,Electrical & Electronics,ST,27482,SAMPLE_DATA_NOT_REAL,99
2023,1,E003,MS Ramaiah Institute of Technology,Electrical & Electronics,ST,19544,SAMPLE_DATA_NOT_REAL,0
2023,2,E003,MS Ramaiah Institute of Technology,Electrical & Electronics,ST,22163,SAMPLE_DATA_NOT_REAL,1
2023,Final,E003,MS Ramaiah Institute of Technology,Electrical & Electronics,ST,27213,SAMPLE_DATA_NOT_REAL,99
2024,1,E003,MS Ramaiah Institute of Technology,Electrical & Electronics,ST,17880,SAMPLE_DATA_NOT_REAL,0
2024,2,E003,MS Ramaiah Institute of Technology,Electrical & Electronics,ST,23025,SAMPLE_DATA_NOT_REAL,1
2024,Final,E003,MS Ramaiah Institute of Technology,Electrical & Electronics,ST,28170,SAMPLE_DATA_NOT_REAL,99
2025,1,E003,MS Ramaiah Institute of Technology,Electrical & Electronics,ST,19319,SAMPLE_DATA_NOT_REAL,0
2025,2,E003,MS Ramaiah Institute of Technology,Electrical & Electronics,ST,22900,SAMPLE_DATA_NOT_REAL,1
2025,Final,E003,MS Ramaiah Institute of Technology,Electrical & Electronics,ST,24102,SAMPLE_DATA_NOT_REAL,99
2021,1,E003,MS Ramaiah Institute of Technology,Electronics & Comm.,1G,5768,SAMPLE_DATA_NOT_REAL,0
2021,2,E003,MS Ramaiah Institute of Technology,Electronics & Comm.,1G,5935,SAMPLE_DATA_NOT_REAL,1
2021,Final,E003,MS Ramaiah Institute of Technology,Electronics & Comm.,1G,7092,SAMPLE_DATA_NOT_REAL,99
2022,1,E003,MS Ramaiah Institute of Technology,Electronics & Comm.,1G,4819,SAMPLE_DATA_NOT_REAL,0
2022,2,E003,MS Ramaiah Institute of Technology,Electronics & Comm.,1G,6003,SAMPLE_DATA_NOT_REAL,1
2022,Final,E003,MS Ramaiah Institute of Technology,Electronics & Comm.,1G,7536,SAMPLE_DATA_NOT_REAL,99
2023,1,E003,MS Ramaiah Institute of Technology,Electronics & Comm.,1G,4780,SAMPLE_DATA_NOT_REAL,0
2023,2,E003,MS Ramaiah Institute of Technology,Electronics & Comm.,1G,5452,SAMPLE_DATA_NOT_REAL,1
2023,Final,E003,MS Ramaiah Institute of Technology,Electronics & Comm.,1G,6358,SAMPLE_DATA_NOT_REAL,99
2024,1,E003,MS Ramaiah Institute of Technology,Electronics & Comm.,1G,4951,SAMPLE_DATA_NOT_REAL,0
2024,2,E003,MS Ramaiah Institute of Technology,Electronics & Comm.,1G,5609,SAMPLE_DATA_NOT_REAL,1
2024,Final,E003,MS Ramaiah Institute of Technology,Electronics & Comm.,1G,6042,SAMPLE_DATA_NOT_REAL,99
2025,1,E003,MS Ramaiah Institute of Technology,Electronics & Comm.,1G,4591,SAMPLE_DATA_NOT_REAL,0
2025,2,E003,MS Ramaiah Institute of Technology,Electronics & Comm.,1G,4947,SAMPLE_DATA_NOT_REAL,1
2025,Final,E003,MS Ramaiah Institute of Technology,Electronics & Comm.,1G,6316,SAMPLE_DATA_NOT_REAL,99
2021,1,E003,MS Ramaiah Institute of Technology,Electronics & Comm.,2A,7286,SAMPLE_DATA_NOT_REAL,0
2021,2,E003,MS Ramaiah Institute of Technology,Electronics & Comm.,2A,7929,SAMPLE_DATA_NOT_REAL,1
2021,Final,E003,MS Ramaiah Institute of Technology,Electronics & Comm.,2A,8782,SAMPLE_DATA_NOT_REAL,99
2022,1,E003,MS Ramaiah Institute of Technology,Electronics & Comm.,2A,6213,SAMPLE_DATA_NOT_REAL,0
2022,2,E003,MS Ramaiah Institute of Technology,Electronics & Comm.,2A,7805,SAMPLE_DATA_NOT_REAL,1
2022,Final,E003,MS Ramaiah Institute of Technology,Electronics & Comm.,2A,8377,SAMPLE_DATA_NOT_REAL,99
2023,1,E003,MS Ramaiah Institute of Technology,Electronics & Comm.,2A,6366,SAMPLE_DATA_NOT_REAL,0
2023,2,E003,MS Ramaiah Institute of Technology,Electronics & Comm.,2A,7756,SAMPLE_DATA_NOT_REAL,1
2023,Final,E003,MS Ramaiah Institute of Technology,Electronics & Comm.,2A,8241,SAMPLE_DATA_NOT_REAL,99
2024,1,E003,MS Ramaiah Institute of Technology,Electronics & Comm.,2A,6203,SAMPLE_DATA_NOT_REAL,0
2024,2,E003,MS Ramaiah Institute of Technology,Electronics & Comm.,2A,7253,SAMPLE_DATA_NOT_REAL,1
2024,Final,E003,MS Ramaiah Institute of Technology,Electronics & Comm.,2A,8590,SAMPLE_DATA_NOT_REAL,99
2025,1,E003,MS Ramaiah Institute of Technology,Electronics & Comm.,2A,5623,SAMPLE_DATA_NOT_REAL,0
2025,2,E003,MS Ramaiah Institute of Technology,Electronics & Comm.,2A,6238,SAMPLE_DATA_NOT_REAL,1
2025,Final,E003,MS Ramaiah Institute of Technology,Electronics & Comm.,2A,7615,SAMPLE_DATA_NOT_REAL,99
2021,1,E003,MS Ramaiah Institute of Technology,Electronics & Comm.,2B,8268,SAMPLE_DATA_NOT_REAL,0
2021,2,E003,MS Ramaiah Institute of Technology,Electronics & Comm.,2B,8957,SAMPLE_DATA_NOT_REAL,1
2021,Final,E003,MS Ramaiah Institute of Technology,Electronics & Comm.,2B,10617,SAMPLE_DATA_NOT_REAL,99
2022,1,E003,MS Ramaiah Institute of Technology,Electronics & Comm.,2B,7184,SAMPLE_DATA_NOT_REAL,0
2022,2,E003,MS Ramaiah Institute of Technology,Electronics & Comm.,2B,8737,SAMPLE_DATA_NOT_REAL,1
2022,Final,E003,MS Ramaiah Institute of Technology,Electronics & Comm.,2B,10702,SAMPLE_DATA_NOT_REAL,99
2023,1,E003,MS Ramaiah Institute of Technology,Electronics & Comm.,2B,6713,SAMPLE_DATA_NOT_REAL,0
2023,2,E003,MS Ramaiah Institute of Technology,Electronics & Comm.,2B,8136,SAMPLE_DATA_NOT_REAL,1
2023,Final,E003,MS Ramaiah Institute of Technology,Electronics & Comm.,2B,9174,SAMPLE_DATA_NOT_REAL,99
2024,1,E003,MS Ramaiah Institute of Technology,Electronics & Comm.,2B,7488,SAMPLE_DATA_NOT_REAL,0
2024,2,E003,MS Ramaiah Institute of Technology,Electronics & Comm.,2B,7528,SAMPLE_DATA_NOT_REAL,1
2024,Final,E003,MS Ramaiah Institute of Technology,Electronics & Comm.,2B,9398,SAMPLE_DATA_NOT_REAL,99
2025,1,E003,MS Ramaiah Institute of Technology,Electronics & Comm.,2B,7085,SAMPLE_DATA_NOT_REAL,0
2025,2,E003,MS Ramaiah Institute of Technology,Electronics & Comm.,2B,7625,SAMPLE_DATA_NOT_REAL,1
2025,Final,E003,MS Ramaiah Institute of Technology,Electronics & Comm.,2B,9602,SAMPLE_DATA_NOT_REAL,99
2021,1,E003,MS Ramaiah Institute of Technology,Electronics & Comm.,3A,8085,SAMPLE_DATA_NOT_REAL,0
2021,2,E003,MS Ramaiah Institute of Technology,Electronics & Comm.,3A,9505,SAMPLE_DATA_NOT_REAL,1
2021,Final,E003,MS Ramaiah Institute of Technology,Electronics & Comm.,3A,10566,SAMPLE_DATA_NOT_REAL,99
2022,1,E003,MS Ramaiah Institute of Technology,Electronics & Comm.,3A,7784,SAMPLE_DATA_NOT_REAL,0
2022,2,E003,MS Ramaiah Institute of Technology,Electronics & Comm.,3A,9877,SAMPLE_DATA_NOT_REAL,1
2022,Final,E003,MS Ramaiah Institute of Technology,Electronics & Comm.,3A,10590,SAMPLE_DATA_NOT_REAL,99
2023,1,E003,MS Ramaiah Institute of Technology,Electronics & Comm.,3A,8296,SAMPLE_DATA_NOT_REAL,0
2023,2,E003,MS Ramaiah Institute of Technology,Electronics & Comm.,3A,8798,SAMPLE_DATA_NOT_REAL,1
2023,Final,E003,MS Ramaiah Institute of Technology,Electronics & Comm.,3A,10859,SAMPLE_DATA_NOT_REAL,99
2024,1,E003,MS Ramaiah Institute of Technology,Electronics & Comm.,3A,7361,SAMPLE_DATA_NOT_REAL,0
2024,2,E003,MS Ramaiah Institute of Technology,Electronics & Comm.,3A,8071,SAMPLE_DATA_NOT_REAL,1
2024,Final,E003,MS Ramaiah Institute of Technology,Electronics & Comm.,3A,9261,SAMPLE_DATA_NOT_REAL,99
2025,1,E003,MS Ramaiah Institute of Technology,Electronics & Comm.,3A,7182,SAMPLE_DATA_NOT_REAL,0
2025,2,E003,MS Ramaiah Institute of Technology,Electronics & Comm.,3A,8027,SAMPLE_DATA_NOT_REAL,1
2025,Final,E003,MS Ramaiah Institute of Technology,Electronics & Comm.,3A,9868,SAMPLE_DATA_NOT_REAL,99
2021,1,E003,MS Ramaiah Institute of Technology,Electronics & Comm.,3B,8208,SAMPLE_DATA_NOT_REAL,0
2021,2,E003,MS Ramaiah Institute of Technology,Electronics & Comm.,3B,10743,SAMPLE_DATA_NOT_REAL,1
2021,Final,E003,MS Ramaiah Institute of Technology,Electronics & Comm.,3B,11943,SAMPLE_DATA_NOT_REAL,99
2022,1,E003,MS Ramaiah Institute of Technology,Electronics & Comm.,3B,8699,SAMPLE_DATA_NOT_REAL,0
2022,2,E003,MS Ramaiah Institute of Technology,Electronics & Comm.,3B,9691,SAMPLE_DATA_NOT_REAL,1
2022,Final,E003,MS Ramaiah Institute of Technology,Electronics & Comm.,3B,11686,SAMPLE_DATA_NOT_REAL,99
2023,1,E003,MS Ramaiah Institute of Technology,Electronics & Comm.,3B,8351,SAMPLE_DATA_NOT_REAL,0
2023,2,E003,MS Ramaiah Institute of Technology,Electronics & Comm.,3B,9293,SAMPLE_DATA_NOT_REAL,1
2023,Final,E003,MS Ramaiah Institute of Technology,Electronics & Comm.,3B,10126,SAMPLE_DATA_NOT_REAL,99
2024,1,E003,MS Ramaiah Institute of Technology,Electronics & Comm.,3B,8050,SAMPLE_DATA_NOT_REAL,0
2024,2,E003,MS Ramaiah Institute of Technology,Electronics & Comm.,3B,9303,SAMPLE_DATA_NOT_REAL,1
2024,Final,E003,MS Ramaiah Institute of Technology,Electronics & Comm.,3B,9906,SAMPLE_DATA_NOT_REAL,99
2025,1,E003,MS Ramaiah Institute of Technology,Electronics & Comm.,3B,7602,SAMPLE_DATA_NOT_REAL,0
2025,2,E003,MS Ramaiah Institute of Technology,Electronics & Comm.,3B,8605,SAMPLE_DATA_NOT_REAL,1
2025,Final,E003,MS Ramaiah Institute of Technology,Electronics & Comm.,3B,10488,SAMPLE_DATA_NOT_REAL,99
2021,1,E003,MS Ramaiah Institute of Technology,Electronics & Comm.,CAT1,5956,SAMPLE_DATA_NOT_REAL,0
2021,2,E003,MS Ramaiah Institute of Technology,Electronics & Comm.,CAT1,7478,SAMPLE_DATA_NOT_REAL,1
2021,Final,E003,MS Ramaiah Institute of Technology,Electronics & Comm.,CAT1,8925,SAMPLE_DATA_NOT_REAL,99
2022,1,E003,MS Ramaiah Institute of Technology,Electronics & Comm.,CAT1,5804,SAMPLE_DATA_NOT_REAL,0
2022,2,E003,MS Ramaiah Institute of Technology,Electronics & Comm.,CAT1,6807,SAMPLE_DATA_NOT_REAL,1
2022,Final,E003,MS Ramaiah Institute of Technology,Electronics & Comm.,CAT1,7948,SAMPLE_DATA_NOT_REAL,99
2023,1,E003,MS Ramaiah Institute of Technology,Electronics & Comm.,CAT1,6057,SAMPLE_DATA_NOT_REAL,0
2023,2,E003,MS Ramaiah Institute of Technology,Electronics & Comm.,CAT1,6571,SAMPLE_DATA_NOT_REAL,1
2023,Final,E003,MS Ramaiah Institute of Technology,Electronics & Comm.,CAT1,7905,SAMPLE_DATA_NOT_REAL,99
2024,1,E003,MS Ramaiah Institute of Technology,Electronics & Comm.,CAT1,5452,SAMPLE_DATA_NOT_REAL,0
2024,2,E003,MS Ramaiah Institute of Technology,Electronics & Comm.,CAT1,6037,SAMPLE_DATA_NOT_REAL,1
2024,Final,E003,MS Ramaiah Institute of Technology,Electronics & Comm.,CAT1,7823,SAMPLE_DATA_NOT_REAL,99
2025,1,E003,MS Ramaiah Institute of Technology,Electronics & Comm.,CAT1,5479,SAMPLE_DATA_NOT_REAL,0
2025,2,E003,MS Ramaiah Institute of Technology,Electronics & Comm.,CAT1,6616,SAMPLE_DATA_NOT_REAL,1
2025,Final,E003,MS Ramaiah Institute of Technology,Electronics & Comm.,CAT1,7891,SAMPLE_DATA_NOT_REAL,99
2021,1,E003,MS Ramaiah Institute of Technology,Electronics & Comm.,GM,4530,SAMPLE_DATA_NOT_REAL,0
2021,2,E003,MS Ramaiah Institute of Technology,Electronics & Comm.,GM,5906,SAMPLE_DATA_NOT_REAL,1
2021,Final,E003,MS Ramaiah Institute of Technology,Electronics & Comm.,GM,6454,SAMPLE_DATA_NOT_REAL,99
2022,1,E003,MS Ramaiah Institute of Technology,Electronics & Comm.,GM,4888,SAMPLE_DATA_NOT_REAL,0
2022,2,E003,MS Ramaiah Institute of Technology,Electronics & Comm.,GM,5497,SAMPLE_DATA_NOT_REAL,1
2022,Final,E003,MS Ramaiah Institute of Technology,Electronics & Comm.,GM,6696,SAMPLE_DATA_NOT_REAL,99
2023,1,E003,MS Ramaiah Institute of Technology,Electronics & Comm.,GM,4795,SAMPLE_DATA_NOT_REAL,0
2023,2,E003,MS Ramaiah Institute of Technology,Electronics & Comm.,GM,4820,SAMPLE_DATA_NOT_REAL,1
2023,Final,E003,MS Ramaiah Institute of Technology,Electronics & Comm.,GM,5934,SAMPLE_DATA_NOT_REAL,99
2024,1,E003,MS Ramaiah Institute of Technology,Electronics & Comm.,GM,4070,SAMPLE_DATA_NOT_REAL,0
2024,2,E003,MS Ramaiah Institute of Technology,Electronics & Comm.,GM,4661,SAMPLE_DATA_NOT_REAL,1
2024,Final,E003,MS Ramaiah Institute of Technology,Electronics & Comm.,GM,5432,SAMPLE_DATA_NOT_REAL,99
2025,1,E003,MS Ramaiah Institute of Technology,Electronics & Comm.,GM,3947,SAMPLE_DATA_NOT_REAL,0
2025,2,E003,MS Ramaiah Institute of Technology,Electronics & Comm.,GM,4705,SAMPLE_DATA_NOT_REAL,1
2025,Final,E003,MS Ramaiah Institute of Technology,Electronics & Comm.,GM,5423,SAMPLE_DATA_NOT_REAL,99
2021,1,E003,MS Ramaiah Institute of Technology,Electronics & Comm.,SC,15611,SAMPLE_DATA_NOT_REAL,0
2021,2,E003,MS Ramaiah Institute of Technology,Electronics & Comm.,SC,18256,SAMPLE_DATA_NOT_REAL,1
2021,Final,E003,MS Ramaiah Institute of Technology,Electronics & Comm.,SC,21164,SAMPLE_DATA_NOT_REAL,99
2022,1,E003,MS Ramaiah Institute of Technology,Electronics & Comm.,SC,14190,SAMPLE_DATA_NOT_REAL,0
2022,2,E003,MS Ramaiah Institute of Technology,Electronics & Comm.,SC,16794,SAMPLE_DATA_NOT_REAL,1
2022,Final,E003,MS Ramaiah Institute of Technology,Electronics & Comm.,SC,19520,SAMPLE_DATA_NOT_REAL,99
2023,1,E003,MS Ramaiah Institute of Technology,Electronics & Comm.,SC,13900,SAMPLE_DATA_NOT_REAL,0
2023,2,E003,MS Ramaiah Institute of Technology,Electronics & Comm.,SC,14470,SAMPLE_DATA_NOT_REAL,1
2023,Final,E003,MS Ramaiah Institute of Technology,Electronics & Comm.,SC,16973,SAMPLE_DATA_NOT_REAL,99
2024,1,E003,MS Ramaiah Institute of Technology,Electronics & Comm.,SC,13928,SAMPLE_DATA_NOT_REAL,0
2024,2,E003,MS Ramaiah Institute of Technology,Electronics & Comm.,SC,15201,SAMPLE_DATA_NOT_REAL,1
2024,Final,E003,MS Ramaiah Institute of Technology,Electronics & Comm.,SC,16888,SAMPLE_DATA_NOT_REAL,99
2025,1,E003,MS Ramaiah Institute of Technology,Electronics & Comm.,SC,13447,SAMPLE_DATA_NOT_REAL,0
2025,2,E003,MS Ramaiah Institute of Technology,Electronics & Comm.,SC,14166,SAMPLE_DATA_NOT_REAL,1
2025,Final,E003,MS Ramaiah Institute of Technology,Electronics & Comm.,SC,16116,SAMPLE_DATA_NOT_REAL,99
2021,1,E003,MS Ramaiah Institute of Technology,Electronics & Comm.,ST,21032,SAMPLE_DATA_NOT_REAL,0
2021,2,E003,MS Ramaiah Institute of Technology,Electronics & Comm.,ST,21869,SAMPLE_DATA_NOT_REAL,1
2021,Final,E003,MS Ramaiah Institute of Technology,Electronics & Comm.,ST,25859,SAMPLE_DATA_NOT_REAL,99
2022,1,E003,MS Ramaiah Institute of Technology,Electronics & Comm.,ST,18281,SAMPLE_DATA_NOT_REAL,0
2022,2,E003,MS Ramaiah Institute of Technology,Electronics & Comm.,ST,21456,SAMPLE_DATA_NOT_REAL,1
2022,Final,E003,MS Ramaiah Institute of Technology,Electronics & Comm.,ST,25773,SAMPLE_DATA_NOT_REAL,99
2023,1,E003,MS Ramaiah Institute of Technology,Electronics & Comm.,ST,16699,SAMPLE_DATA_NOT_REAL,0
2023,2,E003,MS Ramaiah Institute of Technology,Electronics & Comm.,ST,22402,SAMPLE_DATA_NOT_REAL,1
2023,Final,E003,MS Ramaiah Institute of Technology,Electronics & Comm.,ST,25528,SAMPLE_DATA_NOT_REAL,99
2024,1,E003,MS Ramaiah Institute of Technology,Electronics & Comm.,ST,18717,SAMPLE_DATA_NOT_REAL,0
2024,2,E003,MS Ramaiah Institute of Technology,Electronics & Comm.,ST,19936,SAMPLE_DATA_NOT_REAL,1
2024,Final,E003,MS Ramaiah Institute of Technology,Electronics & Comm.,ST,21817,SAMPLE_DATA_NOT_REAL,99
2025,1,E003,MS Ramaiah Institute of Technology,Electronics & Comm.,ST,16740,SAMPLE_DATA_NOT_REAL,0
2025,2,E003,MS Ramaiah Institute of Technology,Electronics & Comm.,ST,18355,SAMPLE_DATA_NOT_REAL,1
2025,Final,E003,MS Ramaiah Institute of Technology,Electronics & Comm.,ST,22482,SAMPLE_DATA_NOT_REAL,99
2021,1,E003,MS Ramaiah Institute of Technology,Information Science,1G,5712,SAMPLE_DATA_NOT_REAL,0
2021,2,E003,MS Ramaiah Institute of Technology,Information Science,1G,5995,SAMPLE_DATA_NOT_REAL,1
2021,Final,E003,MS Ramaiah Institute of Technology,Information Science,1G,8088,SAMPLE_DATA_NOT_REAL,99
2022,1,E003,MS Ramaiah Institute of Technology,Information Science,1G,4975,SAMPLE_DATA_NOT_REAL,0
2022,2,E003,MS Ramaiah Institute of Technology,Information Science,1G,6189,SAMPLE_DATA_NOT_REAL,1
2022,Final,E003,MS Ramaiah Institute of Technology,Information Science,1G,7165,SAMPLE_DATA_NOT_REAL,99
2023,1,E003,MS Ramaiah Institute of Technology,Information Science,1G,5362,SAMPLE_DATA_NOT_REAL,0
2023,2,E003,MS Ramaiah Institute of Technology,Information Science,1G,6396,SAMPLE_DATA_NOT_REAL,1
2023,Final,E003,MS Ramaiah Institute of Technology,Information Science,1G,6710,SAMPLE_DATA_NOT_REAL,99
2024,1,E003,MS Ramaiah Institute of Technology,Information Science,1G,4803,SAMPLE_DATA_NOT_REAL,0
2024,2,E003,MS Ramaiah Institute of Technology,Information Science,1G,5417,SAMPLE_DATA_NOT_REAL,1
2024,Final,E003,MS Ramaiah Institute of Technology,Information Science,1G,6304,SAMPLE_DATA_NOT_REAL,99
2025,1,E003,MS Ramaiah Institute of Technology,Information Science,1G,4757,SAMPLE_DATA_NOT_REAL,0
2025,2,E003,MS Ramaiah Institute of Technology,Information Science,1G,5375,SAMPLE_DATA_NOT_REAL,1
2025,Final,E003,MS Ramaiah Institute of Technology,Information Science,1G,6394,SAMPLE_DATA_NOT_REAL,99
2021,1,E003,MS Ramaiah Institute of Technology,Information Science,2A,6749,SAMPLE_DATA_NOT_REAL,0
2021,2,E003,MS Ramaiah Institute of Technology,Information Science,2A,7756,SAMPLE_DATA_NOT_REAL,1
2021,Final,E003,MS Ramaiah Institute of Technology,Information Science,2A,9011,SAMPLE_DATA_NOT_REAL,99
2022,1,E003,MS Ramaiah Institute of Technology,Information Science,2A,6655,SAMPLE_DATA_NOT_REAL,0
2022,2,E003,MS Ramaiah Institute of Technology,Information Science,2A,7985,SAMPLE_DATA_NOT_REAL,1
2022,Final,E003,MS Ramaiah Institute of Technology,Information Science,2A,9190,SAMPLE_DATA_NOT_REAL,99
2023,1,E003,MS Ramaiah Institute of Technology,Information Science,2A,6197,SAMPLE_DATA_NOT_REAL,0
2023,2,E003,MS Ramaiah Institute of Technology,Information Science,2A,7859,SAMPLE_DATA_NOT_REAL,1
2023,Final,E003,MS Ramaiah Institute of Technology,Information Science,2A,9087,SAMPLE_DATA_NOT_REAL,99
2024,1,E003,MS Ramaiah Institute of Technology,Information Science,2A,5952,SAMPLE_DATA_NOT_REAL,0
2024,2,E003,MS Ramaiah Institute of Technology,Information Science,2A,6734,SAMPLE_DATA_NOT_REAL,1
2024,Final,E003,MS Ramaiah Institute of Technology,Information Science,2A,8030,SAMPLE_DATA_NOT_REAL,99
2025,1,E003,MS Ramaiah Institute of Technology,Information Science,2A,6062,SAMPLE_DATA_NOT_REAL,0
2025,2,E003,MS Ramaiah Institute of Technology,Information Science,2A,7345,SAMPLE_DATA_NOT_REAL,1
2025,Final,E003,MS Ramaiah Institute of Technology,Information Science,2A,8732,SAMPLE_DATA_NOT_REAL,99
2021,1,E003,MS Ramaiah Institute of Technology,Information Science,2B,8509,SAMPLE_DATA_NOT_REAL,0
2021,2,E003,MS Ramaiah Institute of Technology,Information Science,2B,9486,SAMPLE_DATA_NOT_REAL,1
2021,Final,E003,MS Ramaiah Institute of Technology,Information Science,2B,11632,SAMPLE_DATA_NOT_REAL,99
2022,1,E003,MS Ramaiah Institute of Technology,Information Science,2B,7403,SAMPLE_DATA_NOT_REAL,0
2022,2,E003,MS Ramaiah Institute of Technology,Information Science,2B,8644,SAMPLE_DATA_NOT_REAL,1
2022,Final,E003,MS Ramaiah Institute of Technology,Information Science,2B,11004,SAMPLE_DATA_NOT_REAL,99
2023,1,E003,MS Ramaiah Institute of Technology,Information Science,2B,7808,SAMPLE_DATA_NOT_REAL,0
2023,2,E003,MS Ramaiah Institute of Technology,Information Science,2B,8632,SAMPLE_DATA_NOT_REAL,1
2023,Final,E003,MS Ramaiah Institute of Technology,Information Science,2B,9671,SAMPLE_DATA_NOT_REAL,99
2024,1,E003,MS Ramaiah Institute of Technology,Information Science,2B,7450,SAMPLE_DATA_NOT_REAL,0
2024,2,E003,MS Ramaiah Institute of Technology,Information Science,2B,8155,SAMPLE_DATA_NOT_REAL,1
2024,Final,E003,MS Ramaiah Institute of Technology,Information Science,2B,9096,SAMPLE_DATA_NOT_REAL,99
2025,1,E003,MS Ramaiah Institute of Technology,Information Science,2B,7320,SAMPLE_DATA_NOT_REAL,0
2025,2,E003,MS Ramaiah Institute of Technology,Information Science,2B,7493,SAMPLE_DATA_NOT_REAL,1
2025,Final,E003,MS Ramaiah Institute of Technology,Information Science,2B,8889,SAMPLE_DATA_NOT_REAL,99
2021,1,E003,MS Ramaiah Institute of Technology,Information Science,3A,8731,SAMPLE_DATA_NOT_REAL,0
2021,2,E003,MS Ramaiah Institute of Technology,Information Science,3A,9665,SAMPLE_DATA_NOT_REAL,1
2021,Final,E003,MS Ramaiah Institute of Technology,Information Science,3A,11233,SAMPLE_DATA_NOT_REAL,99
2022,1,E003,MS Ramaiah Institute of Technology,Information Science,3A,8584,SAMPLE_DATA_NOT_REAL,0
2022,2,E003,MS Ramaiah Institute of Technology,Information Science,3A,9389,SAMPLE_DATA_NOT_REAL,1
2022,Final,E003,MS Ramaiah Institute of Technology,Information Science,3A,10795,SAMPLE_DATA_NOT_REAL,99
2023,1,E003,MS Ramaiah Institute of Technology,Information Science,3A,8111,SAMPLE_DATA_NOT_REAL,0
2023,2,E003,MS Ramaiah Institute of Technology,Information Science,3A,8988,SAMPLE_DATA_NOT_REAL,1
2023,Final,E003,MS Ramaiah Institute of Technology,Information Science,3A,11465,SAMPLE_DATA_NOT_REAL,99
2024,1,E003,MS Ramaiah Institute of Technology,Information Science,3A,7400,SAMPLE_DATA_NOT_REAL,0
2024,2,E003,MS Ramaiah Institute of Technology,Information Science,3A,8392,SAMPLE_DATA_NOT_REAL,1
2024,Final,E003,MS Ramaiah Institute of Technology,Information Science,3A,10680,SAMPLE_DATA_NOT_REAL,99
2025,1,E003,MS Ramaiah Institute of Technology,Information Science,3A,7802,SAMPLE_DATA_NOT_REAL,0
2025,2,E003,MS Ramaiah Institute of Technology,Information Science,3A,8072,SAMPLE_DATA_NOT_REAL,1
2025,Final,E003,MS Ramaiah Institute of Technology,Information Science,3A,10058,SAMPLE_DATA_NOT_REAL,99
2021,1,E003,MS Ramaiah Institute of Technology,Information Science,3B,9597,SAMPLE_DATA_NOT_REAL,0
2021,2,E003,MS Ramaiah Institute of Technology,Information Science,3B,11400,SAMPLE_DATA_NOT_REAL,1
2021,Final,E003,MS Ramaiah Institute of Technology,Information Science,3B,12579,SAMPLE_DATA_NOT_REAL,99
2022,1,E003,MS Ramaiah Institute of Technology,Information Science,3B,8693,SAMPLE_DATA_NOT_REAL,0
2022,2,E003,MS Ramaiah Institute of Technology,Information Science,3B,10656,SAMPLE_DATA_NOT_REAL,1
2022,Final,E003,MS Ramaiah Institute of Technology,Information Science,3B,11834,SAMPLE_DATA_NOT_REAL,99
2023,1,E003,MS Ramaiah Institute of Technology,Information Science,3B,8018,SAMPLE_DATA_NOT_REAL,0
2023,2,E003,MS Ramaiah Institute of Technology,Information Science,3B,9299,SAMPLE_DATA_NOT_REAL,1
2023,Final,E003,MS Ramaiah Institute of Technology,Information Science,3B,12095,SAMPLE_DATA_NOT_REAL,99
2024,1,E003,MS Ramaiah Institute of Technology,Information Science,3B,8163,SAMPLE_DATA_NOT_REAL,0
2024,2,E003,MS Ramaiah Institute of Technology,Information Science,3B,9640,SAMPLE_DATA_NOT_REAL,1
2024,Final,E003,MS Ramaiah Institute of Technology,Information Science,3B,11472,SAMPLE_DATA_NOT_REAL,99
2025,1,E003,MS Ramaiah Institute of Technology,Information Science,3B,7333,SAMPLE_DATA_NOT_REAL,0
2025,2,E003,MS Ramaiah Institute of Technology,Information Science,3B,9336,SAMPLE_DATA_NOT_REAL,1
2025,Final,E003,MS Ramaiah Institute of Technology,Information Science,3B,10355,SAMPLE_DATA_NOT_REAL,99
2021,1,E003,MS Ramaiah Institute of Technology,Information Science,CAT1,6449,SAMPLE_DATA_NOT_REAL,0
2021,2,E003,MS Ramaiah Institute of Technology,Information Science,CAT1,7760,SAMPLE_DATA_NOT_REAL,1
2021,Final,E003,MS Ramaiah Institute of Technology,Information Science,CAT1,8686,SAMPLE_DATA_NOT_REAL,99
2022,1,E003,MS Ramaiah Institute of Technology,Information Science,CAT1,6750,SAMPLE_DATA_NOT_REAL,0
2022,2,E003,MS Ramaiah Institute of Technology,Information Science,CAT1,7400,SAMPLE_DATA_NOT_REAL,1
2022,Final,E003,MS Ramaiah Institute of Technology,Information Science,CAT1,7928,SAMPLE_DATA_NOT_REAL,99
2023,1,E003,MS Ramaiah Institute of Technology,Information Science,CAT1,5662,SAMPLE_DATA_NOT_REAL,0
2023,2,E003,MS Ramaiah Institute of Technology,Information Science,CAT1,6885,SAMPLE_DATA_NOT_REAL,1
2023,Final,E003,MS Ramaiah Institute of Technology,Information Science,CAT1,8431,SAMPLE_DATA_NOT_REAL,99
2024,1,E003,MS Ramaiah Institute of Technology,Information Science,CAT1,5976,SAMPLE_DATA_NOT_REAL,0
2024,2,E003,MS Ramaiah Institute of Technology,Information Science,CAT1,6599,SAMPLE_DATA_NOT_REAL,1
2024,Final,E003,MS Ramaiah Institute of Technology,Information Science,CAT1,8251,SAMPLE_DATA_NOT_REAL,99
2025,1,E003,MS Ramaiah Institute of Technology,Information Science,CAT1,5348,SAMPLE_DATA_NOT_REAL,0
2025,2,E003,MS Ramaiah Institute of Technology,Information Science,CAT1,6743,SAMPLE_DATA_NOT_REAL,1
2025,Final,E003,MS Ramaiah Institute of Technology,Information Science,CAT1,8059,SAMPLE_DATA_NOT_REAL,99
2021,1,E003,MS Ramaiah Institute of Technology,Information Science,GM,5217,SAMPLE_DATA_NOT_REAL,0
2021,2,E003,MS Ramaiah Institute of Technology,Information Science,GM,5991,SAMPLE_DATA_NOT_REAL,1
2021,Final,E003,MS Ramaiah Institute of Technology,Information Science,GM,7256,SAMPLE_DATA_NOT_REAL,99
2022,1,E003,MS Ramaiah Institute of Technology,Information Science,GM,4594,SAMPLE_DATA_NOT_REAL,0
2022,2,E003,MS Ramaiah Institute of Technology,Information Science,GM,5811,SAMPLE_DATA_NOT_REAL,1
2022,Final,E003,MS Ramaiah Institute of Technology,Information Science,GM,6118,SAMPLE_DATA_NOT_REAL,99
2023,1,E003,MS Ramaiah Institute of Technology,Information Science,GM,4499,SAMPLE_DATA_NOT_REAL,0
2023,2,E003,MS Ramaiah Institute of Technology,Information Science,GM,5547,SAMPLE_DATA_NOT_REAL,1
2023,Final,E003,MS Ramaiah Institute of Technology,Information Science,GM,6371,SAMPLE_DATA_NOT_REAL,99
2024,1,E003,MS Ramaiah Institute of Technology,Information Science,GM,4552,SAMPLE_DATA_NOT_REAL,0
2024,2,E003,MS Ramaiah Institute of Technology,Information Science,GM,5316,SAMPLE_DATA_NOT_REAL,1
2024,Final,E003,MS Ramaiah Institute of Technology,Information Science,GM,5829,SAMPLE_DATA_NOT_REAL,99
2025,1,E003,MS Ramaiah Institute of Technology,Information Science,GM,4480,SAMPLE_DATA_NOT_REAL,0
2025,2,E003,MS Ramaiah Institute of Technology,Information Science,GM,4845,SAMPLE_DATA_NOT_REAL,1
2025,Final,E003,MS Ramaiah Institute of Technology,Information Science,GM,6071,SAMPLE_DATA_NOT_REAL,99
2021,1,E003,MS Ramaiah Institute of Technology,Information Science,SC,15386,SAMPLE_DATA_NOT_REAL,0
2021,2,E003,MS Ramaiah Institute of Technology,Information Science,SC,16534,SAMPLE_DATA_NOT_REAL,1
2021,Final,E003,MS Ramaiah Institute of Technology,Information Science,SC,20750,SAMPLE_DATA_NOT_REAL,99
2022,1,E003,MS Ramaiah Institute of Technology,Information Science,SC,15346,SAMPLE_DATA_NOT_REAL,0
2022,2,E003,MS Ramaiah Institute of Technology,Information Science,SC,16615,SAMPLE_DATA_NOT_REAL,1
2022,Final,E003,MS Ramaiah Institute of Technology,Information Science,SC,20809,SAMPLE_DATA_NOT_REAL,99
2023,1,E003,MS Ramaiah Institute of Technology,Information Science,SC,13810,SAMPLE_DATA_NOT_REAL,0
2023,2,E003,MS Ramaiah Institute of Technology,Information Science,SC,16196,SAMPLE_DATA_NOT_REAL,1
2023,Final,E003,MS Ramaiah Institute of Technology,Information Science,SC,18190,SAMPLE_DATA_NOT_REAL,99
2024,1,E003,MS Ramaiah Institute of Technology,Information Science,SC,13600,SAMPLE_DATA_NOT_REAL,0
2024,2,E003,MS Ramaiah Institute of Technology,Information Science,SC,16567,SAMPLE_DATA_NOT_REAL,1
2024,Final,E003,MS Ramaiah Institute of Technology,Information Science,SC,17053,SAMPLE_DATA_NOT_REAL,99
2025,1,E003,MS Ramaiah Institute of Technology,Information Science,SC,12159,SAMPLE_DATA_NOT_REAL,0
2025,2,E003,MS Ramaiah Institute of Technology,Information Science,SC,15162,SAMPLE_DATA_NOT_REAL,1
2025,Final,E003,MS Ramaiah Institute of Technology,Information Science,SC,18809,SAMPLE_DATA_NOT_REAL,99
2021,1,E003,MS Ramaiah Institute of Technology,Information Science,ST,18785,SAMPLE_DATA_NOT_REAL,0
2021,2,E003,MS Ramaiah Institute of Technology,Information Science,ST,24472,SAMPLE_DATA_NOT_REAL,1
2021,Final,E003,MS Ramaiah Institute of Technology,Information Science,ST,27102,SAMPLE_DATA_NOT_REAL,99
2022,1,E003,MS Ramaiah Institute of Technology,Information Science,ST,20918,SAMPLE_DATA_NOT_REAL,0
2022,2,E003,MS Ramaiah Institute of Technology,Information Science,ST,21147,SAMPLE_DATA_NOT_REAL,1
2022,Final,E003,MS Ramaiah Institute of Technology,Information Science,ST,24934,SAMPLE_DATA_NOT_REAL,99
2023,1,E003,MS Ramaiah Institute of Technology,Information Science,ST,19269,SAMPLE_DATA_NOT_REAL,0
2023,2,E003,MS Ramaiah Institute of Technology,Information Science,ST,20124,SAMPLE_DATA_NOT_REAL,1
2023,Final,E003,MS Ramaiah Institute of Technology,Information Science,ST,23828,SAMPLE_DATA_NOT_REAL,99
2024,1,E003,MS Ramaiah Institute of Technology,Information Science,ST,18629,SAMPLE_DATA_NOT_REAL,0
2024,2,E003,MS Ramaiah Institute of Technology,Information Science,ST,21206,SAMPLE_DATA_NOT_REAL,1
2024,Final,E003,MS Ramaiah Institute of Technology,Information Science,ST,25456,SAMPLE_DATA_NOT_REAL,99
2025,1,E003,MS Ramaiah Institute of Technology,Information Science,ST,18362,SAMPLE_DATA_NOT_REAL,0
2025,2,E003,MS Ramaiah Institute of Technology,Information Science,ST,19919,SAMPLE_DATA_NOT_REAL,1
2025,Final,E003,MS Ramaiah Institute of Technology,Information Science,ST,22434,SAMPLE_DATA_NOT_REAL,99
2021,1,E003,MS Ramaiah Institute of Technology,Mechanical,1G,4315,SAMPLE_DATA_NOT_REAL,0
2021,2,E003,MS Ramaiah Institute of Technology,Mechanical,1G,5534,SAMPLE_DATA_NOT_REAL,1
2021,Final,E003,MS Ramaiah Institute of Technology,Mechanical,1G,6572,SAMPLE_DATA_NOT_REAL,99
2022,1,E003,MS Ramaiah Institute of Technology,Mechanical,1G,4337,SAMPLE_DATA_NOT_REAL,0
2022,2,E003,MS Ramaiah Institute of Technology,Mechanical,1G,5377,SAMPLE_DATA_NOT_REAL,1
2022,Final,E003,MS Ramaiah Institute of Technology,Mechanical,1G,5547,SAMPLE_DATA_NOT_REAL,99
2023,1,E003,MS Ramaiah Institute of Technology,Mechanical,1G,4189,SAMPLE_DATA_NOT_REAL,0
2023,2,E003,MS Ramaiah Institute of Technology,Mechanical,1G,4928,SAMPLE_DATA_NOT_REAL,1
2023,Final,E003,MS Ramaiah Institute of Technology,Mechanical,1G,5647,SAMPLE_DATA_NOT_REAL,99
2024,1,E003,MS Ramaiah Institute of Technology,Mechanical,1G,3980,SAMPLE_DATA_NOT_REAL,0
2024,2,E003,MS Ramaiah Institute of Technology,Mechanical,1G,4570,SAMPLE_DATA_NOT_REAL,1
2024,Final,E003,MS Ramaiah Institute of Technology,Mechanical,1G,5785,SAMPLE_DATA_NOT_REAL,99
2025,1,E003,MS Ramaiah Institute of Technology,Mechanical,1G,3670,SAMPLE_DATA_NOT_REAL,0
2025,2,E003,MS Ramaiah Institute of Technology,Mechanical,1G,4862,SAMPLE_DATA_NOT_REAL,1
2025,Final,E003,MS Ramaiah Institute of Technology,Mechanical,1G,5735,SAMPLE_DATA_NOT_REAL,99
2021,1,E003,MS Ramaiah Institute of Technology,Mechanical,2A,6144,SAMPLE_DATA_NOT_REAL,0
2021,2,E003,MS Ramaiah Institute of Technology,Mechanical,2A,7269,SAMPLE_DATA_NOT_REAL,1
2021,Final,E003,MS Ramaiah Institute of Technology,Mechanical,2A,7627,SAMPLE_DATA_NOT_REAL,99
2022,1,E003,MS Ramaiah Institute of Technology,Mechanical,2A,5530,SAMPLE_DATA_NOT_REAL,0
2022,2,E003,MS Ramaiah Institute of Technology,Mechanical,2A,6820,SAMPLE_DATA_NOT_REAL,1
2022,Final,E003,MS Ramaiah Institute of Technology,Mechanical,2A,7111,SAMPLE_DATA_NOT_REAL,99
2023,1,E003,MS Ramaiah Institute of Technology,Mechanical,2A,5477,SAMPLE_DATA_NOT_REAL,0
2023,2,E003,MS Ramaiah Institute of Technology,Mechanical,2A,6581,SAMPLE_DATA_NOT_REAL,1
2023,Final,E003,MS Ramaiah Institute of Technology,Mechanical,2A,6856,SAMPLE_DATA_NOT_REAL,99
2024,1,E003,MS Ramaiah Institute of Technology,Mechanical,2A,5240,SAMPLE_DATA_NOT_REAL,0
2024,2,E003,MS Ramaiah Institute of Technology,Mechanical,2A,6034,SAMPLE_DATA_NOT_REAL,1
2024,Final,E003,MS Ramaiah Institute of Technology,Mechanical,2A,7518,SAMPLE_DATA_NOT_REAL,99
2025,1,E003,MS Ramaiah Institute of Technology,Mechanical,2A,5225,SAMPLE_DATA_NOT_REAL,0
2025,2,E003,MS Ramaiah Institute of Technology,Mechanical,2A,5922,SAMPLE_DATA_NOT_REAL,1
2025,Final,E003,MS Ramaiah Institute of Technology,Mechanical,2A,6305,SAMPLE_DATA_NOT_REAL,99
2021,1,E003,MS Ramaiah Institute of Technology,Mechanical,2B,7028,SAMPLE_DATA_NOT_REAL,0
2021,2,E003,MS Ramaiah Institute of Technology,Mechanical,2B,7389,SAMPLE_DATA_NOT_REAL,1
2021,Final,E003,MS Ramaiah Institute of Technology,Mechanical,2B,8585,SAMPLE_DATA_NOT_REAL,99
2022,1,E003,MS Ramaiah Institute of Technology,Mechanical,2B,6753,SAMPLE_DATA_NOT_REAL,0
2022,2,E003,MS Ramaiah Institute of Technology,Mechanical,2B,7334,SAMPLE_DATA_NOT_REAL,1
2022,Final,E003,MS Ramaiah Institute of Technology,Mechanical,2B,9299,SAMPLE_DATA_NOT_REAL,99
2023,1,E003,MS Ramaiah Institute of Technology,Mechanical,2B,6187,SAMPLE_DATA_NOT_REAL,0
2023,2,E003,MS Ramaiah Institute of Technology,Mechanical,2B,7527,SAMPLE_DATA_NOT_REAL,1
2023,Final,E003,MS Ramaiah Institute of Technology,Mechanical,2B,7927,SAMPLE_DATA_NOT_REAL,99
2024,1,E003,MS Ramaiah Institute of Technology,Mechanical,2B,6436,SAMPLE_DATA_NOT_REAL,0
2024,2,E003,MS Ramaiah Institute of Technology,Mechanical,2B,7225,SAMPLE_DATA_NOT_REAL,1
2024,Final,E003,MS Ramaiah Institute of Technology,Mechanical,2B,7672,SAMPLE_DATA_NOT_REAL,99
2025,1,E003,MS Ramaiah Institute of Technology,Mechanical,2B,5887,SAMPLE_DATA_NOT_REAL,0
2025,2,E003,MS Ramaiah Institute of Technology,Mechanical,2B,6317,SAMPLE_DATA_NOT_REAL,1
2025,Final,E003,MS Ramaiah Institute of Technology,Mechanical,2B,7241,SAMPLE_DATA_NOT_REAL,99
2021,1,E003,MS Ramaiah Institute of Technology,Mechanical,3A,6736,SAMPLE_DATA_NOT_REAL,0
2021,2,E003,MS Ramaiah Institute of Technology,Mechanical,3A,7856,SAMPLE_DATA_NOT_REAL,1
2021,Final,E003,MS Ramaiah Institute of Technology,Mechanical,3A,9201,SAMPLE_DATA_NOT_REAL,99
2022,1,E003,MS Ramaiah Institute of Technology,Mechanical,3A,7119,SAMPLE_DATA_NOT_REAL,0
2022,2,E003,MS Ramaiah Institute of Technology,Mechanical,3A,7906,SAMPLE_DATA_NOT_REAL,1
2022,Final,E003,MS Ramaiah Institute of Technology,Mechanical,3A,9198,SAMPLE_DATA_NOT_REAL,99
2023,1,E003,MS Ramaiah Institute of Technology,Mechanical,3A,6234,SAMPLE_DATA_NOT_REAL,0
2023,2,E003,MS Ramaiah Institute of Technology,Mechanical,3A,7303,SAMPLE_DATA_NOT_REAL,1
2023,Final,E003,MS Ramaiah Institute of Technology,Mechanical,3A,8328,SAMPLE_DATA_NOT_REAL,99
2024,1,E003,MS Ramaiah Institute of Technology,Mechanical,3A,6188,SAMPLE_DATA_NOT_REAL,0
2024,2,E003,MS Ramaiah Institute of Technology,Mechanical,3A,7228,SAMPLE_DATA_NOT_REAL,1
2024,Final,E003,MS Ramaiah Institute of Technology,Mechanical,3A,9103,SAMPLE_DATA_NOT_REAL,99
2025,1,E003,MS Ramaiah Institute of Technology,Mechanical,3A,6460,SAMPLE_DATA_NOT_REAL,0
2025,2,E003,MS Ramaiah Institute of Technology,Mechanical,3A,7057,SAMPLE_DATA_NOT_REAL,1
2025,Final,E003,MS Ramaiah Institute of Technology,Mechanical,3A,8562,SAMPLE_DATA_NOT_REAL,99
2021,1,E003,MS Ramaiah Institute of Technology,Mechanical,3B,7553,SAMPLE_DATA_NOT_REAL,0
2021,2,E003,MS Ramaiah Institute of Technology,Mechanical,3B,8945,SAMPLE_DATA_NOT_REAL,1
2021,Final,E003,MS Ramaiah Institute of Technology,Mechanical,3B,10405,SAMPLE_DATA_NOT_REAL,99
2022,1,E003,MS Ramaiah Institute of Technology,Mechanical,3B,7447,SAMPLE_DATA_NOT_REAL,0
2022,2,E003,MS Ramaiah Institute of Technology,Mechanical,3B,8551,SAMPLE_DATA_NOT_REAL,1
2022,Final,E003,MS Ramaiah Institute of Technology,Mechanical,3B,9244,SAMPLE_DATA_NOT_REAL,99
2023,1,E003,MS Ramaiah Institute of Technology,Mechanical,3B,7207,SAMPLE_DATA_NOT_REAL,0
2023,2,E003,MS Ramaiah Institute of Technology,Mechanical,3B,8094,SAMPLE_DATA_NOT_REAL,1
2023,Final,E003,MS Ramaiah Institute of Technology,Mechanical,3B,9614,SAMPLE_DATA_NOT_REAL,99
2024,1,E003,MS Ramaiah Institute of Technology,Mechanical,3B,6312,SAMPLE_DATA_NOT_REAL,0
2024,2,E003,MS Ramaiah Institute of Technology,Mechanical,3B,8328,SAMPLE_DATA_NOT_REAL,1
2024,Final,E003,MS Ramaiah Institute of Technology,Mechanical,3B,8601,SAMPLE_DATA_NOT_REAL,99
2025,1,E003,MS Ramaiah Institute of Technology,Mechanical,3B,5952,SAMPLE_DATA_NOT_REAL,0
2025,2,E003,MS Ramaiah Institute of Technology,Mechanical,3B,7745,SAMPLE_DATA_NOT_REAL,1
2025,Final,E003,MS Ramaiah Institute of Technology,Mechanical,3B,8453,SAMPLE_DATA_NOT_REAL,99
2021,1,E003,MS Ramaiah Institute of Technology,Mechanical,CAT1,5803,SAMPLE_DATA_NOT_REAL,0
2021,2,E003,MS Ramaiah Institute of Technology,Mechanical,CAT1,5870,SAMPLE_DATA_NOT_REAL,1
2021,Final,E003,MS Ramaiah Institute of Technology,Mechanical,CAT1,7012,SAMPLE_DATA_NOT_REAL,99
2022,1,E003,MS Ramaiah Institute of Technology,Mechanical,CAT1,4999,SAMPLE_DATA_NOT_REAL,0
2022,2,E003,MS Ramaiah Institute of Technology,Mechanical,CAT1,6255,SAMPLE_DATA_NOT_REAL,1
2022,Final,E003,MS Ramaiah Institute of Technology,Mechanical,CAT1,6907,SAMPLE_DATA_NOT_REAL,99
2023,1,E003,MS Ramaiah Institute of Technology,Mechanical,CAT1,5178,SAMPLE_DATA_NOT_REAL,0
2023,2,E003,MS Ramaiah Institute of Technology,Mechanical,CAT1,5680,SAMPLE_DATA_NOT_REAL,1
2023,Final,E003,MS Ramaiah Institute of Technology,Mechanical,CAT1,6951,SAMPLE_DATA_NOT_REAL,99
2024,1,E003,MS Ramaiah Institute of Technology,Mechanical,CAT1,4948,SAMPLE_DATA_NOT_REAL,0
2024,2,E003,MS Ramaiah Institute of Technology,Mechanical,CAT1,5829,SAMPLE_DATA_NOT_REAL,1
2024,Final,E003,MS Ramaiah Institute of Technology,Mechanical,CAT1,6904,SAMPLE_DATA_NOT_REAL,99
2025,1,E003,MS Ramaiah Institute of Technology,Mechanical,CAT1,4573,SAMPLE_DATA_NOT_REAL,0
2025,2,E003,MS Ramaiah Institute of Technology,Mechanical,CAT1,4993,SAMPLE_DATA_NOT_REAL,1
2025,Final,E003,MS Ramaiah Institute of Technology,Mechanical,CAT1,6286,SAMPLE_DATA_NOT_REAL,99
2021,1,E003,MS Ramaiah Institute of Technology,Mechanical,GM,4204,SAMPLE_DATA_NOT_REAL,0
2021,2,E003,MS Ramaiah Institute of Technology,Mechanical,GM,4930,SAMPLE_DATA_NOT_REAL,1
2021,Final,E003,MS Ramaiah Institute of Technology,Mechanical,GM,5978,SAMPLE_DATA_NOT_REAL,99
2022,1,E003,MS Ramaiah Institute of Technology,Mechanical,GM,4311,SAMPLE_DATA_NOT_REAL,0
2022,2,E003,MS Ramaiah Institute of Technology,Mechanical,GM,4795,SAMPLE_DATA_NOT_REAL,1
2022,Final,E003,MS Ramaiah Institute of Technology,Mechanical,GM,5733,SAMPLE_DATA_NOT_REAL,99
2023,1,E003,MS Ramaiah Institute of Technology,Mechanical,GM,3831,SAMPLE_DATA_NOT_REAL,0
2023,2,E003,MS Ramaiah Institute of Technology,Mechanical,GM,4611,SAMPLE_DATA_NOT_REAL,1
2023,Final,E003,MS Ramaiah Institute of Technology,Mechanical,GM,5322,SAMPLE_DATA_NOT_REAL,99
2024,1,E003,MS Ramaiah Institute of Technology,Mechanical,GM,3792,SAMPLE_DATA_NOT_REAL,0
2024,2,E003,MS Ramaiah Institute of Technology,Mechanical,GM,4314,SAMPLE_DATA_NOT_REAL,1
2024,Final,E003,MS Ramaiah Institute of Technology,Mechanical,GM,5237,SAMPLE_DATA_NOT_REAL,99
2025,1,E003,MS Ramaiah Institute of Technology,Mechanical,GM,3530,SAMPLE_DATA_NOT_REAL,0
2025,2,E003,MS Ramaiah Institute of Technology,Mechanical,GM,3963,SAMPLE_DATA_NOT_REAL,1
2025,Final,E003,MS Ramaiah Institute of Technology,Mechanical,GM,4872,SAMPLE_DATA_NOT_REAL,99
2021,1,E003,MS Ramaiah Institute of Technology,Mechanical,SC,12740,SAMPLE_DATA_NOT_REAL,0
2021,2,E003,MS Ramaiah Institute of Technology,Mechanical,SC,13737,SAMPLE_DATA_NOT_REAL,1
2021,Final,E003,MS Ramaiah Institute of Technology,Mechanical,SC,17773,SAMPLE_DATA_NOT_REAL,99
2022,1,E003,MS Ramaiah Institute of Technology,Mechanical,SC,12509,SAMPLE_DATA_NOT_REAL,0
2022,2,E003,MS Ramaiah Institute of Technology,Mechanical,SC,13378,SAMPLE_DATA_NOT_REAL,1
2022,Final,E003,MS Ramaiah Institute of Technology,Mechanical,SC,17442,SAMPLE_DATA_NOT_REAL,99
2023,1,E003,MS Ramaiah Institute of Technology,Mechanical,SC,11891,SAMPLE_DATA_NOT_REAL,0
2023,2,E003,MS Ramaiah Institute of Technology,Mechanical,SC,12696,SAMPLE_DATA_NOT_REAL,1
2023,Final,E003,MS Ramaiah Institute of Technology,Mechanical,SC,16809,SAMPLE_DATA_NOT_REAL,99
2024,1,E003,MS Ramaiah Institute of Technology,Mechanical,SC,11294,SAMPLE_DATA_NOT_REAL,0
2024,2,E003,MS Ramaiah Institute of Technology,Mechanical,SC,11907,SAMPLE_DATA_NOT_REAL,1
2024,Final,E003,MS Ramaiah Institute of Technology,Mechanical,SC,14737,SAMPLE_DATA_NOT_REAL,99
2025,1,E003,MS Ramaiah Institute of Technology,Mechanical,SC,11046,SAMPLE_DATA_NOT_REAL,0
2025,2,E003,MS Ramaiah Institute of Technology,Mechanical,SC,11959,SAMPLE_DATA_NOT_REAL,1
2025,Final,E003,MS Ramaiah Institute of Technology,Mechanical,SC,14378,SAMPLE_DATA_NOT_REAL,99
2021,1,E003,MS Ramaiah Institute of Technology,Mechanical,ST,16219,SAMPLE_DATA_NOT_REAL,0
2021,2,E003,MS Ramaiah Institute of Technology,Mechanical,ST,18368,SAMPLE_DATA_NOT_REAL,1
2021,Final,E003,MS Ramaiah Institute of Technology,Mechanical,ST,23316,SAMPLE_DATA_NOT_REAL,99
2022,1,E003,MS Ramaiah Institute of Technology,Mechanical,ST,16463,SAMPLE_DATA_NOT_REAL,0
2022,2,E003,MS Ramaiah Institute of Technology,Mechanical,ST,19077,SAMPLE_DATA_NOT_REAL,1
2022,Final,E003,MS Ramaiah Institute of Technology,Mechanical,ST,22991,SAMPLE_DATA_NOT_REAL,99
2023,1,E003,MS Ramaiah Institute of Technology,Mechanical,ST,15037,SAMPLE_DATA_NOT_REAL,0
2023,2,E003,MS Ramaiah Institute of Technology,Mechanical,ST,18300,SAMPLE_DATA_NOT_REAL,1
2023,Final,E003,MS Ramaiah Institute of Technology,Mechanical,ST,22634,SAMPLE_DATA_NOT_REAL,99
2024,1,E003,MS Ramaiah Institute of Technology,Mechanical,ST,14957,SAMPLE_DATA_NOT_REAL,0
2024,2,E003,MS Ramaiah Institute of Technology,Mechanical,ST,15928,SAMPLE_DATA_NOT_REAL,1
2024,Final,E003,MS Ramaiah Institute of Technology,Mechanical,ST,18810,SAMPLE_DATA_NOT_REAL,99
2025,1,E003,MS Ramaiah Institute of Technology,Mechanical,ST,14727,SAMPLE_DATA_NOT_REAL,0
2025,2,E003,MS Ramaiah Institute of Technology,Mechanical,ST,16215,SAMPLE_DATA_NOT_REAL,1
2025,Final,E003,MS Ramaiah Institute of Technology,Mechanical,ST,18558,SAMPLE_DATA_NOT_REAL,99
2021,1,E009,New Horizon College of Engineering,Civil,1G,3812,SAMPLE_DATA_NOT_REAL,0
2021,2,E009,New Horizon College of Engineering,Civil,1G,4678,SAMPLE_DATA_NOT_REAL,1
2021,Final,E009,New Horizon College of Engineering,Civil,1G,5653,SAMPLE_DATA_NOT_REAL,99
2022,1,E009,New Horizon College of Engineering,Civil,1G,3781,SAMPLE_DATA_NOT_REAL,0
2022,2,E009,New Horizon College of Engineering,Civil,1G,4257,SAMPLE_DATA_NOT_REAL,1
2022,Final,E009,New Horizon College of Engineering,Civil,1G,5633,SAMPLE_DATA_NOT_REAL,99
2023,1,E009,New Horizon College of Engineering,Civil,1G,4076,SAMPLE_DATA_NOT_REAL,0
2023,2,E009,New Horizon College of Engineering,Civil,1G,4475,SAMPLE_DATA_NOT_REAL,1
2023,Final,E009,New Horizon College of Engineering,Civil,1G,5394,SAMPLE_DATA_NOT_REAL,99
2024,1,E009,New Horizon College of Engineering,Civil,1G,3607,SAMPLE_DATA_NOT_REAL,0
2024,2,E009,New Horizon College of Engineering,Civil,1G,4084,SAMPLE_DATA_NOT_REAL,1
2024,Final,E009,New Horizon College of Engineering,Civil,1G,5043,SAMPLE_DATA_NOT_REAL,99
2025,1,E009,New Horizon College of Engineering,Civil,1G,3696,SAMPLE_DATA_NOT_REAL,0
2025,2,E009,New Horizon College of Engineering,Civil,1G,3983,SAMPLE_DATA_NOT_REAL,1
2025,Final,E009,New Horizon College of Engineering,Civil,1G,4645,SAMPLE_DATA_NOT_REAL,99
2021,1,E009,New Horizon College of Engineering,Civil,2A,5138,SAMPLE_DATA_NOT_REAL,0
2021,2,E009,New Horizon College of Engineering,Civil,2A,6153,SAMPLE_DATA_NOT_REAL,1
2021,Final,E009,New Horizon College of Engineering,Civil,2A,7371,SAMPLE_DATA_NOT_REAL,99
2022,1,E009,New Horizon College of Engineering,Civil,2A,5264,SAMPLE_DATA_NOT_REAL,0
2022,2,E009,New Horizon College of Engineering,Civil,2A,6090,SAMPLE_DATA_NOT_REAL,1
2022,Final,E009,New Horizon College of Engineering,Civil,2A,6249,SAMPLE_DATA_NOT_REAL,99
2023,1,E009,New Horizon College of Engineering,Civil,2A,5055,SAMPLE_DATA_NOT_REAL,0
2023,2,E009,New Horizon College of Engineering,Civil,2A,5138,SAMPLE_DATA_NOT_REAL,1
2023,Final,E009,New Horizon College of Engineering,Civil,2A,6290,SAMPLE_DATA_NOT_REAL,99
2024,1,E009,New Horizon College of Engineering,Civil,2A,4787,SAMPLE_DATA_NOT_REAL,0
2024,2,E009,New Horizon College of Engineering,Civil,2A,5340,SAMPLE_DATA_NOT_REAL,1
2024,Final,E009,New Horizon College of Engineering,Civil,2A,6517,SAMPLE_DATA_NOT_REAL,99
2025,1,E009,New Horizon College of Engineering,Civil,2A,4629,SAMPLE_DATA_NOT_REAL,0
2025,2,E009,New Horizon College of Engineering,Civil,2A,5227,SAMPLE_DATA_NOT_REAL,1
2025,Final,E009,New Horizon College of Engineering,Civil,2A,5856,SAMPLE_DATA_NOT_REAL,99
2021,1,E009,New Horizon College of Engineering,Civil,2B,6001,SAMPLE_DATA_NOT_REAL,0
2021,2,E009,New Horizon College of Engineering,Civil,2B,7009,SAMPLE_DATA_NOT_REAL,1
2021,Final,E009,New Horizon College of Engineering,Civil,2B,8057,SAMPLE_DATA_NOT_REAL,99
2022,1,E009,New Horizon College of Engineering,Civil,2B,6149,SAMPLE_DATA_NOT_REAL,0
2022,2,E009,New Horizon College of Engineering,Civil,2B,6652,SAMPLE_DATA_NOT_REAL,1
2022,Final,E009,New Horizon College of Engineering,Civil,2B,7344,SAMPLE_DATA_NOT_REAL,99
2023,1,E009,New Horizon College of Engineering,Civil,2B,5916,SAMPLE_DATA_NOT_REAL,0
2023,2,E009,New Horizon College of Engineering,Civil,2B,6634,SAMPLE_DATA_NOT_REAL,1
2023,Final,E009,New Horizon College of Engineering,Civil,2B,7659,SAMPLE_DATA_NOT_REAL,99
2024,1,E009,New Horizon College of Engineering,Civil,2B,5206,SAMPLE_DATA_NOT_REAL,0
2024,2,E009,New Horizon College of Engineering,Civil,2B,5737,SAMPLE_DATA_NOT_REAL,1
2024,Final,E009,New Horizon College of Engineering,Civil,2B,6822,SAMPLE_DATA_NOT_REAL,99
2025,1,E009,New Horizon College of Engineering,Civil,2B,4985,SAMPLE_DATA_NOT_REAL,0
2025,2,E009,New Horizon College of Engineering,Civil,2B,5416,SAMPLE_DATA_NOT_REAL,1
2025,Final,E009,New Horizon College of Engineering,Civil,2B,7260,SAMPLE_DATA_NOT_REAL,99
2021,1,E009,New Horizon College of Engineering,Civil,3A,6247,SAMPLE_DATA_NOT_REAL,0
2021,2,E009,New Horizon College of Engineering,Civil,3A,7396,SAMPLE_DATA_NOT_REAL,1
2021,Final,E009,New Horizon College of Engineering,Civil,3A,8031,SAMPLE_DATA_NOT_REAL,99
2022,1,E009,New Horizon College of Engineering,Civil,3A,6217,SAMPLE_DATA_NOT_REAL,0
2022,2,E009,New Horizon College of Engineering,Civil,3A,6841,SAMPLE_DATA_NOT_REAL,1
2022,Final,E009,New Horizon College of Engineering,Civil,3A,8644,SAMPLE_DATA_NOT_REAL,99
2023,1,E009,New Horizon College of Engineering,Civil,3A,5377,SAMPLE_DATA_NOT_REAL,0
2023,2,E009,New Horizon College of Engineering,Civil,3A,6686,SAMPLE_DATA_NOT_REAL,1
2023,Final,E009,New Horizon College of Engineering,Civil,3A,7909,SAMPLE_DATA_NOT_REAL,99
2024,1,E009,New Horizon College of Engineering,Civil,3A,6015,SAMPLE_DATA_NOT_REAL,0
2024,2,E009,New Horizon College of Engineering,Civil,3A,6238,SAMPLE_DATA_NOT_REAL,1
2024,Final,E009,New Horizon College of Engineering,Civil,3A,7627,SAMPLE_DATA_NOT_REAL,99
2025,1,E009,New Horizon College of Engineering,Civil,3A,5118,SAMPLE_DATA_NOT_REAL,0
2025,2,E009,New Horizon College of Engineering,Civil,3A,6194,SAMPLE_DATA_NOT_REAL,1
2025,Final,E009,New Horizon College of Engineering,Civil,3A,7841,SAMPLE_DATA_NOT_REAL,99
2021,1,E009,New Horizon College of Engineering,Civil,3B,6390,SAMPLE_DATA_NOT_REAL,0
2021,2,E009,New Horizon College of Engineering,Civil,3B,7120,SAMPLE_DATA_NOT_REAL,1
2021,Final,E009,New Horizon College of Engineering,Civil,3B,8619,SAMPLE_DATA_NOT_REAL,99
2022,1,E009,New Horizon College of Engineering,Civil,3B,6427,SAMPLE_DATA_NOT_REAL,0
2022,2,E009,New Horizon College of Engineering,Civil,3B,7619,SAMPLE_DATA_NOT_REAL,1
2022,Final,E009,New Horizon College of Engineering,Civil,3B,9158,SAMPLE_DATA_NOT_REAL,99
2023,1,E009,New Horizon College of Engineering,Civil,3B,6346,SAMPLE_DATA_NOT_REAL,0
2023,2,E009,New Horizon College of Engineering,Civil,3B,7254,SAMPLE_DATA_NOT_REAL,1
2023,Final,E009,New Horizon College of Engineering,Civil,3B,7855,SAMPLE_DATA_NOT_REAL,99
2024,1,E009,New Horizon College of Engineering,Civil,3B,6215,SAMPLE_DATA_NOT_REAL,0
2024,2,E009,New Horizon College of Engineering,Civil,3B,7281,SAMPLE_DATA_NOT_REAL,1
2024,Final,E009,New Horizon College of Engineering,Civil,3B,7764,SAMPLE_DATA_NOT_REAL,99
2025,1,E009,New Horizon College of Engineering,Civil,3B,5514,SAMPLE_DATA_NOT_REAL,0
2025,2,E009,New Horizon College of Engineering,Civil,3B,6812,SAMPLE_DATA_NOT_REAL,1
2025,Final,E009,New Horizon College of Engineering,Civil,3B,8078,SAMPLE_DATA_NOT_REAL,99
2021,1,E009,New Horizon College of Engineering,Civil,CAT1,4908,SAMPLE_DATA_NOT_REAL,0
2021,2,E009,New Horizon College of Engineering,Civil,CAT1,5236,SAMPLE_DATA_NOT_REAL,1
2021,Final,E009,New Horizon College of Engineering,Civil,CAT1,6042,SAMPLE_DATA_NOT_REAL,99
2022,1,E009,New Horizon College of Engineering,Civil,CAT1,4403,SAMPLE_DATA_NOT_REAL,0
2022,2,E009,New Horizon College of Engineering,Civil,CAT1,5577,SAMPLE_DATA_NOT_REAL,1
2022,Final,E009,New Horizon College of Engineering,Civil,CAT1,6696,SAMPLE_DATA_NOT_REAL,99
2023,1,E009,New Horizon College of Engineering,Civil,CAT1,4544,SAMPLE_DATA_NOT_REAL,0
2023,2,E009,New Horizon College of Engineering,Civil,CAT1,5018,SAMPLE_DATA_NOT_REAL,1
2023,Final,E009,New Horizon College of Engineering,Civil,CAT1,5683,SAMPLE_DATA_NOT_REAL,99
2024,1,E009,New Horizon College of Engineering,Civil,CAT1,4574,SAMPLE_DATA_NOT_REAL,0
2024,2,E009,New Horizon College of Engineering,Civil,CAT1,4647,SAMPLE_DATA_NOT_REAL,1
2024,Final,E009,New Horizon College of Engineering,Civil,CAT1,6073,SAMPLE_DATA_NOT_REAL,99
2025,1,E009,New Horizon College of Engineering,Civil,CAT1,4261,SAMPLE_DATA_NOT_REAL,0
2025,2,E009,New Horizon College of Engineering,Civil,CAT1,4729,SAMPLE_DATA_NOT_REAL,1
2025,Final,E009,New Horizon College of Engineering,Civil,CAT1,5444,SAMPLE_DATA_NOT_REAL,99
2021,1,E009,New Horizon College of Engineering,Civil,GM,3848,SAMPLE_DATA_NOT_REAL,0
2021,2,E009,New Horizon College of Engineering,Civil,GM,4522,SAMPLE_DATA_NOT_REAL,1
2021,Final,E009,New Horizon College of Engineering,Civil,GM,5373,SAMPLE_DATA_NOT_REAL,99
2022,1,E009,New Horizon College of Engineering,Civil,GM,3682,SAMPLE_DATA_NOT_REAL,0
2022,2,E009,New Horizon College of Engineering,Civil,GM,4398,SAMPLE_DATA_NOT_REAL,1
2022,Final,E009,New Horizon College of Engineering,Civil,GM,5099,SAMPLE_DATA_NOT_REAL,99
2023,1,E009,New Horizon College of Engineering,Civil,GM,3450,SAMPLE_DATA_NOT_REAL,0
2023,2,E009,New Horizon College of Engineering,Civil,GM,3884,SAMPLE_DATA_NOT_REAL,1
2023,Final,E009,New Horizon College of Engineering,Civil,GM,4857,SAMPLE_DATA_NOT_REAL,99
2024,1,E009,New Horizon College of Engineering,Civil,GM,3302,SAMPLE_DATA_NOT_REAL,0
2024,2,E009,New Horizon College of Engineering,Civil,GM,3695,SAMPLE_DATA_NOT_REAL,1
2024,Final,E009,New Horizon College of Engineering,Civil,GM,4763,SAMPLE_DATA_NOT_REAL,99
2025,1,E009,New Horizon College of Engineering,Civil,GM,3264,SAMPLE_DATA_NOT_REAL,0
2025,2,E009,New Horizon College of Engineering,Civil,GM,3395,SAMPLE_DATA_NOT_REAL,1
2025,Final,E009,New Horizon College of Engineering,Civil,GM,4160,SAMPLE_DATA_NOT_REAL,99
2021,1,E009,New Horizon College of Engineering,Civil,SC,11032,SAMPLE_DATA_NOT_REAL,0
2021,2,E009,New Horizon College of Engineering,Civil,SC,13441,SAMPLE_DATA_NOT_REAL,1
2021,Final,E009,New Horizon College of Engineering,Civil,SC,14215,SAMPLE_DATA_NOT_REAL,99
2022,1,E009,New Horizon College of Engineering,Civil,SC,10159,SAMPLE_DATA_NOT_REAL,0
2022,2,E009,New Horizon College of Engineering,Civil,SC,12856,SAMPLE_DATA_NOT_REAL,1
2022,Final,E009,New Horizon College of Engineering,Civil,SC,13902,SAMPLE_DATA_NOT_REAL,99
2023,1,E009,New Horizon College of Engineering,Civil,SC,10209,SAMPLE_DATA_NOT_REAL,0
2023,2,E009,New Horizon College of Engineering,Civil,SC,11749,SAMPLE_DATA_NOT_REAL,1
2023,Final,E009,New Horizon College of Engineering,Civil,SC,15006,SAMPLE_DATA_NOT_REAL,99
2024,1,E009,New Horizon College of Engineering,Civil,SC,9553,SAMPLE_DATA_NOT_REAL,0
2024,2,E009,New Horizon College of Engineering,Civil,SC,11196,SAMPLE_DATA_NOT_REAL,1
2024,Final,E009,New Horizon College of Engineering,Civil,SC,14326,SAMPLE_DATA_NOT_REAL,99
2025,1,E009,New Horizon College of Engineering,Civil,SC,8788,SAMPLE_DATA_NOT_REAL,0
2025,2,E009,New Horizon College of Engineering,Civil,SC,11169,SAMPLE_DATA_NOT_REAL,1
2025,Final,E009,New Horizon College of Engineering,Civil,SC,13718,SAMPLE_DATA_NOT_REAL,99
2021,1,E009,New Horizon College of Engineering,Civil,ST,15865,SAMPLE_DATA_NOT_REAL,0
2021,2,E009,New Horizon College of Engineering,Civil,ST,16432,SAMPLE_DATA_NOT_REAL,1
2021,Final,E009,New Horizon College of Engineering,Civil,ST,21050,SAMPLE_DATA_NOT_REAL,99
2022,1,E009,New Horizon College of Engineering,Civil,ST,14979,SAMPLE_DATA_NOT_REAL,0
2022,2,E009,New Horizon College of Engineering,Civil,ST,17646,SAMPLE_DATA_NOT_REAL,1
2022,Final,E009,New Horizon College of Engineering,Civil,ST,19176,SAMPLE_DATA_NOT_REAL,99
2023,1,E009,New Horizon College of Engineering,Civil,ST,14621,SAMPLE_DATA_NOT_REAL,0
2023,2,E009,New Horizon College of Engineering,Civil,ST,15374,SAMPLE_DATA_NOT_REAL,1
2023,Final,E009,New Horizon College of Engineering,Civil,ST,19949,SAMPLE_DATA_NOT_REAL,99
2024,1,E009,New Horizon College of Engineering,Civil,ST,12202,SAMPLE_DATA_NOT_REAL,0
2024,2,E009,New Horizon College of Engineering,Civil,ST,15159,SAMPLE_DATA_NOT_REAL,1
2024,Final,E009,New Horizon College of Engineering,Civil,ST,17406,SAMPLE_DATA_NOT_REAL,99
2025,1,E009,New Horizon College of Engineering,Civil,ST,12320,SAMPLE_DATA_NOT_REAL,0
2025,2,E009,New Horizon College of Engineering,Civil,ST,14575,SAMPLE_DATA_NOT_REAL,1
2025,Final,E009,New Horizon College of Engineering,Civil,ST,17536,SAMPLE_DATA_NOT_REAL,99
2021,1,E009,New Horizon College of Engineering,Computer Science,1G,5666,SAMPLE_DATA_NOT_REAL,0
2021,2,E009,New Horizon College of Engineering,Computer Science,1G,6468,SAMPLE_DATA_NOT_REAL,1
2021,Final,E009,New Horizon College of Engineering,Computer Science,1G,7638,SAMPLE_DATA_NOT_REAL,99
2022,1,E009,New Horizon College of Engineering,Computer Science,1G,4757,SAMPLE_DATA_NOT_REAL,0
2022,2,E009,New Horizon College of Engineering,Computer Science,1G,5746,SAMPLE_DATA_NOT_REAL,1
2022,Final,E009,New Horizon College of Engineering,Computer Science,1G,7053,SAMPLE_DATA_NOT_REAL,99
2023,1,E009,New Horizon College of Engineering,Computer Science,1G,4611,SAMPLE_DATA_NOT_REAL,0
2023,2,E009,New Horizon College of Engineering,Computer Science,1G,5380,SAMPLE_DATA_NOT_REAL,1
2023,Final,E009,New Horizon College of Engineering,Computer Science,1G,6393,SAMPLE_DATA_NOT_REAL,99
2024,1,E009,New Horizon College of Engineering,Computer Science,1G,4436,SAMPLE_DATA_NOT_REAL,0
2024,2,E009,New Horizon College of Engineering,Computer Science,1G,5497,SAMPLE_DATA_NOT_REAL,1
2024,Final,E009,New Horizon College of Engineering,Computer Science,1G,6740,SAMPLE_DATA_NOT_REAL,99
2025,1,E009,New Horizon College of Engineering,Computer Science,1G,4229,SAMPLE_DATA_NOT_REAL,0
2025,2,E009,New Horizon College of Engineering,Computer Science,1G,5393,SAMPLE_DATA_NOT_REAL,1
2025,Final,E009,New Horizon College of Engineering,Computer Science,1G,6487,SAMPLE_DATA_NOT_REAL,99
2021,1,E009,New Horizon College of Engineering,Computer Science,2A,6738,SAMPLE_DATA_NOT_REAL,0
2021,2,E009,New Horizon College of Engineering,Computer Science,2A,7482,SAMPLE_DATA_NOT_REAL,1
2021,Final,E009,New Horizon College of Engineering,Computer Science,2A,8884,SAMPLE_DATA_NOT_REAL,99
2022,1,E009,New Horizon College of Engineering,Computer Science,2A,6965,SAMPLE_DATA_NOT_REAL,0
2022,2,E009,New Horizon College of Engineering,Computer Science,2A,7639,SAMPLE_DATA_NOT_REAL,1
2022,Final,E009,New Horizon College of Engineering,Computer Science,2A,8065,SAMPLE_DATA_NOT_REAL,99
2023,1,E009,New Horizon College of Engineering,Computer Science,2A,6206,SAMPLE_DATA_NOT_REAL,0
2023,2,E009,New Horizon College of Engineering,Computer Science,2A,7176,SAMPLE_DATA_NOT_REAL,1
2023,Final,E009,New Horizon College of Engineering,Computer Science,2A,8216,SAMPLE_DATA_NOT_REAL,99
2024,1,E009,New Horizon College of Engineering,Computer Science,2A,6044,SAMPLE_DATA_NOT_REAL,0
2024,2,E009,New Horizon College of Engineering,Computer Science,2A,6646,SAMPLE_DATA_NOT_REAL,1
2024,Final,E009,New Horizon College of Engineering,Computer Science,2A,7706,SAMPLE_DATA_NOT_REAL,99
2025,1,E009,New Horizon College of Engineering,Computer Science,2A,5259,SAMPLE_DATA_NOT_REAL,0
2025,2,E009,New Horizon College of Engineering,Computer Science,2A,6154,SAMPLE_DATA_NOT_REAL,1
2025,Final,E009,New Horizon College of Engineering,Computer Science,2A,7643,SAMPLE_DATA_NOT_REAL,99
2021,1,E009,New Horizon College of Engineering,Computer Science,2B,7126,SAMPLE_DATA_NOT_REAL,0
2021,2,E009,New Horizon College of Engineering,Computer Science,2B,8701,SAMPLE_DATA_NOT_REAL,1
2021,Final,E009,New Horizon College of Engineering,Computer Science,2B,10802,SAMPLE_DATA_NOT_REAL,99
2022,1,E009,New Horizon College of Engineering,Computer Science,2B,7346,SAMPLE_DATA_NOT_REAL,0
2022,2,E009,New Horizon College of Engineering,Computer Science,2B,8965,SAMPLE_DATA_NOT_REAL,1
2022,Final,E009,New Horizon College of Engineering,Computer Science,2B,10571,SAMPLE_DATA_NOT_REAL,99
2023,1,E009,New Horizon College of Engineering,Computer Science,2B,6937,SAMPLE_DATA_NOT_REAL,0
2023,2,E009,New Horizon College of Engineering,Computer Science,2B,7796,SAMPLE_DATA_NOT_REAL,1
2023,Final,E009,New Horizon College of Engineering,Computer Science,2B,9029,SAMPLE_DATA_NOT_REAL,99
2024,1,E009,New Horizon College of Engineering,Computer Science,2B,6878,SAMPLE_DATA_NOT_REAL,0
2024,2,E009,New Horizon College of Engineering,Computer Science,2B,7929,SAMPLE_DATA_NOT_REAL,1
2024,Final,E009,New Horizon College of Engineering,Computer Science,2B,9735,SAMPLE_DATA_NOT_REAL,99
2025,1,E009,New Horizon College of Engineering,Computer Science,2B,6841,SAMPLE_DATA_NOT_REAL,0
2025,2,E009,New Horizon College of Engineering,Computer Science,2B,8023,SAMPLE_DATA_NOT_REAL,1
2025,Final,E009,New Horizon College of Engineering,Computer Science,2B,9247,SAMPLE_DATA_NOT_REAL,99
2021,1,E009,New Horizon College of Engineering,Computer Science,3A,7831,SAMPLE_DATA_NOT_REAL,0
2021,2,E009,New Horizon College of Engineering,Computer Science,3A,8841,SAMPLE_DATA_NOT_REAL,1
2021,Final,E009,New Horizon College of Engineering,Computer Science,3A,11144,SAMPLE_DATA_NOT_REAL,99
2022,1,E009,New Horizon College of Engineering,Computer Science,3A,7509,SAMPLE_DATA_NOT_REAL,0
2022,2,E009,New Horizon College of Engineering,Computer Science,3A,8411,SAMPLE_DATA_NOT_REAL,1
2022,Final,E009,New Horizon College of Engineering,Computer Science,3A,10288,SAMPLE_DATA_NOT_REAL,99
2023,1,E009,New Horizon College of Engineering,Computer Science,3A,7433,SAMPLE_DATA_NOT_REAL,0
2023,2,E009,New Horizon College of Engineering,Computer Science,3A,8607,SAMPLE_DATA_NOT_REAL,1
2023,Final,E009,New Horizon College of Engineering,Computer Science,3A,9901,SAMPLE_DATA_NOT_REAL,99
2024,1,E009,New Horizon College of Engineering,Computer Science,3A,7618,SAMPLE_DATA_NOT_REAL,0
2024,2,E009,New Horizon College of Engineering,Computer Science,3A,8562,SAMPLE_DATA_NOT_REAL,1
2024,Final,E009,New Horizon College of Engineering,Computer Science,3A,9336,SAMPLE_DATA_NOT_REAL,99
2025,1,E009,New Horizon College of Engineering,Computer Science,3A,7421,SAMPLE_DATA_NOT_REAL,0
2025,2,E009,New Horizon College of Engineering,Computer Science,3A,7720,SAMPLE_DATA_NOT_REAL,1
2025,Final,E009,New Horizon College of Engineering,Computer Science,3A,8884,SAMPLE_DATA_NOT_REAL,99
2021,1,E009,New Horizon College of Engineering,Computer Science,3B,9120,SAMPLE_DATA_NOT_REAL,0
2021,2,E009,New Horizon College of Engineering,Computer Science,3B,10643,SAMPLE_DATA_NOT_REAL,1
2021,Final,E009,New Horizon College of Engineering,Computer Science,3B,11717,SAMPLE_DATA_NOT_REAL,99
2022,1,E009,New Horizon College of Engineering,Computer Science,3B,8431,SAMPLE_DATA_NOT_REAL,0
2022,2,E009,New Horizon College of Engineering,Computer Science,3B,8927,SAMPLE_DATA_NOT_REAL,1
2022,Final,E009,New Horizon College of Engineering,Computer Science,3B,10725,SAMPLE_DATA_NOT_REAL,99
2023,1,E009,New Horizon College of Engineering,Computer Science,3B,8033,SAMPLE_DATA_NOT_REAL,0
2023,2,E009,New Horizon College of Engineering,Computer Science,3B,9321,SAMPLE_DATA_NOT_REAL,1
2023,Final,E009,New Horizon College of Engineering,Computer Science,3B,10493,SAMPLE_DATA_NOT_REAL,99
2024,1,E009,New Horizon College of Engineering,Computer Science,3B,7321,SAMPLE_DATA_NOT_REAL,0
2024,2,E009,New Horizon College of Engineering,Computer Science,3B,9270,SAMPLE_DATA_NOT_REAL,1
2024,Final,E009,New Horizon College of Engineering,Computer Science,3B,9694,SAMPLE_DATA_NOT_REAL,99
2025,1,E009,New Horizon College of Engineering,Computer Science,3B,6849,SAMPLE_DATA_NOT_REAL,0
2025,2,E009,New Horizon College of Engineering,Computer Science,3B,8087,SAMPLE_DATA_NOT_REAL,1
2025,Final,E009,New Horizon College of Engineering,Computer Science,3B,9206,SAMPLE_DATA_NOT_REAL,99
2021,1,E009,New Horizon College of Engineering,Computer Science,CAT1,6406,SAMPLE_DATA_NOT_REAL,0
2021,2,E009,New Horizon College of Engineering,Computer Science,CAT1,6712,SAMPLE_DATA_NOT_REAL,1
2021,Final,E009,New Horizon College of Engineering,Computer Science,CAT1,8085,SAMPLE_DATA_NOT_REAL,99
2022,1,E009,New Horizon College of Engineering,Computer Science,CAT1,6039,SAMPLE_DATA_NOT_REAL,0
2022,2,E009,New Horizon College of Engineering,Computer Science,CAT1,6760,SAMPLE_DATA_NOT_REAL,1
2022,Final,E009,New Horizon College of Engineering,Computer Science,CAT1,8599,SAMPLE_DATA_NOT_REAL,99
2023,1,E009,New Horizon College of Engineering,Computer Science,CAT1,5524,SAMPLE_DATA_NOT_REAL,0
2023,2,E009,New Horizon College of Engineering,Computer Science,CAT1,6306,SAMPLE_DATA_NOT_REAL,1
2023,Final,E009,New Horizon College of Engineering,Computer Science,CAT1,8356,SAMPLE_DATA_NOT_REAL,99
2024,1,E009,New Horizon College of Engineering,Computer Science,CAT1,5560,SAMPLE_DATA_NOT_REAL,0
2024,2,E009,New Horizon College of Engineering,Computer Science,CAT1,5974,SAMPLE_DATA_NOT_REAL,1
2024,Final,E009,New Horizon College of Engineering,Computer Science,CAT1,7552,SAMPLE_DATA_NOT_REAL,99
2025,1,E009,New Horizon College of Engineering,Computer Science,CAT1,5014,SAMPLE_DATA_NOT_REAL,0
2025,2,E009,New Horizon College of Engineering,Computer Science,CAT1,6524,SAMPLE_DATA_NOT_REAL,1
2025,Final,E009,New Horizon College of Engineering,Computer Science,CAT1,6878,SAMPLE_DATA_NOT_REAL,99
2021,1,E009,New Horizon College of Engineering,Computer Science,GM,4550,SAMPLE_DATA_NOT_REAL,0
2021,2,E009,New Horizon College of Engineering,Computer Science,GM,5805,SAMPLE_DATA_NOT_REAL,1
2021,Final,E009,New Horizon College of Engineering,Computer Science,GM,6664,SAMPLE_DATA_NOT_REAL,99
2022,1,E009,New Horizon College of Engineering,Computer Science,GM,4948,SAMPLE_DATA_NOT_REAL,0
2022,2,E009,New Horizon College of Engineering,Computer Science,GM,5003,SAMPLE_DATA_NOT_REAL,1
2022,Final,E009,New Horizon College of Engineering,Computer Science,GM,6328,SAMPLE_DATA_NOT_REAL,99
2023,1,E009,New Horizon College of Engineering,Computer Science,GM,4201,SAMPLE_DATA_NOT_REAL,0
2023,2,E009,New Horizon College of Engineering,Computer Science,GM,5178,SAMPLE_DATA_NOT_REAL,1
2023,Final,E009,New Horizon College of Engineering,Computer Science,GM,5999,SAMPLE_DATA_NOT_REAL,99
2024,1,E009,New Horizon College of Engineering,Computer Science,GM,4148,SAMPLE_DATA_NOT_REAL,0
2024,2,E009,New Horizon College of Engineering,Computer Science,GM,4760,SAMPLE_DATA_NOT_REAL,1
2024,Final,E009,New Horizon College of Engineering,Computer Science,GM,6144,SAMPLE_DATA_NOT_REAL,99
2025,1,E009,New Horizon College of Engineering,Computer Science,GM,3769,SAMPLE_DATA_NOT_REAL,0
2025,2,E009,New Horizon College of Engineering,Computer Science,GM,4597,SAMPLE_DATA_NOT_REAL,1
2025,Final,E009,New Horizon College of Engineering,Computer Science,GM,5223,SAMPLE_DATA_NOT_REAL,99
2021,1,E009,New Horizon College of Engineering,Computer Science,SC,14297,SAMPLE_DATA_NOT_REAL,0
2021,2,E009,New Horizon College of Engineering,Computer Science,SC,16038,SAMPLE_DATA_NOT_REAL,1
2021,Final,E009,New Horizon College of Engineering,Computer Science,SC,19119,SAMPLE_DATA_NOT_REAL,99
2022,1,E009,New Horizon College of Engineering,Computer Science,SC,13168,SAMPLE_DATA_NOT_REAL,0
2022,2,E009,New Horizon College of Engineering,Computer Science,SC,16536,SAMPLE_DATA_NOT_REAL,1
2022,Final,E009,New Horizon College of Engineering,Computer Science,SC,19392,SAMPLE_DATA_NOT_REAL,99
2023,1,E009,New Horizon College of Engineering,Computer Science,SC,12483,SAMPLE_DATA_NOT_REAL,0
2023,2,E009,New Horizon College of Engineering,Computer Science,SC,14931,SAMPLE_DATA_NOT_REAL,1
2023,Final,E009,New Horizon College of Engineering,Computer Science,SC,18271,SAMPLE_DATA_NOT_REAL,99
2024,1,E009,New Horizon College of Engineering,Computer Science,SC,12741,SAMPLE_DATA_NOT_REAL,0
2024,2,E009,New Horizon College of Engineering,Computer Science,SC,14520,SAMPLE_DATA_NOT_REAL,1
2024,Final,E009,New Horizon College of Engineering,Computer Science,SC,18039,SAMPLE_DATA_NOT_REAL,99
2025,1,E009,New Horizon College of Engineering,Computer Science,SC,11866,SAMPLE_DATA_NOT_REAL,0
2025,2,E009,New Horizon College of Engineering,Computer Science,SC,14759,SAMPLE_DATA_NOT_REAL,1
2025,Final,E009,New Horizon College of Engineering,Computer Science,SC,15670,SAMPLE_DATA_NOT_REAL,99
2021,1,E009,New Horizon College of Engineering,Computer Science,ST,20122,SAMPLE_DATA_NOT_REAL,0
2021,2,E009,New Horizon College of Engineering,Computer Science,ST,22049,SAMPLE_DATA_NOT_REAL,1
2021,Final,E009,New Horizon College of Engineering,Computer Science,ST,26535,SAMPLE_DATA_NOT_REAL,99
2022,1,E009,New Horizon College of Engineering,Computer Science,ST,19652,SAMPLE_DATA_NOT_REAL,0
2022,2,E009,New Horizon College of Engineering,Computer Science,ST,21496,SAMPLE_DATA_NOT_REAL,1
2022,Final,E009,New Horizon College of Engineering,Computer Science,ST,26553,SAMPLE_DATA_NOT_REAL,99
2023,1,E009,New Horizon College of Engineering,Computer Science,ST,17929,SAMPLE_DATA_NOT_REAL,0
2023,2,E009,New Horizon College of Engineering,Computer Science,ST,20341,SAMPLE_DATA_NOT_REAL,1
2023,Final,E009,New Horizon College of Engineering,Computer Science,ST,22875,SAMPLE_DATA_NOT_REAL,99
2024,1,E009,New Horizon College of Engineering,Computer Science,ST,16741,SAMPLE_DATA_NOT_REAL,0
2024,2,E009,New Horizon College of Engineering,Computer Science,ST,18919,SAMPLE_DATA_NOT_REAL,1
2024,Final,E009,New Horizon College of Engineering,Computer Science,ST,22301,SAMPLE_DATA_NOT_REAL,99
2025,1,E009,New Horizon College of Engineering,Computer Science,ST,17561,SAMPLE_DATA_NOT_REAL,0
2025,2,E009,New Horizon College of Engineering,Computer Science,ST,19232,SAMPLE_DATA_NOT_REAL,1
2025,Final,E009,New Horizon College of Engineering,Computer Science,ST,22923,SAMPLE_DATA_NOT_REAL,99
2021,1,E009,New Horizon College of Engineering,Electrical & Electronics,1G,6380,SAMPLE_DATA_NOT_REAL,0
2021,2,E009,New Horizon College of Engineering,Electrical & Electronics,1G,6462,SAMPLE_DATA_NOT_REAL,1
2021,Final,E009,New Horizon College of Engineering,Electrical & Electronics,1G,7977,SAMPLE_DATA_NOT_REAL,99
2022,1,E009,New Horizon College of Engineering,Electrical & Electronics,1G,5783,SAMPLE_DATA_NOT_REAL,0
2022,2,E009,New Horizon College of Engineering,Electrical & Electronics,1G,6202,SAMPLE_DATA_NOT_REAL,1
2022,Final,E009,New Horizon College of Engineering,Electrical & Electronics,1G,7539,SAMPLE_DATA_NOT_REAL,99
2023,1,E009,New Horizon College of Engineering,Electrical & Electronics,1G,5971,SAMPLE_DATA_NOT_REAL,0
2023,2,E009,New Horizon College of Engineering,Electrical & Electronics,1G,6839,SAMPLE_DATA_NOT_REAL,1
2023,Final,E009,New Horizon College of Engineering,Electrical & Electronics,1G,8011,SAMPLE_DATA_NOT_REAL,99
2024,1,E009,New Horizon College of Engineering,Electrical & Electronics,1G,5534,SAMPLE_DATA_NOT_REAL,0
2024,2,E009,New Horizon College of Engineering,Electrical & Electronics,1G,5964,SAMPLE_DATA_NOT_REAL,1
2024,Final,E009,New Horizon College of Engineering,Electrical & Electronics,1G,7632,SAMPLE_DATA_NOT_REAL,99
2025,1,E009,New Horizon College of Engineering,Electrical & Electronics,1G,4820,SAMPLE_DATA_NOT_REAL,0
2025,2,E009,New Horizon College of Engineering,Electrical & Electronics,1G,5727,SAMPLE_DATA_NOT_REAL,1
2025,Final,E009,New Horizon College of Engineering,Electrical & Electronics,1G,6761,SAMPLE_DATA_NOT_REAL,99
2021,1,E009,New Horizon College of Engineering,Electrical & Electronics,2A,8008,SAMPLE_DATA_NOT_REAL,0
2021,2,E009,New Horizon College of Engineering,Electrical & Electronics,2A,9209,SAMPLE_DATA_NOT_REAL,1
2021,Final,E009,New Horizon College of Engineering,Electrical & Electronics,2A,10874,SAMPLE_DATA_NOT_REAL,99
2022,1,E009,New Horizon College of Engineering,Electrical & Electronics,2A,7866,SAMPLE_DATA_NOT_REAL,0
2022,2,E009,New Horizon College of Engineering,Electrical & Electronics,2A,8158,SAMPLE_DATA_NOT_REAL,1
2022,Final,E009,New Horizon College of Engineering,Electrical & Electronics,2A,10471,SAMPLE_DATA_NOT_REAL,99
2023,1,E009,New Horizon College of Engineering,Electrical & Electronics,2A,7286,SAMPLE_DATA_NOT_REAL,0
2023,2,E009,New Horizon College of Engineering,Electrical & Electronics,2A,7826,SAMPLE_DATA_NOT_REAL,1
2023,Final,E009,New Horizon College of Engineering,Electrical & Electronics,2A,9278,SAMPLE_DATA_NOT_REAL,99
2024,1,E009,New Horizon College of Engineering,Electrical & Electronics,2A,6866,SAMPLE_DATA_NOT_REAL,0
2024,2,E009,New Horizon College of Engineering,Electrical & Electronics,2A,7196,SAMPLE_DATA_NOT_REAL,1
2024,Final,E009,New Horizon College of Engineering,Electrical & Electronics,2A,9700,SAMPLE_DATA_NOT_REAL,99
2025,1,E009,New Horizon College of Engineering,Electrical & Electronics,2A,7038,SAMPLE_DATA_NOT_REAL,0
2025,2,E009,New Horizon College of Engineering,Electrical & Electronics,2A,7352,SAMPLE_DATA_NOT_REAL,1
2025,Final,E009,New Horizon College of Engineering,Electrical & Electronics,2A,8569,SAMPLE_DATA_NOT_REAL,99
2021,1,E009,New Horizon College of Engineering,Electrical & Electronics,2B,8611,SAMPLE_DATA_NOT_REAL,0
2021,2,E009,New Horizon College of Engineering,Electrical & Electronics,2B,9623,SAMPLE_DATA_NOT_REAL,1
2021,Final,E009,New Horizon College of Engineering,Electrical & Electronics,2B,11950,SAMPLE_DATA_NOT_REAL,99
2022,1,E009,New Horizon College of Engineering,Electrical & Electronics,2B,8485,SAMPLE_DATA_NOT_REAL,0
2022,2,E009,New Horizon College of Engineering,Electrical & Electronics,2B,8979,SAMPLE_DATA_NOT_REAL,1
2022,Final,E009,New Horizon College of Engineering,Electrical & Electronics,2B,11387,SAMPLE_DATA_NOT_REAL,99
2023,1,E009,New Horizon College of Engineering,Electrical & Electronics,2B,7859,SAMPLE_DATA_NOT_REAL,0
2023,2,E009,New Horizon College of Engineering,Electrical & Electronics,2B,8590,SAMPLE_DATA_NOT_REAL,1
2023,Final,E009,New Horizon College of Engineering,Electrical & Electronics,2B,11023,SAMPLE_DATA_NOT_REAL,99
2024,1,E009,New Horizon College of Engineering,Electrical & Electronics,2B,7222,SAMPLE_DATA_NOT_REAL,0
2024,2,E009,New Horizon College of Engineering,Electrical & Electronics,2B,9273,SAMPLE_DATA_NOT_REAL,1
2024,Final,E009,New Horizon College of Engineering,Electrical & Electronics,2B,10299,SAMPLE_DATA_NOT_REAL,99
2025,1,E009,New Horizon College of Engineering,Electrical & Electronics,2B,7199,SAMPLE_DATA_NOT_REAL,0
2025,2,E009,New Horizon College of Engineering,Electrical & Electronics,2B,8842,SAMPLE_DATA_NOT_REAL,1
2025,Final,E009,New Horizon College of Engineering,Electrical & Electronics,2B,9422,SAMPLE_DATA_NOT_REAL,99
2021,1,E009,New Horizon College of Engineering,Electrical & Electronics,3A,8590,SAMPLE_DATA_NOT_REAL,0
2021,2,E009,New Horizon College of Engineering,Electrical & Electronics,3A,10240,SAMPLE_DATA_NOT_REAL,1
2021,Final,E009,New Horizon College of Engineering,Electrical & Electronics,3A,12818,SAMPLE_DATA_NOT_REAL,99
2022,1,E009,New Horizon College of Engineering,Electrical & Electronics,3A,9158,SAMPLE_DATA_NOT_REAL,0
2022,2,E009,New Horizon College of Engineering,Electrical & Electronics,3A,9574,SAMPLE_DATA_NOT_REAL,1
2022,Final,E009,New Horizon College of Engineering,Electrical & Electronics,3A,12351,SAMPLE_DATA_NOT_REAL,99
2023,1,E009,New Horizon College of Engineering,Electrical & Electronics,3A,9169,SAMPLE_DATA_NOT_REAL,0
2023,2,E009,New Horizon College of Engineering,Electrical & Electronics,3A,9287,SAMPLE_DATA_NOT_REAL,1
2023,Final,E009,New Horizon College of Engineering,Electrical & Electronics,3A,12438,SAMPLE_DATA_NOT_REAL,99
2024,1,E009,New Horizon College of Engineering,Electrical & Electronics,3A,8217,SAMPLE_DATA_NOT_REAL,0
2024,2,E009,New Horizon College of Engineering,Electrical & Electronics,3A,10213,SAMPLE_DATA_NOT_REAL,1
2024,Final,E009,New Horizon College of Engineering,Electrical & Electronics,3A,11872,SAMPLE_DATA_NOT_REAL,99
2025,1,E009,New Horizon College of Engineering,Electrical & Electronics,3A,7406,SAMPLE_DATA_NOT_REAL,0
2025,2,E009,New Horizon College of Engineering,Electrical & Electronics,3A,9425,SAMPLE_DATA_NOT_REAL,1
2025,Final,E009,New Horizon College of Engineering,Electrical & Electronics,3A,10622,SAMPLE_DATA_NOT_REAL,99
2021,1,E009,New Horizon College of Engineering,Electrical & Electronics,3B,9642,SAMPLE_DATA_NOT_REAL,0
2021,2,E009,New Horizon College of Engineering,Electrical & Electronics,3B,12030,SAMPLE_DATA_NOT_REAL,1
2021,Final,E009,New Horizon College of Engineering,Electrical & Electronics,3B,12451,SAMPLE_DATA_NOT_REAL,99
2022,1,E009,New Horizon College of Engineering,Electrical & Electronics,3B,8812,SAMPLE_DATA_NOT_REAL,0
2022,2,E009,New Horizon College of Engineering,Electrical & Electronics,3B,11408,SAMPLE_DATA_NOT_REAL,1
2022,Final,E009,New Horizon College of Engineering,Electrical & Electronics,3B,12030,SAMPLE_DATA_NOT_REAL,99
2023,1,E009,New Horizon College of Engineering,Electrical & Electronics,3B,9750,SAMPLE_DATA_NOT_REAL,0
2023,2,E009,New Horizon College of Engineering,Electrical & Electronics,3B,11083,SAMPLE_DATA_NOT_REAL,1
2023,Final,E009,New Horizon College of Engineering,Electrical & Electronics,3B,11538,SAMPLE_DATA_NOT_REAL,99
2024,1,E009,New Horizon College of Engineering,Electrical & Electronics,3B,8276,SAMPLE_DATA_NOT_REAL,0
2024,2,E009,New Horizon College of Engineering,Electrical & Electronics,3B,9778,SAMPLE_DATA_NOT_REAL,1
2024,Final,E009,New Horizon College of Engineering,Electrical & Electronics,3B,11595,SAMPLE_DATA_NOT_REAL,99
2025,1,E009,New Horizon College of Engineering,Electrical & Electronics,3B,8458,SAMPLE_DATA_NOT_REAL,0
2025,2,E009,New Horizon College of Engineering,Electrical & Electronics,3B,9639,SAMPLE_DATA_NOT_REAL,1
2025,Final,E009,New Horizon College of Engineering,Electrical & Electronics,3B,11684,SAMPLE_DATA_NOT_REAL,99
2021,1,E009,New Horizon College of Engineering,Electrical & Electronics,CAT1,7651,SAMPLE_DATA_NOT_REAL,0
2021,2,E009,New Horizon College of Engineering,Electrical & Electronics,CAT1,8729,SAMPLE_DATA_NOT_REAL,1
2021,Final,E009,New Horizon College of Engineering,Electrical & Electronics,CAT1,9967,SAMPLE_DATA_NOT_REAL,99
2022,1,E009,New Horizon College of Engineering,Electrical & Electronics,CAT1,7336,SAMPLE_DATA_NOT_REAL,0
2022,2,E009,New Horizon College of Engineering,Electrical & Electronics,CAT1,7876,SAMPLE_DATA_NOT_REAL,1
2022,Final,E009,New Horizon College of Engineering,Electrical & Electronics,CAT1,9384,SAMPLE_DATA_NOT_REAL,99
2023,1,E009,New Horizon College of Engineering,Electrical & Electronics,CAT1,6345,SAMPLE_DATA_NOT_REAL,0
2023,2,E009,New Horizon College of Engineering,Electrical & Electronics,CAT1,7652,SAMPLE_DATA_NOT_REAL,1
2023,Final,E009,New Horizon College of Engineering,Electrical & Electronics,CAT1,9197,SAMPLE_DATA_NOT_REAL,99
2024,1,E009,New Horizon College of Engineering,Electrical & Electronics,CAT1,6623,SAMPLE_DATA_NOT_REAL,0
2024,2,E009,New Horizon College of Engineering,Electrical & Electronics,CAT1,7013,SAMPLE_DATA_NOT_REAL,1
2024,Final,E009,New Horizon College of Engineering,Electrical & Electronics,CAT1,7961,SAMPLE_DATA_NOT_REAL,99
2025,1,E009,New Horizon College of Engineering,Electrical & Electronics,CAT1,5729,SAMPLE_DATA_NOT_REAL,0
2025,2,E009,New Horizon College of Engineering,Electrical & Electronics,CAT1,7437,SAMPLE_DATA_NOT_REAL,1
2025,Final,E009,New Horizon College of Engineering,Electrical & Electronics,CAT1,7706,SAMPLE_DATA_NOT_REAL,99
2021,1,E009,New Horizon College of Engineering,Electrical & Electronics,GM,5659,SAMPLE_DATA_NOT_REAL,0
2021,2,E009,New Horizon College of Engineering,Electrical & Electronics,GM,6375,SAMPLE_DATA_NOT_REAL,1
2021,Final,E009,New Horizon College of Engineering,Electrical & Electronics,GM,7471,SAMPLE_DATA_NOT_REAL,99
2022,1,E009,New Horizon College of Engineering,Electrical & Electronics,GM,5453,SAMPLE_DATA_NOT_REAL,0
2022,2,E009,New Horizon College of Engineering,Electrical & Electronics,GM,5589,SAMPLE_DATA_NOT_REAL,1
2022,Final,E009,New Horizon College of Engineering,Electrical & Electronics,GM,7344,SAMPLE_DATA_NOT_REAL,99
2023,1,E009,New Horizon College of Engineering,Electrical & Electronics,GM,5155,SAMPLE_DATA_NOT_REAL,0
2023,2,E009,New Horizon College of Engineering,Electrical & Electronics,GM,5871,SAMPLE_DATA_NOT_REAL,1
2023,Final,E009,New Horizon College of Engineering,Electrical & Electronics,GM,7300,SAMPLE_DATA_NOT_REAL,99
2024,1,E009,New Horizon College of Engineering,Electrical & Electronics,GM,5048,SAMPLE_DATA_NOT_REAL,0
2024,2,E009,New Horizon College of Engineering,Electrical & Electronics,GM,5545,SAMPLE_DATA_NOT_REAL,1
2024,Final,E009,New Horizon College of Engineering,Electrical & Electronics,GM,6157,SAMPLE_DATA_NOT_REAL,99
2025,1,E009,New Horizon College of Engineering,Electrical & Electronics,GM,4839,SAMPLE_DATA_NOT_REAL,0
2025,2,E009,New Horizon College of Engineering,Electrical & Electronics,GM,5329,SAMPLE_DATA_NOT_REAL,1
2025,Final,E009,New Horizon College of Engineering,Electrical & Electronics,GM,5846,SAMPLE_DATA_NOT_REAL,99
2021,1,E009,New Horizon College of Engineering,Electrical & Electronics,SC,17129,SAMPLE_DATA_NOT_REAL,0
2021,2,E009,New Horizon College of Engineering,Electrical & Electronics,SC,18411,SAMPLE_DATA_NOT_REAL,1
2021,Final,E009,New Horizon College of Engineering,Electrical & Electronics,SC,21544,SAMPLE_DATA_NOT_REAL,99
2022,1,E009,New Horizon College of Engineering,Electrical & Electronics,SC,14624,SAMPLE_DATA_NOT_REAL,0
2022,2,E009,New Horizon College of Engineering,Electrical & Electronics,SC,18192,SAMPLE_DATA_NOT_REAL,1
2022,Final,E009,New Horizon College of Engineering,Electrical & Electronics,SC,19731,SAMPLE_DATA_NOT_REAL,99
2023,1,E009,New Horizon College of Engineering,Electrical & Electronics,SC,14893,SAMPLE_DATA_NOT_REAL,0
2023,2,E009,New Horizon College of Engineering,Electrical & Electronics,SC,18739,SAMPLE_DATA_NOT_REAL,1
2023,Final,E009,New Horizon College of Engineering,Electrical & Electronics,SC,19882,SAMPLE_DATA_NOT_REAL,99
2024,1,E009,New Horizon College of Engineering,Electrical & Electronics,SC,13519,SAMPLE_DATA_NOT_REAL,0
2024,2,E009,New Horizon College of Engineering,Electrical & Electronics,SC,17299,SAMPLE_DATA_NOT_REAL,1
2024,Final,E009,New Horizon College of Engineering,Electrical & Electronics,SC,21165,SAMPLE_DATA_NOT_REAL,99
2025,1,E009,New Horizon College of Engineering,Electrical & Electronics,SC,14029,SAMPLE_DATA_NOT_REAL,0
2025,2,E009,New Horizon College of Engineering,Electrical & Electronics,SC,15482,SAMPLE_DATA_NOT_REAL,1
2025,Final,E009,New Horizon College of Engineering,Electrical & Electronics,SC,19555,SAMPLE_DATA_NOT_REAL,99
2021,1,E009,New Horizon College of Engineering,Electrical & Electronics,ST,23189,SAMPLE_DATA_NOT_REAL,0
2021,2,E009,New Horizon College of Engineering,Electrical & Electronics,ST,23817,SAMPLE_DATA_NOT_REAL,1
2021,Final,E009,New Horizon College of Engineering,Electrical & Electronics,ST,31998,SAMPLE_DATA_NOT_REAL,99
2022,1,E009,New Horizon College of Engineering,Electrical & Electronics,ST,22239,SAMPLE_DATA_NOT_REAL,0
2022,2,E009,New Horizon College of Engineering,Electrical & Electronics,ST,24729,SAMPLE_DATA_NOT_REAL,1
2022,Final,E009,New Horizon College of Engineering,Electrical & Electronics,ST,27864,SAMPLE_DATA_NOT_REAL,99
2023,1,E009,New Horizon College of Engineering,Electrical & Electronics,ST,20357,SAMPLE_DATA_NOT_REAL,0
2023,2,E009,New Horizon College of Engineering,Electrical & Electronics,ST,22141,SAMPLE_DATA_NOT_REAL,1
2023,Final,E009,New Horizon College of Engineering,Electrical & Electronics,ST,28965,SAMPLE_DATA_NOT_REAL,99
2024,1,E009,New Horizon College of Engineering,Electrical & Electronics,ST,20942,SAMPLE_DATA_NOT_REAL,0
2024,2,E009,New Horizon College of Engineering,Electrical & Electronics,ST,22238,SAMPLE_DATA_NOT_REAL,1
2024,Final,E009,New Horizon College of Engineering,Electrical & Electronics,ST,25189,SAMPLE_DATA_NOT_REAL,99
2025,1,E009,New Horizon College of Engineering,Electrical & Electronics,ST,19408,SAMPLE_DATA_NOT_REAL,0
2025,2,E009,New Horizon College of Engineering,Electrical & Electronics,ST,21098,SAMPLE_DATA_NOT_REAL,1
2025,Final,E009,New Horizon College of Engineering,Electrical & Electronics,ST,26728,SAMPLE_DATA_NOT_REAL,99
2021,1,E009,New Horizon College of Engineering,Electronics & Comm.,1G,5615,SAMPLE_DATA_NOT_REAL,0
2021,2,E009,New Horizon College of Engineering,Electronics & Comm.,1G,5816,SAMPLE_DATA_NOT_REAL,1
2021,Final,E009,New Horizon College of Engineering,Electronics & Comm.,1G,7782,SAMPLE_DATA_NOT_REAL,99
2022,1,E009,New Horizon College of Engineering,Electronics & Comm.,1G,5470,SAMPLE_DATA_NOT_REAL,0
2022,2,E009,New Horizon College of Engineering,Electronics & Comm.,1G,6298,SAMPLE_DATA_NOT_REAL,1
2022,Final,E009,New Horizon College of Engineering,Electronics & Comm.,1G,6940,SAMPLE_DATA_NOT_REAL,99
2023,1,E009,New Horizon College of Engineering,Electronics & Comm.,1G,5039,SAMPLE_DATA_NOT_REAL,0
2023,2,E009,New Horizon College of Engineering,Electronics & Comm.,1G,5486,SAMPLE_DATA_NOT_REAL,1
2023,Final,E009,New Horizon College of Engineering,Electronics & Comm.,1G,7151,SAMPLE_DATA_NOT_REAL,99
2024,1,E009,New Horizon College of Engineering,Electronics & Comm.,1G,5151,SAMPLE_DATA_NOT_REAL,0
2024,2,E009,New Horizon College of Engineering,Electronics & Comm.,1G,5872,SAMPLE_DATA_NOT_REAL,1
2024,Final,E009,New Horizon College of Engineering,Electronics & Comm.,1G,6445,SAMPLE_DATA_NOT_REAL,99
2025,1,E009,New Horizon College of Engineering,Electronics & Comm.,1G,4440,SAMPLE_DATA_NOT_REAL,0
2025,2,E009,New Horizon College of Engineering,Electronics & Comm.,1G,5172,SAMPLE_DATA_NOT_REAL,1
2025,Final,E009,New Horizon College of Engineering,Electronics & Comm.,1G,6282,SAMPLE_DATA_NOT_REAL,99
2021,1,E009,New Horizon College of Engineering,Electronics & Comm.,2A,6850,SAMPLE_DATA_NOT_REAL,0
2021,2,E009,New Horizon College of Engineering,Electronics & Comm.,2A,7896,SAMPLE_DATA_NOT_REAL,1
2021,Final,E009,New Horizon College of Engineering,Electronics & Comm.,2A,9272,SAMPLE_DATA_NOT_REAL,99
2022,1,E009,New Horizon College of Engineering,Electronics & Comm.,2A,7041,SAMPLE_DATA_NOT_REAL,0
2022,2,E009,New Horizon College of Engineering,Electronics & Comm.,2A,7786,SAMPLE_DATA_NOT_REAL,1
2022,Final,E009,New Horizon College of Engineering,Electronics & Comm.,2A,9379,SAMPLE_DATA_NOT_REAL,99
2023,1,E009,New Horizon College of Engineering,Electronics & Comm.,2A,6195,SAMPLE_DATA_NOT_REAL,0
2023,2,E009,New Horizon College of Engineering,Electronics & Comm.,2A,7211,SAMPLE_DATA_NOT_REAL,1
2023,Final,E009,New Horizon College of Engineering,Electronics & Comm.,2A,8772,SAMPLE_DATA_NOT_REAL,99
2024,1,E009,New Horizon College of Engineering,Electronics & Comm.,2A,6357,SAMPLE_DATA_NOT_REAL,0
2024,2,E009,New Horizon College of Engineering,Electronics & Comm.,2A,7235,SAMPLE_DATA_NOT_REAL,1
2024,Final,E009,New Horizon College of Engineering,Electronics & Comm.,2A,8051,SAMPLE_DATA_NOT_REAL,99
2025,1,E009,New Horizon College of Engineering,Electronics & Comm.,2A,5750,SAMPLE_DATA_NOT_REAL,0
2025,2,E009,New Horizon College of Engineering,Electronics & Comm.,2A,6825,SAMPLE_DATA_NOT_REAL,1
2025,Final,E009,New Horizon College of Engineering,Electronics & Comm.,2A,7859,SAMPLE_DATA_NOT_REAL,99
2021,1,E009,New Horizon College of Engineering,Electronics & Comm.,2B,7558,SAMPLE_DATA_NOT_REAL,0
2021,2,E009,New Horizon College of Engineering,Electronics & Comm.,2B,8907,SAMPLE_DATA_NOT_REAL,1
2021,Final,E009,New Horizon College of Engineering,Electronics & Comm.,2B,9971,SAMPLE_DATA_NOT_REAL,99
2022,1,E009,New Horizon College of Engineering,Electronics & Comm.,2B,7390,SAMPLE_DATA_NOT_REAL,0
2022,2,E009,New Horizon College of Engineering,Electronics & Comm.,2B,8403,SAMPLE_DATA_NOT_REAL,1
2022,Final,E009,New Horizon College of Engineering,Electronics & Comm.,2B,9812,SAMPLE_DATA_NOT_REAL,99
2023,1,E009,New Horizon College of Engineering,Electronics & Comm.,2B,7574,SAMPLE_DATA_NOT_REAL,0
2023,2,E009,New Horizon College of Engineering,Electronics & Comm.,2B,8172,SAMPLE_DATA_NOT_REAL,1
2023,Final,E009,New Horizon College of Engineering,Electronics & Comm.,2B,9135,SAMPLE_DATA_NOT_REAL,99
2024,1,E009,New Horizon College of Engineering,Electronics & Comm.,2B,6916,SAMPLE_DATA_NOT_REAL,0
2024,2,E009,New Horizon College of Engineering,Electronics & Comm.,2B,7723,SAMPLE_DATA_NOT_REAL,1
2024,Final,E009,New Horizon College of Engineering,Electronics & Comm.,2B,10063,SAMPLE_DATA_NOT_REAL,99
2025,1,E009,New Horizon College of Engineering,Electronics & Comm.,2B,6870,SAMPLE_DATA_NOT_REAL,0
2025,2,E009,New Horizon College of Engineering,Electronics & Comm.,2B,8264,SAMPLE_DATA_NOT_REAL,1
2025,Final,E009,New Horizon College of Engineering,Electronics & Comm.,2B,9263,SAMPLE_DATA_NOT_REAL,99
2021,1,E009,New Horizon College of Engineering,Electronics & Comm.,3A,8014,SAMPLE_DATA_NOT_REAL,0
2021,2,E009,New Horizon College of Engineering,Electronics & Comm.,3A,10299,SAMPLE_DATA_NOT_REAL,1
2021,Final,E009,New Horizon College of Engineering,Electronics & Comm.,3A,11912,SAMPLE_DATA_NOT_REAL,99
2022,1,E009,New Horizon College of Engineering,Electronics & Comm.,3A,7908,SAMPLE_DATA_NOT_REAL,0
2022,2,E009,New Horizon College of Engineering,Electronics & Comm.,3A,9247,SAMPLE_DATA_NOT_REAL,1
2022,Final,E009,New Horizon College of Engineering,Electronics & Comm.,3A,10680,SAMPLE_DATA_NOT_REAL,99
2023,1,E009,New Horizon College of Engineering,Electronics & Comm.,3A,7473,SAMPLE_DATA_NOT_REAL,0
2023,2,E009,New Horizon College of Engineering,Electronics & Comm.,3A,8350,SAMPLE_DATA_NOT_REAL,1
2023,Final,E009,New Horizon College of Engineering,Electronics & Comm.,3A,10196,SAMPLE_DATA_NOT_REAL,99
2024,1,E009,New Horizon College of Engineering,Electronics & Comm.,3A,6891,SAMPLE_DATA_NOT_REAL,0
2024,2,E009,New Horizon College of Engineering,Electronics & Comm.,3A,9141,SAMPLE_DATA_NOT_REAL,1
2024,Final,E009,New Horizon College of Engineering,Electronics & Comm.,3A,9683,SAMPLE_DATA_NOT_REAL,99
2025,1,E009,New Horizon College of Engineering,Electronics & Comm.,3A,7155,SAMPLE_DATA_NOT_REAL,0
2025,2,E009,New Horizon College of Engineering,Electronics & Comm.,3A,7824,SAMPLE_DATA_NOT_REAL,1
2025,Final,E009,New Horizon College of Engineering,Electronics & Comm.,3A,8965,SAMPLE_DATA_NOT_REAL,99
2021,1,E009,New Horizon College of Engineering,Electronics & Comm.,3B,9038,SAMPLE_DATA_NOT_REAL,0
2021,2,E009,New Horizon College of Engineering,Electronics & Comm.,3B,9410,SAMPLE_DATA_NOT_REAL,1
2021,Final,E009,New Horizon College of Engineering,Electronics & Comm.,3B,11847,SAMPLE_DATA_NOT_REAL,99
2022,1,E009,New Horizon College of Engineering,Electronics & Comm.,3B,8575,SAMPLE_DATA_NOT_REAL,0
2022,2,E009,New Horizon College of Engineering,Electronics & Comm.,3B,9778,SAMPLE_DATA_NOT_REAL,1
2022,Final,E009,New Horizon College of Engineering,Electronics & Comm.,3B,11728,SAMPLE_DATA_NOT_REAL,99
2023,1,E009,New Horizon College of Engineering,Electronics & Comm.,3B,7785,SAMPLE_DATA_NOT_REAL,0
2023,2,E009,New Horizon College of Engineering,Electronics & Comm.,3B,10061,SAMPLE_DATA_NOT_REAL,1
2023,Final,E009,New Horizon College of Engineering,Electronics & Comm.,3B,11813,SAMPLE_DATA_NOT_REAL,99
2024,1,E009,New Horizon College of Engineering,Electronics & Comm.,3B,8312,SAMPLE_DATA_NOT_REAL,0
2024,2,E009,New Horizon College of Engineering,Electronics & Comm.,3B,9486,SAMPLE_DATA_NOT_REAL,1
2024,Final,E009,New Horizon College of Engineering,Electronics & Comm.,3B,10434,SAMPLE_DATA_NOT_REAL,99
2025,1,E009,New Horizon College of Engineering,Electronics & Comm.,3B,7276,SAMPLE_DATA_NOT_REAL,0
2025,2,E009,New Horizon College of Engineering,Electronics & Comm.,3B,8011,SAMPLE_DATA_NOT_REAL,1
2025,Final,E009,New Horizon College of Engineering,Electronics & Comm.,3B,9428,SAMPLE_DATA_NOT_REAL,99
2021,1,E009,New Horizon College of Engineering,Electronics & Comm.,CAT1,6516,SAMPLE_DATA_NOT_REAL,0
2021,2,E009,New Horizon College of Engineering,Electronics & Comm.,CAT1,7874,SAMPLE_DATA_NOT_REAL,1
2021,Final,E009,New Horizon College of Engineering,Electronics & Comm.,CAT1,8054,SAMPLE_DATA_NOT_REAL,99
2022,1,E009,New Horizon College of Engineering,Electronics & Comm.,CAT1,5897,SAMPLE_DATA_NOT_REAL,0
2022,2,E009,New Horizon College of Engineering,Electronics & Comm.,CAT1,6549,SAMPLE_DATA_NOT_REAL,1
2022,Final,E009,New Horizon College of Engineering,Electronics & Comm.,CAT1,8706,SAMPLE_DATA_NOT_REAL,99
2023,1,E009,New Horizon College of Engineering,Electronics & Comm.,CAT1,5891,SAMPLE_DATA_NOT_REAL,0
2023,2,E009,New Horizon College of Engineering,Electronics & Comm.,CAT1,6419,SAMPLE_DATA_NOT_REAL,1
2023,Final,E009,New Horizon College of Engineering,Electronics & Comm.,CAT1,7600,SAMPLE_DATA_NOT_REAL,99
2024,1,E009,New Horizon College of Engineering,Electronics & Comm.,CAT1,5869,SAMPLE_DATA_NOT_REAL,0
2024,2,E009,New Horizon College of Engineering,Electronics & Comm.,CAT1,6138,SAMPLE_DATA_NOT_REAL,1
2024,Final,E009,New Horizon College of Engineering,Electronics & Comm.,CAT1,8092,SAMPLE_DATA_NOT_REAL,99
2025,1,E009,New Horizon College of Engineering,Electronics & Comm.,CAT1,4998,SAMPLE_DATA_NOT_REAL,0
2025,2,E009,New Horizon College of Engineering,Electronics & Comm.,CAT1,6274,SAMPLE_DATA_NOT_REAL,1
2025,Final,E009,New Horizon College of Engineering,Electronics & Comm.,CAT1,7420,SAMPLE_DATA_NOT_REAL,99
2021,1,E009,New Horizon College of Engineering,Electronics & Comm.,GM,5225,SAMPLE_DATA_NOT_REAL,0
2021,2,E009,New Horizon College of Engineering,Electronics & Comm.,GM,5573,SAMPLE_DATA_NOT_REAL,1
2021,Final,E009,New Horizon College of Engineering,Electronics & Comm.,GM,6405,SAMPLE_DATA_NOT_REAL,99
2022,1,E009,New Horizon College of Engineering,Electronics & Comm.,GM,4693,SAMPLE_DATA_NOT_REAL,0
2022,2,E009,New Horizon College of Engineering,Electronics & Comm.,GM,5589,SAMPLE_DATA_NOT_REAL,1
2022,Final,E009,New Horizon College of Engineering,Electronics & Comm.,GM,6850,SAMPLE_DATA_NOT_REAL,99
2023,1,E009,New Horizon College of Engineering,Electronics & Comm.,GM,4521,SAMPLE_DATA_NOT_REAL,0
2023,2,E009,New Horizon College of Engineering,Electronics & Comm.,GM,5015,SAMPLE_DATA_NOT_REAL,1
2023,Final,E009,New Horizon College of Engineering,Electronics & Comm.,GM,5772,SAMPLE_DATA_NOT_REAL,99
2024,1,E009,New Horizon College of Engineering,Electronics & Comm.,GM,4683,SAMPLE_DATA_NOT_REAL,0
2024,2,E009,New Horizon College of Engineering,Electronics & Comm.,GM,4732,SAMPLE_DATA_NOT_REAL,1
2024,Final,E009,New Horizon College of Engineering,Electronics & Comm.,GM,5952,SAMPLE_DATA_NOT_REAL,99
2025,1,E009,New Horizon College of Engineering,Electronics & Comm.,GM,4186,SAMPLE_DATA_NOT_REAL,0
2025,2,E009,New Horizon College of Engineering,Electronics & Comm.,GM,4705,SAMPLE_DATA_NOT_REAL,1
2025,Final,E009,New Horizon College of Engineering,Electronics & Comm.,GM,5491,SAMPLE_DATA_NOT_REAL,99
2021,1,E009,New Horizon College of Engineering,Electronics & Comm.,SC,15366,SAMPLE_DATA_NOT_REAL,0
2021,2,E009,New Horizon College of Engineering,Electronics & Comm.,SC,16599,SAMPLE_DATA_NOT_REAL,1
2021,Final,E009,New Horizon College of Engineering,Electronics & Comm.,SC,21167,SAMPLE_DATA_NOT_REAL,99
2022,1,E009,New Horizon College of Engineering,Electronics & Comm.,SC,13518,SAMPLE_DATA_NOT_REAL,0
2022,2,E009,New Horizon College of Engineering,Electronics & Comm.,SC,16917,SAMPLE_DATA_NOT_REAL,1
2022,Final,E009,New Horizon College of Engineering,Electronics & Comm.,SC,18148,SAMPLE_DATA_NOT_REAL,99
2023,1,E009,New Horizon College of Engineering,Electronics & Comm.,SC,12896,SAMPLE_DATA_NOT_REAL,0
2023,2,E009,New Horizon College of Engineering,Electronics & Comm.,SC,14745,SAMPLE_DATA_NOT_REAL,1
2023,Final,E009,New Horizon College of Engineering,Electronics & Comm.,SC,18668,SAMPLE_DATA_NOT_REAL,99
2024,1,E009,New Horizon College of Engineering,Electronics & Comm.,SC,12181,SAMPLE_DATA_NOT_REAL,0
2024,2,E009,New Horizon College of Engineering,Electronics & Comm.,SC,15459,SAMPLE_DATA_NOT_REAL,1
2024,Final,E009,New Horizon College of Engineering,Electronics & Comm.,SC,18119,SAMPLE_DATA_NOT_REAL,99
2025,1,E009,New Horizon College of Engineering,Electronics & Comm.,SC,13005,SAMPLE_DATA_NOT_REAL,0
2025,2,E009,New Horizon College of Engineering,Electronics & Comm.,SC,14664,SAMPLE_DATA_NOT_REAL,1
2025,Final,E009,New Horizon College of Engineering,Electronics & Comm.,SC,17581,SAMPLE_DATA_NOT_REAL,99
2021,1,E009,New Horizon College of Engineering,Electronics & Comm.,ST,19719,SAMPLE_DATA_NOT_REAL,0
2021,2,E009,New Horizon College of Engineering,Electronics & Comm.,ST,22395,SAMPLE_DATA_NOT_REAL,1
2021,Final,E009,New Horizon College of Engineering,Electronics & Comm.,ST,26297,SAMPLE_DATA_NOT_REAL,99
2022,1,E009,New Horizon College of Engineering,Electronics & Comm.,ST,17797,SAMPLE_DATA_NOT_REAL,0
2022,2,E009,New Horizon College of Engineering,Electronics & Comm.,ST,20986,SAMPLE_DATA_NOT_REAL,1
2022,Final,E009,New Horizon College of Engineering,Electronics & Comm.,ST,24293,SAMPLE_DATA_NOT_REAL,99
2023,1,E009,New Horizon College of Engineering,Electronics & Comm.,ST,16860,SAMPLE_DATA_NOT_REAL,0
2023,2,E009,New Horizon College of Engineering,Electronics & Comm.,ST,21847,SAMPLE_DATA_NOT_REAL,1
2023,Final,E009,New Horizon College of Engineering,Electronics & Comm.,ST,24941,SAMPLE_DATA_NOT_REAL,99
2024,1,E009,New Horizon College of Engineering,Electronics & Comm.,ST,17310,SAMPLE_DATA_NOT_REAL,0
2024,2,E009,New Horizon College of Engineering,Electronics & Comm.,ST,20527,SAMPLE_DATA_NOT_REAL,1
2024,Final,E009,New Horizon College of Engineering,Electronics & Comm.,ST,25212,SAMPLE_DATA_NOT_REAL,99
2025,1,E009,New Horizon College of Engineering,Electronics & Comm.,ST,17784,SAMPLE_DATA_NOT_REAL,0
2025,2,E009,New Horizon College of Engineering,Electronics & Comm.,ST,18240,SAMPLE_DATA_NOT_REAL,1
2025,Final,E009,New Horizon College of Engineering,Electronics & Comm.,ST,20757,SAMPLE_DATA_NOT_REAL,99
2021,1,E009,New Horizon College of Engineering,Information Science,1G,5707,SAMPLE_DATA_NOT_REAL,0
2021,2,E009,New Horizon College of Engineering,Information Science,1G,6087,SAMPLE_DATA_NOT_REAL,1
2021,Final,E009,New Horizon College of Engineering,Information Science,1G,7874,SAMPLE_DATA_NOT_REAL,99
2022,1,E009,New Horizon College of Engineering,Information Science,1G,5293,SAMPLE_DATA_NOT_REAL,0
2022,2,E009,New Horizon College of Engineering,Information Science,1G,6021,SAMPLE_DATA_NOT_REAL,1
2022,Final,E009,New Horizon College of Engineering,Information Science,1G,7655,SAMPLE_DATA_NOT_REAL,99
2023,1,E009,New Horizon College of Engineering,Information Science,1G,5354,SAMPLE_DATA_NOT_REAL,0
2023,2,E009,New Horizon College of Engineering,Information Science,1G,5836,SAMPLE_DATA_NOT_REAL,1
2023,Final,E009,New Horizon College of Engineering,Information Science,1G,7342,SAMPLE_DATA_NOT_REAL,99
2024,1,E009,New Horizon College of Engineering,Information Science,1G,5354,SAMPLE_DATA_NOT_REAL,0
2024,2,E009,New Horizon College of Engineering,Information Science,1G,5419,SAMPLE_DATA_NOT_REAL,1
2024,Final,E009,New Horizon College of Engineering,Information Science,1G,6980,SAMPLE_DATA_NOT_REAL,99
2025,1,E009,New Horizon College of Engineering,Information Science,1G,4972,SAMPLE_DATA_NOT_REAL,0
2025,2,E009,New Horizon College of Engineering,Information Science,1G,5928,SAMPLE_DATA_NOT_REAL,1
2025,Final,E009,New Horizon College of Engineering,Information Science,1G,6351,SAMPLE_DATA_NOT_REAL,99
2021,1,E009,New Horizon College of Engineering,Information Science,2A,7669,SAMPLE_DATA_NOT_REAL,0
2021,2,E009,New Horizon College of Engineering,Information Science,2A,8166,SAMPLE_DATA_NOT_REAL,1
2021,Final,E009,New Horizon College of Engineering,Information Science,2A,9656,SAMPLE_DATA_NOT_REAL,99
2022,1,E009,New Horizon College of Engineering,Information Science,2A,6905,SAMPLE_DATA_NOT_REAL,0
2022,2,E009,New Horizon College of Engineering,Information Science,2A,7443,SAMPLE_DATA_NOT_REAL,1
2022,Final,E009,New Horizon College of Engineering,Information Science,2A,8979,SAMPLE_DATA_NOT_REAL,99
2023,1,E009,New Horizon College of Engineering,Information Science,2A,6229,SAMPLE_DATA_NOT_REAL,0
2023,2,E009,New Horizon College of Engineering,Information Science,2A,8012,SAMPLE_DATA_NOT_REAL,1
2023,Final,E009,New Horizon College of Engineering,Information Science,2A,9080,SAMPLE_DATA_NOT_REAL,99
2024,1,E009,New Horizon College of Engineering,Information Science,2A,6398,SAMPLE_DATA_NOT_REAL,0
2024,2,E009,New Horizon College of Engineering,Information Science,2A,6999,SAMPLE_DATA_NOT_REAL,1
2024,Final,E009,New Horizon College of Engineering,Information Science,2A,8184,SAMPLE_DATA_NOT_REAL,99
2025,1,E009,New Horizon College of Engineering,Information Science,2A,6232,SAMPLE_DATA_NOT_REAL,0
2025,2,E009,New Horizon College of Engineering,Information Science,2A,7414,SAMPLE_DATA_NOT_REAL,1
2025,Final,E009,New Horizon College of Engineering,Information Science,2A,8369,SAMPLE_DATA_NOT_REAL,99
2021,1,E009,New Horizon College of Engineering,Information Science,2B,8688,SAMPLE_DATA_NOT_REAL,0
2021,2,E009,New Horizon College of Engineering,Information Science,2B,9659,SAMPLE_DATA_NOT_REAL,1
2021,Final,E009,New Horizon College of Engineering,Information Science,2B,10838,SAMPLE_DATA_NOT_REAL,99
2022,1,E009,New Horizon College of Engineering,Information Science,2B,7672,SAMPLE_DATA_NOT_REAL,0
2022,2,E009,New Horizon College of Engineering,Information Science,2B,8704,SAMPLE_DATA_NOT_REAL,1
2022,Final,E009,New Horizon College of Engineering,Information Science,2B,10224,SAMPLE_DATA_NOT_REAL,99
2023,1,E009,New Horizon College of Engineering,Information Science,2B,7118,SAMPLE_DATA_NOT_REAL,0
2023,2,E009,New Horizon College of Engineering,Information Science,2B,8360,SAMPLE_DATA_NOT_REAL,1
2023,Final,E009,New Horizon College of Engineering,Information Science,2B,10789,SAMPLE_DATA_NOT_REAL,99
2024,1,E009,New Horizon College of Engineering,Information Science,2B,7471,SAMPLE_DATA_NOT_REAL,0
2024,2,E009,New Horizon College of Engineering,Information Science,2B,8298,SAMPLE_DATA_NOT_REAL,1
2024,Final,E009,New Horizon College of Engineering,Information Science,2B,9645,SAMPLE_DATA_NOT_REAL,99
2025,1,E009,New Horizon College of Engineering,Information Science,2B,7101,SAMPLE_DATA_NOT_REAL,0
2025,2,E009,New Horizon College of Engineering,Information Science,2B,8469,SAMPLE_DATA_NOT_REAL,1
2025,Final,E009,New Horizon College of Engineering,Information Science,2B,9561,SAMPLE_DATA_NOT_REAL,99
2021,1,E009,New Horizon College of Engineering,Information Science,3A,8844,SAMPLE_DATA_NOT_REAL,0
2021,2,E009,New Horizon College of Engineering,Information Science,3A,10379,SAMPLE_DATA_NOT_REAL,1
2021,Final,E009,New Horizon College of Engineering,Information Science,3A,11843,SAMPLE_DATA_NOT_REAL,99
2022,1,E009,New Horizon College of Engineering,Information Science,3A,8021,SAMPLE_DATA_NOT_REAL,0
2022,2,E009,New Horizon College of Engineering,Information Science,3A,8952,SAMPLE_DATA_NOT_REAL,1
2022,Final,E009,New Horizon College of Engineering,Information Science,3A,11243,SAMPLE_DATA_NOT_REAL,99
2023,1,E009,New Horizon College of Engineering,Information Science,3A,7779,SAMPLE_DATA_NOT_REAL,0
2023,2,E009,New Horizon College of Engineering,Information Science,3A,8735,SAMPLE_DATA_NOT_REAL,1
2023,Final,E009,New Horizon College of Engineering,Information Science,3A,11483,SAMPLE_DATA_NOT_REAL,99
2024,1,E009,New Horizon College of Engineering,Information Science,3A,7210,SAMPLE_DATA_NOT_REAL,0
2024,2,E009,New Horizon College of Engineering,Information Science,3A,9504,SAMPLE_DATA_NOT_REAL,1
2024,Final,E009,New Horizon College of Engineering,Information Science,3A,9785,SAMPLE_DATA_NOT_REAL,99
2025,1,E009,New Horizon College of Engineering,Information Science,3A,7853,SAMPLE_DATA_NOT_REAL,0
2025,2,E009,New Horizon College of Engineering,Information Science,3A,7895,SAMPLE_DATA_NOT_REAL,1
2025,Final,E009,New Horizon College of Engineering,Information Science,3A,10548,SAMPLE_DATA_NOT_REAL,99
2021,1,E009,New Horizon College of Engineering,Information Science,3B,9521,SAMPLE_DATA_NOT_REAL,0
2021,2,E009,New Horizon College of Engineering,Information Science,3B,11332,SAMPLE_DATA_NOT_REAL,1
2021,Final,E009,New Horizon College of Engineering,Information Science,3B,11944,SAMPLE_DATA_NOT_REAL,99
2022,1,E009,New Horizon College of Engineering,Information Science,3B,8848,SAMPLE_DATA_NOT_REAL,0
2022,2,E009,New Horizon College of Engineering,Information Science,3B,10241,SAMPLE_DATA_NOT_REAL,1
2022,Final,E009,New Horizon College of Engineering,Information Science,3B,12295,SAMPLE_DATA_NOT_REAL,99
2023,1,E009,New Horizon College of Engineering,Information Science,3B,7868,SAMPLE_DATA_NOT_REAL,0
2023,2,E009,New Horizon College of Engineering,Information Science,3B,9173,SAMPLE_DATA_NOT_REAL,1
2023,Final,E009,New Horizon College of Engineering,Information Science,3B,12020,SAMPLE_DATA_NOT_REAL,99
2024,1,E009,New Horizon College of Engineering,Information Science,3B,8114,SAMPLE_DATA_NOT_REAL,0
2024,2,E009,New Horizon College of Engineering,Information Science,3B,9762,SAMPLE_DATA_NOT_REAL,1
2024,Final,E009,New Horizon College of Engineering,Information Science,3B,10415,SAMPLE_DATA_NOT_REAL,99
2025,1,E009,New Horizon College of Engineering,Information Science,3B,7260,SAMPLE_DATA_NOT_REAL,0
2025,2,E009,New Horizon College of Engineering,Information Science,3B,8473,SAMPLE_DATA_NOT_REAL,1
2025,Final,E009,New Horizon College of Engineering,Information Science,3B,9983,SAMPLE_DATA_NOT_REAL,99
2021,1,E009,New Horizon College of Engineering,Information Science,CAT1,6694,SAMPLE_DATA_NOT_REAL,0
2021,2,E009,New Horizon College of Engineering,Information Science,CAT1,7217,SAMPLE_DATA_NOT_REAL,1
2021,Final,E009,New Horizon College of Engineering,Information Science,CAT1,9680,SAMPLE_DATA_NOT_REAL,99
2022,1,E009,New Horizon College of Engineering,Information Science,CAT1,6868,SAMPLE_DATA_NOT_REAL,0
2022,2,E009,New Horizon College of Engineering,Information Science,CAT1,7661,SAMPLE_DATA_NOT_REAL,1
2022,Final,E009,New Horizon College of Engineering,Information Science,CAT1,8106,SAMPLE_DATA_NOT_REAL,99
2023,1,E009,New Horizon College of Engineering,Information Science,CAT1,6281,SAMPLE_DATA_NOT_REAL,0
2023,2,E009,New Horizon College of Engineering,Information Science,CAT1,6590,SAMPLE_DATA_NOT_REAL,1
2023,Final,E009,New Horizon College of Engineering,Information Science,CAT1,7974,SAMPLE_DATA_NOT_REAL,99
2024,1,E009,New Horizon College of Engineering,Information Science,CAT1,6095,SAMPLE_DATA_NOT_REAL,0
2024,2,E009,New Horizon College of Engineering,Information Science,CAT1,6711,SAMPLE_DATA_NOT_REAL,1
2024,Final,E009,New Horizon College of Engineering,Information Science,CAT1,7622,SAMPLE_DATA_NOT_REAL,99
2025,1,E009,New Horizon College of Engineering,Information Science,CAT1,5787,SAMPLE_DATA_NOT_REAL,0
2025,2,E009,New Horizon College of Engineering,Information Science,CAT1,6168,SAMPLE_DATA_NOT_REAL,1
2025,Final,E009,New Horizon College of Engineering,Information Science,CAT1,7345,SAMPLE_DATA_NOT_REAL,99
2021,1,E009,New Horizon College of Engineering,Information Science,GM,5509,SAMPLE_DATA_NOT_REAL,0
2021,2,E009,New Horizon College of Engineering,Information Science,GM,6241,SAMPLE_DATA_NOT_REAL,1
2021,Final,E009,New Horizon College of Engineering,Information Science,GM,6472,SAMPLE_DATA_NOT_REAL,99
2022,1,E009,New Horizon College of Engineering,Information Science,GM,5122,SAMPLE_DATA_NOT_REAL,0
2022,2,E009,New Horizon College of Engineering,Information Science,GM,6060,SAMPLE_DATA_NOT_REAL,1
2022,Final,E009,New Horizon College of Engineering,Information Science,GM,6114,SAMPLE_DATA_NOT_REAL,99
2023,1,E009,New Horizon College of Engineering,Information Science,GM,4582,SAMPLE_DATA_NOT_REAL,0
2023,2,E009,New Horizon College of Engineering,Information Science,GM,5590,SAMPLE_DATA_NOT_REAL,1
2023,Final,E009,New Horizon College of Engineering,Information Science,GM,6359,SAMPLE_DATA_NOT_REAL,99
2024,1,E009,New Horizon College of Engineering,Information Science,GM,4425,SAMPLE_DATA_NOT_REAL,0
2024,2,E009,New Horizon College of Engineering,Information Science,GM,5440,SAMPLE_DATA_NOT_REAL,1
2024,Final,E009,New Horizon College of Engineering,Information Science,GM,5996,SAMPLE_DATA_NOT_REAL,99
2025,1,E009,New Horizon College of Engineering,Information Science,GM,4036,SAMPLE_DATA_NOT_REAL,0
2025,2,E009,New Horizon College of Engineering,Information Science,GM,5372,SAMPLE_DATA_NOT_REAL,1
2025,Final,E009,New Horizon College of Engineering,Information Science,GM,6236,SAMPLE_DATA_NOT_REAL,99
2021,1,E009,New Horizon College of Engineering,Information Science,SC,15342,SAMPLE_DATA_NOT_REAL,0
2021,2,E009,New Horizon College of Engineering,Information Science,SC,17401,SAMPLE_DATA_NOT_REAL,1
2021,Final,E009,New Horizon College of Engineering,Information Science,SC,19902,SAMPLE_DATA_NOT_REAL,99
2022,1,E009,New Horizon College of Engineering,Information Science,SC,14710,SAMPLE_DATA_NOT_REAL,0
2022,2,E009,New Horizon College of Engineering,Information Science,SC,17195,SAMPLE_DATA_NOT_REAL,1
2022,Final,E009,New Horizon College of Engineering,Information Science,SC,18590,SAMPLE_DATA_NOT_REAL,99
2023,1,E009,New Horizon College of Engineering,Information Science,SC,15106,SAMPLE_DATA_NOT_REAL,0
2023,2,E009,New Horizon College of Engineering,Information Science,SC,16445,SAMPLE_DATA_NOT_REAL,1
2023,Final,E009,New Horizon College of Engineering,Information Science,SC,17637,SAMPLE_DATA_NOT_REAL,99
2024,1,E009,New Horizon College of Engineering,Information Science,SC,13976,SAMPLE_DATA_NOT_REAL,0
2024,2,E009,New Horizon College of Engineering,Information Science,SC,14468,SAMPLE_DATA_NOT_REAL,1
2024,Final,E009,New Horizon College of Engineering,Information Science,SC,19687,SAMPLE_DATA_NOT_REAL,99
2025,1,E009,New Horizon College of Engineering,Information Science,SC,13295,SAMPLE_DATA_NOT_REAL,0
2025,2,E009,New Horizon College of Engineering,Information Science,SC,15990,SAMPLE_DATA_NOT_REAL,1
2025,Final,E009,New Horizon College of Engineering,Information Science,SC,16996,SAMPLE_DATA_NOT_REAL,99
2021,1,E009,New Horizon College of Engineering,Information Science,ST,21521,SAMPLE_DATA_NOT_REAL,0
2021,2,E009,New Horizon College of Engineering,Information Science,ST,24417,SAMPLE_DATA_NOT_REAL,1
2021,Final,E009,New Horizon College of Engineering,Information Science,ST,27357,SAMPLE_DATA_NOT_REAL,99
2022,1,E009,New Horizon College of Engineering,Information Science,ST,18362,SAMPLE_DATA_NOT_REAL,0
2022,2,E009,New Horizon College of Engineering,Information Science,ST,22954,SAMPLE_DATA_NOT_REAL,1
2022,Final,E009,New Horizon College of Engineering,Information Science,ST,28054,SAMPLE_DATA_NOT_REAL,99
2023,1,E009,New Horizon College of Engineering,Information Science,ST,19186,SAMPLE_DATA_NOT_REAL,0
2023,2,E009,New Horizon College of Engineering,Information Science,ST,20722,SAMPLE_DATA_NOT_REAL,1
2023,Final,E009,New Horizon College of Engineering,Information Science,ST,25654,SAMPLE_DATA_NOT_REAL,99
2024,1,E009,New Horizon College of Engineering,Information Science,ST,17048,SAMPLE_DATA_NOT_REAL,0
2024,2,E009,New Horizon College of Engineering,Information Science,ST,20308,SAMPLE_DATA_NOT_REAL,1
2024,Final,E009,New Horizon College of Engineering,Information Science,ST,24177,SAMPLE_DATA_NOT_REAL,99
2025,1,E009,New Horizon College of Engineering,Information Science,ST,17953,SAMPLE_DATA_NOT_REAL,0
2025,2,E009,New Horizon College of Engineering,Information Science,ST,20907,SAMPLE_DATA_NOT_REAL,1
2025,Final,E009,New Horizon College of Engineering,Information Science,ST,22978,SAMPLE_DATA_NOT_REAL,99
2021,1,E009,New Horizon College of Engineering,Mechanical,1G,4327,SAMPLE_DATA_NOT_REAL,0
2021,2,E009,New Horizon College of Engineering,Mechanical,1G,4995,SAMPLE_DATA_NOT_REAL,1
2021,Final,E009,New Horizon College of Engineering,Mechanical,1G,6612,SAMPLE_DATA_NOT_REAL,99
2022,1,E009,New Horizon College of Engineering,Mechanical,1G,4512,SAMPLE_DATA_NOT_REAL,0
2022,2,E009,New Horizon College of Engineering,Mechanical,1G,5496,SAMPLE_DATA_NOT_REAL,1
2022,Final,E009,New Horizon College of Engineering,Mechanical,1G,6264,SAMPLE_DATA_NOT_REAL,99
2023,1,E009,New Horizon College of Engineering,Mechanical,1G,4302,SAMPLE_DATA_NOT_REAL,0
2023,2,E009,New Horizon College of Engineering,Mechanical,1G,5309,SAMPLE_DATA_NOT_REAL,1
2023,Final,E009,New Horizon College of Engineering,Mechanical,1G,5453,SAMPLE_DATA_NOT_REAL,99
2024,1,E009,New Horizon College of Engineering,Mechanical,1G,3829,SAMPLE_DATA_NOT_REAL,0
2024,2,E009,New Horizon College of Engineering,Mechanical,1G,4375,SAMPLE_DATA_NOT_REAL,1
2024,Final,E009,New Horizon College of Engineering,Mechanical,1G,5422,SAMPLE_DATA_NOT_REAL,99
2025,1,E009,New Horizon College of Engineering,Mechanical,1G,3959,SAMPLE_DATA_NOT_REAL,0
2025,2,E009,New Horizon College of Engineering,Mechanical,1G,4408,SAMPLE_DATA_NOT_REAL,1
2025,Final,E009,New Horizon College of Engineering,Mechanical,1G,4978,SAMPLE_DATA_NOT_REAL,99
2021,1,E009,New Horizon College of Engineering,Mechanical,2A,5704,SAMPLE_DATA_NOT_REAL,0
2021,2,E009,New Horizon College of Engineering,Mechanical,2A,6994,SAMPLE_DATA_NOT_REAL,1
2021,Final,E009,New Horizon College of Engineering,Mechanical,2A,7744,SAMPLE_DATA_NOT_REAL,99
2022,1,E009,New Horizon College of Engineering,Mechanical,2A,5596,SAMPLE_DATA_NOT_REAL,0
2022,2,E009,New Horizon College of Engineering,Mechanical,2A,6516,SAMPLE_DATA_NOT_REAL,1
2022,Final,E009,New Horizon College of Engineering,Mechanical,2A,8105,SAMPLE_DATA_NOT_REAL,99
2023,1,E009,New Horizon College of Engineering,Mechanical,2A,5088,SAMPLE_DATA_NOT_REAL,0
2023,2,E009,New Horizon College of Engineering,Mechanical,2A,6610,SAMPLE_DATA_NOT_REAL,1
2023,Final,E009,New Horizon College of Engineering,Mechanical,2A,7902,SAMPLE_DATA_NOT_REAL,99
2024,1,E009,New Horizon College of Engineering,Mechanical,2A,5338,SAMPLE_DATA_NOT_REAL,0
2024,2,E009,New Horizon College of Engineering,Mechanical,2A,5833,SAMPLE_DATA_NOT_REAL,1
2024,Final,E009,New Horizon College of Engineering,Mechanical,2A,7298,SAMPLE_DATA_NOT_REAL,99
2025,1,E009,New Horizon College of Engineering,Mechanical,2A,5354,SAMPLE_DATA_NOT_REAL,0
2025,2,E009,New Horizon College of Engineering,Mechanical,2A,5357,SAMPLE_DATA_NOT_REAL,1
2025,Final,E009,New Horizon College of Engineering,Mechanical,2A,6797,SAMPLE_DATA_NOT_REAL,99
2021,1,E009,New Horizon College of Engineering,Mechanical,2B,6504,SAMPLE_DATA_NOT_REAL,0
2021,2,E009,New Horizon College of Engineering,Mechanical,2B,7818,SAMPLE_DATA_NOT_REAL,1
2021,Final,E009,New Horizon College of Engineering,Mechanical,2B,8891,SAMPLE_DATA_NOT_REAL,99
2022,1,E009,New Horizon College of Engineering,Mechanical,2B,6120,SAMPLE_DATA_NOT_REAL,0
2022,2,E009,New Horizon College of Engineering,Mechanical,2B,6991,SAMPLE_DATA_NOT_REAL,1
2022,Final,E009,New Horizon College of Engineering,Mechanical,2B,9198,SAMPLE_DATA_NOT_REAL,99
2023,1,E009,New Horizon College of Engineering,Mechanical,2B,5944,SAMPLE_DATA_NOT_REAL,0
2023,2,E009,New Horizon College of Engineering,Mechanical,2B,7174,SAMPLE_DATA_NOT_REAL,1
2023,Final,E009,New Horizon College of Engineering,Mechanical,2B,8949,SAMPLE_DATA_NOT_REAL,99
2024,1,E009,New Horizon College of Engineering,Mechanical,2B,6257,SAMPLE_DATA_NOT_REAL,0
2024,2,E009,New Horizon College of Engineering,Mechanical,2B,6458,SAMPLE_DATA_NOT_REAL,1
2024,Final,E009,New Horizon College of Engineering,Mechanical,2B,8477,SAMPLE_DATA_NOT_REAL,99
2025,1,E009,New Horizon College of Engineering,Mechanical,2B,5917,SAMPLE_DATA_NOT_REAL,0
2025,2,E009,New Horizon College of Engineering,Mechanical,2B,6905,SAMPLE_DATA_NOT_REAL,1
2025,Final,E009,New Horizon College of Engineering,Mechanical,2B,7130,SAMPLE_DATA_NOT_REAL,99
2021,1,E009,New Horizon College of Engineering,Mechanical,3A,6965,SAMPLE_DATA_NOT_REAL,0
2021,2,E009,New Horizon College of Engineering,Mechanical,3A,8879,SAMPLE_DATA_NOT_REAL,1
2021,Final,E009,New Horizon College of Engineering,Mechanical,3A,9009,SAMPLE_DATA_NOT_REAL,99
2022,1,E009,New Horizon College of Engineering,Mechanical,3A,6698,SAMPLE_DATA_NOT_REAL,0
2022,2,E009,New Horizon College of Engineering,Mechanical,3A,7918,SAMPLE_DATA_NOT_REAL,1
2022,Final,E009,New Horizon College of Engineering,Mechanical,3A,9318,SAMPLE_DATA_NOT_REAL,99
2023,1,E009,New Horizon College of Engineering,Mechanical,3A,6307,SAMPLE_DATA_NOT_REAL,0
2023,2,E009,New Horizon College of Engineering,Mechanical,3A,7870,SAMPLE_DATA_NOT_REAL,1
2023,Final,E009,New Horizon College of Engineering,Mechanical,3A,8680,SAMPLE_DATA_NOT_REAL,99
2024,1,E009,New Horizon College of Engineering,Mechanical,3A,6155,SAMPLE_DATA_NOT_REAL,0
2024,2,E009,New Horizon College of Engineering,Mechanical,3A,7018,SAMPLE_DATA_NOT_REAL,1
2024,Final,E009,New Horizon College of Engineering,Mechanical,3A,7910,SAMPLE_DATA_NOT_REAL,99
2025,1,E009,New Horizon College of Engineering,Mechanical,3A,6039,SAMPLE_DATA_NOT_REAL,0
2025,2,E009,New Horizon College of Engineering,Mechanical,3A,7423,SAMPLE_DATA_NOT_REAL,1
2025,Final,E009,New Horizon College of Engineering,Mechanical,3A,8359,SAMPLE_DATA_NOT_REAL,99
2021,1,E009,New Horizon College of Engineering,Mechanical,3B,7643,SAMPLE_DATA_NOT_REAL,0
2021,2,E009,New Horizon College of Engineering,Mechanical,3B,8536,SAMPLE_DATA_NOT_REAL,1
2021,Final,E009,New Horizon College of Engineering,Mechanical,3B,10321,SAMPLE_DATA_NOT_REAL,99
2022,1,E009,New Horizon College of Engineering,Mechanical,3B,7150,SAMPLE_DATA_NOT_REAL,0
2022,2,E009,New Horizon College of Engineering,Mechanical,3B,8510,SAMPLE_DATA_NOT_REAL,1
2022,Final,E009,New Horizon College of Engineering,Mechanical,3B,9305,SAMPLE_DATA_NOT_REAL,99
2023,1,E009,New Horizon College of Engineering,Mechanical,3B,6811,SAMPLE_DATA_NOT_REAL,0
2023,2,E009,New Horizon College of Engineering,Mechanical,3B,8416,SAMPLE_DATA_NOT_REAL,1
2023,Final,E009,New Horizon College of Engineering,Mechanical,3B,9512,SAMPLE_DATA_NOT_REAL,99
2024,1,E009,New Horizon College of Engineering,Mechanical,3B,6238,SAMPLE_DATA_NOT_REAL,0
2024,2,E009,New Horizon College of Engineering,Mechanical,3B,7337,SAMPLE_DATA_NOT_REAL,1
2024,Final,E009,New Horizon College of Engineering,Mechanical,3B,9748,SAMPLE_DATA_NOT_REAL,99
2025,1,E009,New Horizon College of Engineering,Mechanical,3B,6146,SAMPLE_DATA_NOT_REAL,0
2025,2,E009,New Horizon College of Engineering,Mechanical,3B,7835,SAMPLE_DATA_NOT_REAL,1
2025,Final,E009,New Horizon College of Engineering,Mechanical,3B,9386,SAMPLE_DATA_NOT_REAL,99
2021,1,E009,New Horizon College of Engineering,Mechanical,CAT1,5655,SAMPLE_DATA_NOT_REAL,0
2021,2,E009,New Horizon College of Engineering,Mechanical,CAT1,5926,SAMPLE_DATA_NOT_REAL,1
2021,Final,E009,New Horizon College of Engineering,Mechanical,CAT1,7655,SAMPLE_DATA_NOT_REAL,99
2022,1,E009,New Horizon College of Engineering,Mechanical,CAT1,5396,SAMPLE_DATA_NOT_REAL,0
2022,2,E009,New Horizon College of Engineering,Mechanical,CAT1,6527,SAMPLE_DATA_NOT_REAL,1
2022,Final,E009,New Horizon College of Engineering,Mechanical,CAT1,6694,SAMPLE_DATA_NOT_REAL,99
2023,1,E009,New Horizon College of Engineering,Mechanical,CAT1,5259,SAMPLE_DATA_NOT_REAL,0
2023,2,E009,New Horizon College of Engineering,Mechanical,CAT1,5876,SAMPLE_DATA_NOT_REAL,1
2023,Final,E009,New Horizon College of Engineering,Mechanical,CAT1,6869,SAMPLE_DATA_NOT_REAL,99
2024,1,E009,New Horizon College of Engineering,Mechanical,CAT1,4828,SAMPLE_DATA_NOT_REAL,0
2024,2,E009,New Horizon College of Engineering,Mechanical,CAT1,5417,SAMPLE_DATA_NOT_REAL,1
2024,Final,E009,New Horizon College of Engineering,Mechanical,CAT1,6721,SAMPLE_DATA_NOT_REAL,99
2025,1,E009,New Horizon College of Engineering,Mechanical,CAT1,4772,SAMPLE_DATA_NOT_REAL,0
2025,2,E009,New Horizon College of Engineering,Mechanical,CAT1,5108,SAMPLE_DATA_NOT_REAL,1
2025,Final,E009,New Horizon College of Engineering,Mechanical,CAT1,6262,SAMPLE_DATA_NOT_REAL,99
2021,1,E009,New Horizon College of Engineering,Mechanical,GM,4067,SAMPLE_DATA_NOT_REAL,0
2021,2,E009,New Horizon College of Engineering,Mechanical,GM,5128,SAMPLE_DATA_NOT_REAL,1
2021,Final,E009,New Horizon College of Engineering,Mechanical,GM,5861,SAMPLE_DATA_NOT_REAL,99
2022,1,E009,New Horizon College of Engineering,Mechanical,GM,4332,SAMPLE_DATA_NOT_REAL,0
2022,2,E009,New Horizon College of Engineering,Mechanical,GM,4954,SAMPLE_DATA_NOT_REAL,1
2022,Final,E009,New Horizon College of Engineering,Mechanical,GM,5679,SAMPLE_DATA_NOT_REAL,99
2023,1,E009,New Horizon College of Engineering,Mechanical,GM,3836,SAMPLE_DATA_NOT_REAL,0
2023,2,E009,New Horizon College of Engineering,Mechanical,GM,4471,SAMPLE_DATA_NOT_REAL,1
2023,Final,E009,New Horizon College of Engineering,Mechanical,GM,5031,SAMPLE_DATA_NOT_REAL,99
2024,1,E009,New Horizon College of Engineering,Mechanical,GM,4008,SAMPLE_DATA_NOT_REAL,0
2024,2,E009,New Horizon College of Engineering,Mechanical,GM,4113,SAMPLE_DATA_NOT_REAL,1
2024,Final,E009,New Horizon College of Engineering,Mechanical,GM,5391,SAMPLE_DATA_NOT_REAL,99
2025,1,E009,New Horizon College of Engineering,Mechanical,GM,3457,SAMPLE_DATA_NOT_REAL,0
2025,2,E009,New Horizon College of Engineering,Mechanical,GM,4312,SAMPLE_DATA_NOT_REAL,1
2025,Final,E009,New Horizon College of Engineering,Mechanical,GM,5215,SAMPLE_DATA_NOT_REAL,99
2021,1,E009,New Horizon College of Engineering,Mechanical,SC,11925,SAMPLE_DATA_NOT_REAL,0
2021,2,E009,New Horizon College of Engineering,Mechanical,SC,14318,SAMPLE_DATA_NOT_REAL,1
2021,Final,E009,New Horizon College of Engineering,Mechanical,SC,18157,SAMPLE_DATA_NOT_REAL,99
2022,1,E009,New Horizon College of Engineering,Mechanical,SC,12799,SAMPLE_DATA_NOT_REAL,0
2022,2,E009,New Horizon College of Engineering,Mechanical,SC,14037,SAMPLE_DATA_NOT_REAL,1
2022,Final,E009,New Horizon College of Engineering,Mechanical,SC,15908,SAMPLE_DATA_NOT_REAL,99
2023,1,E009,New Horizon College of Engineering,Mechanical,SC,11405,SAMPLE_DATA_NOT_REAL,0
2023,2,E009,New Horizon College of Engineering,Mechanical,SC,12985,SAMPLE_DATA_NOT_REAL,1
2023,Final,E009,New Horizon College of Engineering,Mechanical,SC,15008,SAMPLE_DATA_NOT_REAL,99
2024,1,E009,New Horizon College of Engineering,Mechanical,SC,10918,SAMPLE_DATA_NOT_REAL,0
2024,2,E009,New Horizon College of Engineering,Mechanical,SC,13007,SAMPLE_DATA_NOT_REAL,1
2024,Final,E009,New Horizon College of Engineering,Mechanical,SC,15373,SAMPLE_DATA_NOT_REAL,99
2025,1,E009,New Horizon College of Engineering,Mechanical,SC,10827,SAMPLE_DATA_NOT_REAL,0
2025,2,E009,New Horizon College of Engineering,Mechanical,SC,13289,SAMPLE_DATA_NOT_REAL,1
2025,Final,E009,New Horizon College of Engineering,Mechanical,SC,15120,SAMPLE_DATA_NOT_REAL,99
2021,1,E009,New Horizon College of Engineering,Mechanical,ST,16150,SAMPLE_DATA_NOT_REAL,0
2021,2,E009,New Horizon College of Engineering,Mechanical,ST,18444,SAMPLE_DATA_NOT_REAL,1
2021,Final,E009,New Horizon College of Engineering,Mechanical,ST,24063,SAMPLE_DATA_NOT_REAL,99
2022,1,E009,New Horizon College of Engineering,Mechanical,ST,16199,SAMPLE_DATA_NOT_REAL,0
2022,2,E009,New Horizon College of Engineering,Mechanical,ST,20055,SAMPLE_DATA_NOT_REAL,1
2022,Final,E009,New Horizon College of Engineering,Mechanical,ST,21895,SAMPLE_DATA_NOT_REAL,99
2023,1,E009,New Horizon College of Engineering,Mechanical,ST,14852,SAMPLE_DATA_NOT_REAL,0
2023,2,E009,New Horizon College of Engineering,Mechanical,ST,18064,SAMPLE_DATA_NOT_REAL,1
2023,Final,E009,New Horizon College of Engineering,Mechanical,ST,19782,SAMPLE_DATA_NOT_REAL,99
2024,1,E009,New Horizon College of Engineering,Mechanical,ST,15596,SAMPLE_DATA_NOT_REAL,0
2024,2,E009,New Horizon College of Engineering,Mechanical,ST,15892,SAMPLE_DATA_NOT_REAL,1
2024,Final,E009,New Horizon College of Engineering,Mechanical,ST,21258,SAMPLE_DATA_NOT_REAL,99
2025,1,E009,New Horizon College of Engineering,Mechanical,ST,14995,SAMPLE_DATA_NOT_REAL,0
2025,2,E009,New Horizon College of Engineering,Mechanical,ST,17501,SAMPLE_DATA_NOT_REAL,1
2025,Final,E009,New Horizon College of Engineering,Mechanical,ST,20688,SAMPLE_DATA_NOT_REAL,99
2021,1,E004,PES University,Civil,1G,4312,SAMPLE_DATA_NOT_REAL,0
2021,2,E004,PES University,Civil,1G,4580,SAMPLE_DATA_NOT_REAL,1
2021,Final,E004,PES University,Civil,1G,5654,SAMPLE_DATA_NOT_REAL,99
2022,1,E004,PES University,Civil,1G,3670,SAMPLE_DATA_NOT_REAL,0
2022,2,E004,PES University,Civil,1G,4239,SAMPLE_DATA_NOT_REAL,1
2022,Final,E004,PES University,Civil,1G,5597,SAMPLE_DATA_NOT_REAL,99
2023,1,E004,PES University,Civil,1G,3961,SAMPLE_DATA_NOT_REAL,0
2023,2,E004,PES University,Civil,1G,4116,SAMPLE_DATA_NOT_REAL,1
2023,Final,E004,PES University,Civil,1G,4790,SAMPLE_DATA_NOT_REAL,99
2024,1,E004,PES University,Civil,1G,3493,SAMPLE_DATA_NOT_REAL,0
2024,2,E004,PES University,Civil,1G,4348,SAMPLE_DATA_NOT_REAL,1
2024,Final,E004,PES University,Civil,1G,5277,SAMPLE_DATA_NOT_REAL,99
2025,1,E004,PES University,Civil,1G,3539,SAMPLE_DATA_NOT_REAL,0
2025,2,E004,PES University,Civil,1G,3941,SAMPLE_DATA_NOT_REAL,1
2025,Final,E004,PES University,Civil,1G,4461,SAMPLE_DATA_NOT_REAL,99
2021,1,E004,PES University,Civil,2A,5599,SAMPLE_DATA_NOT_REAL,0
2021,2,E004,PES University,Civil,2A,6152,SAMPLE_DATA_NOT_REAL,1
2021,Final,E004,PES University,Civil,2A,6542,SAMPLE_DATA_NOT_REAL,99
2022,1,E004,PES University,Civil,2A,5059,SAMPLE_DATA_NOT_REAL,0
2022,2,E004,PES University,Civil,2A,6071,SAMPLE_DATA_NOT_REAL,1
2022,Final,E004,PES University,Civil,2A,7071,SAMPLE_DATA_NOT_REAL,99
2023,1,E004,PES University,Civil,2A,4556,SAMPLE_DATA_NOT_REAL,0
2023,2,E004,PES University,Civil,2A,5661,SAMPLE_DATA_NOT_REAL,1
2023,Final,E004,PES University,Civil,2A,6867,SAMPLE_DATA_NOT_REAL,99
2024,1,E004,PES University,Civil,2A,4262,SAMPLE_DATA_NOT_REAL,0
2024,2,E004,PES University,Civil,2A,4888,SAMPLE_DATA_NOT_REAL,1
2024,Final,E004,PES University,Civil,2A,6212,SAMPLE_DATA_NOT_REAL,99
2025,1,E004,PES University,Civil,2A,4377,SAMPLE_DATA_NOT_REAL,0
2025,2,E004,PES University,Civil,2A,5409,SAMPLE_DATA_NOT_REAL,1
2025,Final,E004,PES University,Civil,2A,6133,SAMPLE_DATA_NOT_REAL,99
2021,1,E004,PES University,Civil,2B,6358,SAMPLE_DATA_NOT_REAL,0
2021,2,E004,PES University,Civil,2B,7237,SAMPLE_DATA_NOT_REAL,1
2021,Final,E004,PES University,Civil,2B,7514,SAMPLE_DATA_NOT_REAL,99
2022,1,E004,PES University,Civil,2B,5746,SAMPLE_DATA_NOT_REAL,0
2022,2,E004,PES University,Civil,2B,6727,SAMPLE_DATA_NOT_REAL,1
2022,Final,E004,PES University,Civil,2B,7535,SAMPLE_DATA_NOT_REAL,99
2023,1,E004,PES University,Civil,2B,5398,SAMPLE_DATA_NOT_REAL,0
2023,2,E004,PES University,Civil,2B,6070,SAMPLE_DATA_NOT_REAL,1
2023,Final,E004,PES University,Civil,2B,7052,SAMPLE_DATA_NOT_REAL,99
2024,1,E004,PES University,Civil,2B,5673,SAMPLE_DATA_NOT_REAL,0
2024,2,E004,PES University,Civil,2B,6043,SAMPLE_DATA_NOT_REAL,1
2024,Final,E004,PES University,Civil,2B,6660,SAMPLE_DATA_NOT_REAL,99
2025,1,E004,PES University,Civil,2B,4995,SAMPLE_DATA_NOT_REAL,0
2025,2,E004,PES University,Civil,2B,6003,SAMPLE_DATA_NOT_REAL,1
2025,Final,E004,PES University,Civil,2B,6520,SAMPLE_DATA_NOT_REAL,99
2021,1,E004,PES University,Civil,3A,6677,SAMPLE_DATA_NOT_REAL,0
2021,2,E004,PES University,Civil,3A,7075,SAMPLE_DATA_NOT_REAL,1
2021,Final,E004,PES University,Civil,3A,8781,SAMPLE_DATA_NOT_REAL,99
2022,1,E004,PES University,Civil,3A,6288,SAMPLE_DATA_NOT_REAL,0
2022,2,E004,PES University,Civil,3A,7180,SAMPLE_DATA_NOT_REAL,1
2022,Final,E004,PES University,Civil,3A,8641,SAMPLE_DATA_NOT_REAL,99
2023,1,E004,PES University,Civil,3A,6259,SAMPLE_DATA_NOT_REAL,0
2023,2,E004,PES University,Civil,3A,6943,SAMPLE_DATA_NOT_REAL,1
2023,Final,E004,PES University,Civil,3A,7850,SAMPLE_DATA_NOT_REAL,99
2024,1,E004,PES University,Civil,3A,5708,SAMPLE_DATA_NOT_REAL,0
2024,2,E004,PES University,Civil,3A,5926,SAMPLE_DATA_NOT_REAL,1
2024,Final,E004,PES University,Civil,3A,7478,SAMPLE_DATA_NOT_REAL,99
2025,1,E004,PES University,Civil,3A,4976,SAMPLE_DATA_NOT_REAL,0
2025,2,E004,PES University,Civil,3A,6436,SAMPLE_DATA_NOT_REAL,1
2025,Final,E004,PES University,Civil,3A,7695,SAMPLE_DATA_NOT_REAL,99
2021,1,E004,PES University,Civil,3B,6338,SAMPLE_DATA_NOT_REAL,0
2021,2,E004,PES University,Civil,3B,7939,SAMPLE_DATA_NOT_REAL,1
2021,Final,E004,PES University,Civil,3B,8727,SAMPLE_DATA_NOT_REAL,99
2022,1,E004,PES University,Civil,3B,6877,SAMPLE_DATA_NOT_REAL,0
2022,2,E004,PES University,Civil,3B,6995,SAMPLE_DATA_NOT_REAL,1
2022,Final,E004,PES University,Civil,3B,9157,SAMPLE_DATA_NOT_REAL,99
2023,1,E004,PES University,Civil,3B,5946,SAMPLE_DATA_NOT_REAL,0
2023,2,E004,PES University,Civil,3B,6918,SAMPLE_DATA_NOT_REAL,1
2023,Final,E004,PES University,Civil,3B,7796,SAMPLE_DATA_NOT_REAL,99
2024,1,E004,PES University,Civil,3B,6249,SAMPLE_DATA_NOT_REAL,0
2024,2,E004,PES University,Civil,3B,6463,SAMPLE_DATA_NOT_REAL,1
2024,Final,E004,PES University,Civil,3B,8201,SAMPLE_DATA_NOT_REAL,99
2025,1,E004,PES University,Civil,3B,5543,SAMPLE_DATA_NOT_REAL,0
2025,2,E004,PES University,Civil,3B,6580,SAMPLE_DATA_NOT_REAL,1
2025,Final,E004,PES University,Civil,3B,8043,SAMPLE_DATA_NOT_REAL,99
2021,1,E004,PES University,Civil,CAT1,4759,SAMPLE_DATA_NOT_REAL,0
2021,2,E004,PES University,Civil,CAT1,5840,SAMPLE_DATA_NOT_REAL,1
2021,Final,E004,PES University,Civil,CAT1,6953,SAMPLE_DATA_NOT_REAL,99
2022,1,E004,PES University,Civil,CAT1,4926,SAMPLE_DATA_NOT_REAL,0
2022,2,E004,PES University,Civil,CAT1,5061,SAMPLE_DATA_NOT_REAL,1
2022,Final,E004,PES University,Civil,CAT1,6575,SAMPLE_DATA_NOT_REAL,99
2023,1,E004,PES University,Civil,CAT1,4671,SAMPLE_DATA_NOT_REAL,0
2023,2,E004,PES University,Civil,CAT1,4904,SAMPLE_DATA_NOT_REAL,1
2023,Final,E004,PES University,Civil,CAT1,6169,SAMPLE_DATA_NOT_REAL,99
2024,1,E004,PES University,Civil,CAT1,4344,SAMPLE_DATA_NOT_REAL,0
2024,2,E004,PES University,Civil,CAT1,5225,SAMPLE_DATA_NOT_REAL,1
2024,Final,E004,PES University,Civil,CAT1,5684,SAMPLE_DATA_NOT_REAL,99
2025,1,E004,PES University,Civil,CAT1,4230,SAMPLE_DATA_NOT_REAL,0
2025,2,E004,PES University,Civil,CAT1,4404,SAMPLE_DATA_NOT_REAL,1
2025,Final,E004,PES University,Civil,CAT1,5250,SAMPLE_DATA_NOT_REAL,99
2021,1,E004,PES University,Civil,GM,4017,SAMPLE_DATA_NOT_REAL,0
2021,2,E004,PES University,Civil,GM,4174,SAMPLE_DATA_NOT_REAL,1
2021,Final,E004,PES University,Civil,GM,5254,SAMPLE_DATA_NOT_REAL,99
2022,1,E004,PES University,Civil,GM,3804,SAMPLE_DATA_NOT_REAL,0
2022,2,E004,PES University,Civil,GM,4311,SAMPLE_DATA_NOT_REAL,1
2022,Final,E004,PES University,Civil,GM,4605,SAMPLE_DATA_NOT_REAL,99
2023,1,E004,PES University,Civil,GM,3205,SAMPLE_DATA_NOT_REAL,0
2023,2,E004,PES University,Civil,GM,4145,SAMPLE_DATA_NOT_REAL,1
2023,Final,E004,PES University,Civil,GM,4876,SAMPLE_DATA_NOT_REAL,99
2024,1,E004,PES University,Civil,GM,3539,SAMPLE_DATA_NOT_REAL,0
2024,2,E004,PES University,Civil,GM,3853,SAMPLE_DATA_NOT_REAL,1
2024,Final,E004,PES University,Civil,GM,4215,SAMPLE_DATA_NOT_REAL,99
2025,1,E004,PES University,Civil,GM,3317,SAMPLE_DATA_NOT_REAL,0
2025,2,E004,PES University,Civil,GM,3734,SAMPLE_DATA_NOT_REAL,1
2025,Final,E004,PES University,Civil,GM,4154,SAMPLE_DATA_NOT_REAL,99
2021,1,E004,PES University,Civil,SC,11134,SAMPLE_DATA_NOT_REAL,0
2021,2,E004,PES University,Civil,SC,12399,SAMPLE_DATA_NOT_REAL,1
2021,Final,E004,PES University,Civil,SC,15605,SAMPLE_DATA_NOT_REAL,99
2022,1,E004,PES University,Civil,SC,11422,SAMPLE_DATA_NOT_REAL,0
2022,2,E004,PES University,Civil,SC,13275,SAMPLE_DATA_NOT_REAL,1
2022,Final,E004,PES University,Civil,SC,13714,SAMPLE_DATA_NOT_REAL,99
2023,1,E004,PES University,Civil,SC,10097,SAMPLE_DATA_NOT_REAL,0
2023,2,E004,PES University,Civil,SC,11740,SAMPLE_DATA_NOT_REAL,1
2023,Final,E004,PES University,Civil,SC,14043,SAMPLE_DATA_NOT_REAL,99
2024,1,E004,PES University,Civil,SC,9986,SAMPLE_DATA_NOT_REAL,0
2024,2,E004,PES University,Civil,SC,10608,SAMPLE_DATA_NOT_REAL,1
2024,Final,E004,PES University,Civil,SC,12444,SAMPLE_DATA_NOT_REAL,99
2025,1,E004,PES University,Civil,SC,9423,SAMPLE_DATA_NOT_REAL,0
2025,2,E004,PES University,Civil,SC,11402,SAMPLE_DATA_NOT_REAL,1
2025,Final,E004,PES University,Civil,SC,13473,SAMPLE_DATA_NOT_REAL,99
2021,1,E004,PES University,Civil,ST,14198,SAMPLE_DATA_NOT_REAL,0
2021,2,E004,PES University,Civil,ST,18331,SAMPLE_DATA_NOT_REAL,1
2021,Final,E004,PES University,Civil,ST,20591,SAMPLE_DATA_NOT_REAL,99
2022,1,E004,PES University,Civil,ST,13542,SAMPLE_DATA_NOT_REAL,0
2022,2,E004,PES University,Civil,ST,15754,SAMPLE_DATA_NOT_REAL,1
2022,Final,E004,PES University,Civil,ST,19570,SAMPLE_DATA_NOT_REAL,99
2023,1,E004,PES University,Civil,ST,14483,SAMPLE_DATA_NOT_REAL,0
2023,2,E004,PES University,Civil,ST,15999,SAMPLE_DATA_NOT_REAL,1
2023,Final,E004,PES University,Civil,ST,19509,SAMPLE_DATA_NOT_REAL,99
2024,1,E004,PES University,Civil,ST,12932,SAMPLE_DATA_NOT_REAL,0
2024,2,E004,PES University,Civil,ST,15507,SAMPLE_DATA_NOT_REAL,1
2024,Final,E004,PES University,Civil,ST,16758,SAMPLE_DATA_NOT_REAL,99
2025,1,E004,PES University,Civil,ST,12081,SAMPLE_DATA_NOT_REAL,0
2025,2,E004,PES University,Civil,ST,14881,SAMPLE_DATA_NOT_REAL,1
2025,Final,E004,PES University,Civil,ST,16155,SAMPLE_DATA_NOT_REAL,99
2021,1,E004,PES University,Computer Science,1G,2108,SAMPLE_DATA_NOT_REAL,0
2021,2,E004,PES University,Computer Science,1G,2121,SAMPLE_DATA_NOT_REAL,1
2021,Final,E004,PES University,Computer Science,1G,2652,SAMPLE_DATA_NOT_REAL,99
2022,1,E004,PES University,Computer Science,1G,1993,SAMPLE_DATA_NOT_REAL,0
2022,2,E004,PES University,Computer Science,1G,2027,SAMPLE_DATA_NOT_REAL,1
2022,Final,E004,PES University,Computer Science,1G,2386,SAMPLE_DATA_NOT_REAL,99
2023,1,E004,PES University,Computer Science,1G,1739,SAMPLE_DATA_NOT_REAL,0
2023,2,E004,PES University,Computer Science,1G,2171,SAMPLE_DATA_NOT_REAL,1
2023,Final,E004,PES University,Computer Science,1G,2541,SAMPLE_DATA_NOT_REAL,99
2024,1,E004,PES University,Computer Science,1G,1833,SAMPLE_DATA_NOT_REAL,0
2024,2,E004,PES University,Computer Science,1G,1869,SAMPLE_DATA_NOT_REAL,1
2024,Final,E004,PES University,Computer Science,1G,2366,SAMPLE_DATA_NOT_REAL,99
2025,1,E004,PES University,Computer Science,1G,1604,SAMPLE_DATA_NOT_REAL,0
2025,2,E004,PES University,Computer Science,1G,2039,SAMPLE_DATA_NOT_REAL,1
2025,Final,E004,PES University,Computer Science,1G,2387,SAMPLE_DATA_NOT_REAL,99
2021,1,E004,PES University,Computer Science,2A,2665,SAMPLE_DATA_NOT_REAL,0
2021,2,E004,PES University,Computer Science,2A,2743,SAMPLE_DATA_NOT_REAL,1
2021,Final,E004,PES University,Computer Science,2A,3161,SAMPLE_DATA_NOT_REAL,99
2022,1,E004,PES University,Computer Science,2A,2338,SAMPLE_DATA_NOT_REAL,0
2022,2,E004,PES University,Computer Science,2A,2997,SAMPLE_DATA_NOT_REAL,1
2022,Final,E004,PES University,Computer Science,2A,3151,SAMPLE_DATA_NOT_REAL,99
2023,1,E004,PES University,Computer Science,2A,2483,SAMPLE_DATA_NOT_REAL,0
2023,2,E004,PES University,Computer Science,2A,2508,SAMPLE_DATA_NOT_REAL,1
2023,Final,E004,PES University,Computer Science,2A,2980,SAMPLE_DATA_NOT_REAL,99
2024,1,E004,PES University,Computer Science,2A,2161,SAMPLE_DATA_NOT_REAL,0
2024,2,E004,PES University,Computer Science,2A,2485,SAMPLE_DATA_NOT_REAL,1
2024,Final,E004,PES University,Computer Science,2A,3110,SAMPLE_DATA_NOT_REAL,99
2025,1,E004,PES University,Computer Science,2A,1986,SAMPLE_DATA_NOT_REAL,0
2025,2,E004,PES University,Computer Science,2A,2414,SAMPLE_DATA_NOT_REAL,1
2025,Final,E004,PES University,Computer Science,2A,3047,SAMPLE_DATA_NOT_REAL,99
2021,1,E004,PES University,Computer Science,2B,2682,SAMPLE_DATA_NOT_REAL,0
2021,2,E004,PES University,Computer Science,2B,3210,SAMPLE_DATA_NOT_REAL,1
2021,Final,E004,PES University,Computer Science,2B,4094,SAMPLE_DATA_NOT_REAL,99
2022,1,E004,PES University,Computer Science,2B,2671,SAMPLE_DATA_NOT_REAL,0
2022,2,E004,PES University,Computer Science,2B,3270,SAMPLE_DATA_NOT_REAL,1
2022,Final,E004,PES University,Computer Science,2B,3516,SAMPLE_DATA_NOT_REAL,99
2023,1,E004,PES University,Computer Science,2B,2582,SAMPLE_DATA_NOT_REAL,0
2023,2,E004,PES University,Computer Science,2B,2921,SAMPLE_DATA_NOT_REAL,1
2023,Final,E004,PES University,Computer Science,2B,3404,SAMPLE_DATA_NOT_REAL,99
2024,1,E004,PES University,Computer Science,2B,2551,SAMPLE_DATA_NOT_REAL,0
2024,2,E004,PES University,Computer Science,2B,3068,SAMPLE_DATA_NOT_REAL,1
2024,Final,E004,PES University,Computer Science,2B,3366,SAMPLE_DATA_NOT_REAL,99
2025,1,E004,PES University,Computer Science,2B,2502,SAMPLE_DATA_NOT_REAL,0
2025,2,E004,PES University,Computer Science,2B,2746,SAMPLE_DATA_NOT_REAL,1
2025,Final,E004,PES University,Computer Science,2B,3128,SAMPLE_DATA_NOT_REAL,99
2021,1,E004,PES University,Computer Science,3A,2932,SAMPLE_DATA_NOT_REAL,0
2021,2,E004,PES University,Computer Science,3A,3659,SAMPLE_DATA_NOT_REAL,1
2021,Final,E004,PES University,Computer Science,3A,3851,SAMPLE_DATA_NOT_REAL,99
2022,1,E004,PES University,Computer Science,3A,3038,SAMPLE_DATA_NOT_REAL,0
2022,2,E004,PES University,Computer Science,3A,3324,SAMPLE_DATA_NOT_REAL,1
2022,Final,E004,PES University,Computer Science,3A,3775,SAMPLE_DATA_NOT_REAL,99
2023,1,E004,PES University,Computer Science,3A,2596,SAMPLE_DATA_NOT_REAL,0
2023,2,E004,PES University,Computer Science,3A,3405,SAMPLE_DATA_NOT_REAL,1
2023,Final,E004,PES University,Computer Science,3A,3714,SAMPLE_DATA_NOT_REAL,99
2024,1,E004,PES University,Computer Science,3A,2631,SAMPLE_DATA_NOT_REAL,0
2024,2,E004,PES University,Computer Science,3A,3092,SAMPLE_DATA_NOT_REAL,1
2024,Final,E004,PES University,Computer Science,3A,3707,SAMPLE_DATA_NOT_REAL,99
2025,1,E004,PES University,Computer Science,3A,2525,SAMPLE_DATA_NOT_REAL,0
2025,2,E004,PES University,Computer Science,3A,3052,SAMPLE_DATA_NOT_REAL,1
2025,Final,E004,PES University,Computer Science,3A,3238,SAMPLE_DATA_NOT_REAL,99
2021,1,E004,PES University,Computer Science,3B,3328,SAMPLE_DATA_NOT_REAL,0
2021,2,E004,PES University,Computer Science,3B,3767,SAMPLE_DATA_NOT_REAL,1
2021,Final,E004,PES University,Computer Science,3B,4629,SAMPLE_DATA_NOT_REAL,99
2022,1,E004,PES University,Computer Science,3B,3034,SAMPLE_DATA_NOT_REAL,0
2022,2,E004,PES University,Computer Science,3B,3722,SAMPLE_DATA_NOT_REAL,1
2022,Final,E004,PES University,Computer Science,3B,4457,SAMPLE_DATA_NOT_REAL,99
2023,1,E004,PES University,Computer Science,3B,3068,SAMPLE_DATA_NOT_REAL,0
2023,2,E004,PES University,Computer Science,3B,3555,SAMPLE_DATA_NOT_REAL,1
2023,Final,E004,PES University,Computer Science,3B,4181,SAMPLE_DATA_NOT_REAL,99
2024,1,E004,PES University,Computer Science,3B,2640,SAMPLE_DATA_NOT_REAL,0
2024,2,E004,PES University,Computer Science,3B,3123,SAMPLE_DATA_NOT_REAL,1
2024,Final,E004,PES University,Computer Science,3B,3832,SAMPLE_DATA_NOT_REAL,99
2025,1,E004,PES University,Computer Science,3B,2556,SAMPLE_DATA_NOT_REAL,0
2025,2,E004,PES University,Computer Science,3B,3208,SAMPLE_DATA_NOT_REAL,1
2025,Final,E004,PES University,Computer Science,3B,3478,SAMPLE_DATA_NOT_REAL,99
2021,1,E004,PES University,Computer Science,CAT1,2503,SAMPLE_DATA_NOT_REAL,0
2021,2,E004,PES University,Computer Science,CAT1,2772,SAMPLE_DATA_NOT_REAL,1
2021,Final,E004,PES University,Computer Science,CAT1,3163,SAMPLE_DATA_NOT_REAL,99
2022,1,E004,PES University,Computer Science,CAT1,2239,SAMPLE_DATA_NOT_REAL,0
2022,2,E004,PES University,Computer Science,CAT1,2381,SAMPLE_DATA_NOT_REAL,1
2022,Final,E004,PES University,Computer Science,CAT1,3179,SAMPLE_DATA_NOT_REAL,99
2023,1,E004,PES University,Computer Science,CAT1,2215,SAMPLE_DATA_NOT_REAL,0
2023,2,E004,PES University,Computer Science,CAT1,2365,SAMPLE_DATA_NOT_REAL,1
2023,Final,E004,PES University,Computer Science,CAT1,3104,SAMPLE_DATA_NOT_REAL,99
2024,1,E004,PES University,Computer Science,CAT1,2145,SAMPLE_DATA_NOT_REAL,0
2024,2,E004,PES University,Computer Science,CAT1,2231,SAMPLE_DATA_NOT_REAL,1
2024,Final,E004,PES University,Computer Science,CAT1,2730,SAMPLE_DATA_NOT_REAL,99
2025,1,E004,PES University,Computer Science,CAT1,1950,SAMPLE_DATA_NOT_REAL,0
2025,2,E004,PES University,Computer Science,CAT1,2373,SAMPLE_DATA_NOT_REAL,1
2025,Final,E004,PES University,Computer Science,CAT1,2636,SAMPLE_DATA_NOT_REAL,99
2021,1,E004,PES University,Computer Science,GM,1722,SAMPLE_DATA_NOT_REAL,0
2021,2,E004,PES University,Computer Science,GM,2178,SAMPLE_DATA_NOT_REAL,1
2021,Final,E004,PES University,Computer Science,GM,2356,SAMPLE_DATA_NOT_REAL,99
2022,1,E004,PES University,Computer Science,GM,1854,SAMPLE_DATA_NOT_REAL,0
2022,2,E004,PES University,Computer Science,GM,2034,SAMPLE_DATA_NOT_REAL,1
2022,Final,E004,PES University,Computer Science,GM,2352,SAMPLE_DATA_NOT_REAL,99
2023,1,E004,PES University,Computer Science,GM,1658,SAMPLE_DATA_NOT_REAL,0
2023,2,E004,PES University,Computer Science,GM,1866,SAMPLE_DATA_NOT_REAL,1
2023,Final,E004,PES University,Computer Science,GM,2166,SAMPLE_DATA_NOT_REAL,99
2024,1,E004,PES University,Computer Science,GM,1537,SAMPLE_DATA_NOT_REAL,0
2024,2,E004,PES University,Computer Science,GM,1735,SAMPLE_DATA_NOT_REAL,1
2024,Final,E004,PES University,Computer Science,GM,2052,SAMPLE_DATA_NOT_REAL,99
2025,1,E004,PES University,Computer Science,GM,1546,SAMPLE_DATA_NOT_REAL,0
2025,2,E004,PES University,Computer Science,GM,1786,SAMPLE_DATA_NOT_REAL,1
2025,Final,E004,PES University,Computer Science,GM,1945,SAMPLE_DATA_NOT_REAL,99
2021,1,E004,PES University,Computer Science,SC,5153,SAMPLE_DATA_NOT_REAL,0
2021,2,E004,PES University,Computer Science,SC,6000,SAMPLE_DATA_NOT_REAL,1
2021,Final,E004,PES University,Computer Science,SC,7704,SAMPLE_DATA_NOT_REAL,99
2022,1,E004,PES University,Computer Science,SC,5136,SAMPLE_DATA_NOT_REAL,0
2022,2,E004,PES University,Computer Science,SC,6406,SAMPLE_DATA_NOT_REAL,1
2022,Final,E004,PES University,Computer Science,SC,7027,SAMPLE_DATA_NOT_REAL,99
2023,1,E004,PES University,Computer Science,SC,5301,SAMPLE_DATA_NOT_REAL,0
2023,2,E004,PES University,Computer Science,SC,5706,SAMPLE_DATA_NOT_REAL,1
2023,Final,E004,PES University,Computer Science,SC,6477,SAMPLE_DATA_NOT_REAL,99
2024,1,E004,PES University,Computer Science,SC,4920,SAMPLE_DATA_NOT_REAL,0
2024,2,E004,PES University,Computer Science,SC,5574,SAMPLE_DATA_NOT_REAL,1
2024,Final,E004,PES University,Computer Science,SC,6922,SAMPLE_DATA_NOT_REAL,99
2025,1,E004,PES University,Computer Science,SC,4271,SAMPLE_DATA_NOT_REAL,0
2025,2,E004,PES University,Computer Science,SC,5283,SAMPLE_DATA_NOT_REAL,1
2025,Final,E004,PES University,Computer Science,SC,5988,SAMPLE_DATA_NOT_REAL,99
2021,1,E004,PES University,Computer Science,ST,6776,SAMPLE_DATA_NOT_REAL,0
2021,2,E004,PES University,Computer Science,ST,7782,SAMPLE_DATA_NOT_REAL,1
2021,Final,E004,PES University,Computer Science,ST,9899,SAMPLE_DATA_NOT_REAL,99
2022,1,E004,PES University,Computer Science,ST,6643,SAMPLE_DATA_NOT_REAL,0
2022,2,E004,PES University,Computer Science,ST,7860,SAMPLE_DATA_NOT_REAL,1
2022,Final,E004,PES University,Computer Science,ST,9526,SAMPLE_DATA_NOT_REAL,99
2023,1,E004,PES University,Computer Science,ST,6991,SAMPLE_DATA_NOT_REAL,0
2023,2,E004,PES University,Computer Science,ST,7605,SAMPLE_DATA_NOT_REAL,1
2023,Final,E004,PES University,Computer Science,ST,9433,SAMPLE_DATA_NOT_REAL,99
2024,1,E004,PES University,Computer Science,ST,6208,SAMPLE_DATA_NOT_REAL,0
2024,2,E004,PES University,Computer Science,ST,7698,SAMPLE_DATA_NOT_REAL,1
2024,Final,E004,PES University,Computer Science,ST,8161,SAMPLE_DATA_NOT_REAL,99
2025,1,E004,PES University,Computer Science,ST,6557,SAMPLE_DATA_NOT_REAL,0
2025,2,E004,PES University,Computer Science,ST,6521,SAMPLE_DATA_NOT_REAL,1
2025,Final,E004,PES University,Computer Science,ST,8301,SAMPLE_DATA_NOT_REAL,99
2021,1,E004,PES University,Electrical & Electronics,1G,5913,SAMPLE_DATA_NOT_REAL,0
2021,2,E004,PES University,Electrical & Electronics,1G,6885,SAMPLE_DATA_NOT_REAL,1
2021,Final,E004,PES University,Electrical & Electronics,1G,7924,SAMPLE_DATA_NOT_REAL,99
2022,1,E004,PES University,Electrical & Electronics,1G,6178,SAMPLE_DATA_NOT_REAL,0
2022,2,E004,PES University,Electrical & Electronics,1G,6721,SAMPLE_DATA_NOT_REAL,1
2022,Final,E004,PES University,Electrical & Electronics,1G,8333,SAMPLE_DATA_NOT_REAL,99
2023,1,E004,PES University,Electrical & Electronics,1G,5821,SAMPLE_DATA_NOT_REAL,0
2023,2,E004,PES University,Electrical & Electronics,1G,5991,SAMPLE_DATA_NOT_REAL,1
2023,Final,E004,PES University,Electrical & Electronics,1G,7744,SAMPLE_DATA_NOT_REAL,99
2024,1,E004,PES University,Electrical & Electronics,1G,5550,SAMPLE_DATA_NOT_REAL,0
2024,2,E004,PES University,Electrical & Electronics,1G,6437,SAMPLE_DATA_NOT_REAL,1
2024,Final,E004,PES University,Electrical & Electronics,1G,6743,SAMPLE_DATA_NOT_REAL,99
2025,1,E004,PES University,Electrical & Electronics,1G,5118,SAMPLE_DATA_NOT_REAL,0
2025,2,E004,PES University,Electrical & Electronics,1G,6203,SAMPLE_DATA_NOT_REAL,1
2025,Final,E004,PES University,Electrical & Electronics,1G,6480,SAMPLE_DATA_NOT_REAL,99
2021,1,E004,PES University,Electrical & Electronics,2A,8271,SAMPLE_DATA_NOT_REAL,0
2021,2,E004,PES University,Electrical & Electronics,2A,8564,SAMPLE_DATA_NOT_REAL,1
2021,Final,E004,PES University,Electrical & Electronics,2A,10498,SAMPLE_DATA_NOT_REAL,99
2022,1,E004,PES University,Electrical & Electronics,2A,7954,SAMPLE_DATA_NOT_REAL,0
2022,2,E004,PES University,Electrical & Electronics,2A,9095,SAMPLE_DATA_NOT_REAL,1
2022,Final,E004,PES University,Electrical & Electronics,2A,9196,SAMPLE_DATA_NOT_REAL,99
2023,1,E004,PES University,Electrical & Electronics,2A,6635,SAMPLE_DATA_NOT_REAL,0
2023,2,E004,PES University,Electrical & Electronics,2A,7747,SAMPLE_DATA_NOT_REAL,1
2023,Final,E004,PES University,Electrical & Electronics,2A,9176,SAMPLE_DATA_NOT_REAL,99
2024,1,E004,PES University,Electrical & Electronics,2A,7013,SAMPLE_DATA_NOT_REAL,0
2024,2,E004,PES University,Electrical & Electronics,2A,8149,SAMPLE_DATA_NOT_REAL,1
2024,Final,E004,PES University,Electrical & Electronics,2A,9790,SAMPLE_DATA_NOT_REAL,99
2025,1,E004,PES University,Electrical & Electronics,2A,6654,SAMPLE_DATA_NOT_REAL,0
2025,2,E004,PES University,Electrical & Electronics,2A,7702,SAMPLE_DATA_NOT_REAL,1
2025,Final,E004,PES University,Electrical & Electronics,2A,8557,SAMPLE_DATA_NOT_REAL,99
2021,1,E004,PES University,Electrical & Electronics,2B,8442,SAMPLE_DATA_NOT_REAL,0
2021,2,E004,PES University,Electrical & Electronics,2B,9802,SAMPLE_DATA_NOT_REAL,1
2021,Final,E004,PES University,Electrical & Electronics,2B,11162,SAMPLE_DATA_NOT_REAL,99
2022,1,E004,PES University,Electrical & Electronics,2B,8282,SAMPLE_DATA_NOT_REAL,0
2022,2,E004,PES University,Electrical & Electronics,2B,9268,SAMPLE_DATA_NOT_REAL,1
2022,Final,E004,PES University,Electrical & Electronics,2B,11732,SAMPLE_DATA_NOT_REAL,99
2023,1,E004,PES University,Electrical & Electronics,2B,8337,SAMPLE_DATA_NOT_REAL,0
2023,2,E004,PES University,Electrical & Electronics,2B,9831,SAMPLE_DATA_NOT_REAL,1
2023,Final,E004,PES University,Electrical & Electronics,2B,10679,SAMPLE_DATA_NOT_REAL,99
2024,1,E004,PES University,Electrical & Electronics,2B,7530,SAMPLE_DATA_NOT_REAL,0
2024,2,E004,PES University,Electrical & Electronics,2B,9199,SAMPLE_DATA_NOT_REAL,1
2024,Final,E004,PES University,Electrical & Electronics,2B,11277,SAMPLE_DATA_NOT_REAL,99
2025,1,E004,PES University,Electrical & Electronics,2B,7479,SAMPLE_DATA_NOT_REAL,0
2025,2,E004,PES University,Electrical & Electronics,2B,8803,SAMPLE_DATA_NOT_REAL,1
2025,Final,E004,PES University,Electrical & Electronics,2B,10157,SAMPLE_DATA_NOT_REAL,99
2021,1,E004,PES University,Electrical & Electronics,3A,9743,SAMPLE_DATA_NOT_REAL,0
2021,2,E004,PES University,Electrical & Electronics,3A,11524,SAMPLE_DATA_NOT_REAL,1
2021,Final,E004,PES University,Electrical & Electronics,3A,12279,SAMPLE_DATA_NOT_REAL,99
2022,1,E004,PES University,Electrical & Electronics,3A,8940,SAMPLE_DATA_NOT_REAL,0
2022,2,E004,PES University,Electrical & Electronics,3A,10132,SAMPLE_DATA_NOT_REAL,1
2022,Final,E004,PES University,Electrical & Electronics,3A,12943,SAMPLE_DATA_NOT_REAL,99
2023,1,E004,PES University,Electrical & Electronics,3A,7982,SAMPLE_DATA_NOT_REAL,0
2023,2,E004,PES University,Electrical & Electronics,3A,9884,SAMPLE_DATA_NOT_REAL,1
2023,Final,E004,PES University,Electrical & Electronics,3A,11791,SAMPLE_DATA_NOT_REAL,99
2024,1,E004,PES University,Electrical & Electronics,3A,7627,SAMPLE_DATA_NOT_REAL,0
2024,2,E004,PES University,Electrical & Electronics,3A,9036,SAMPLE_DATA_NOT_REAL,1
2024,Final,E004,PES University,Electrical & Electronics,3A,10356,SAMPLE_DATA_NOT_REAL,99
2025,1,E004,PES University,Electrical & Electronics,3A,7650,SAMPLE_DATA_NOT_REAL,0
2025,2,E004,PES University,Electrical & Electronics,3A,8889,SAMPLE_DATA_NOT_REAL,1
2025,Final,E004,PES University,Electrical & Electronics,3A,10155,SAMPLE_DATA_NOT_REAL,99
2021,1,E004,PES University,Electrical & Electronics,3B,9797,SAMPLE_DATA_NOT_REAL,0
2021,2,E004,PES University,Electrical & Electronics,3B,11174,SAMPLE_DATA_NOT_REAL,1
2021,Final,E004,PES University,Electrical & Electronics,3B,14318,SAMPLE_DATA_NOT_REAL,99
2022,1,E004,PES University,Electrical & Electronics,3B,10135,SAMPLE_DATA_NOT_REAL,0
2022,2,E004,PES University,Electrical & Electronics,3B,10344,SAMPLE_DATA_NOT_REAL,1
2022,Final,E004,PES University,Electrical & Electronics,3B,12919,SAMPLE_DATA_NOT_REAL,99
2023,1,E004,PES University,Electrical & Electronics,3B,9738,SAMPLE_DATA_NOT_REAL,0
2023,2,E004,PES University,Electrical & Electronics,3B,10324,SAMPLE_DATA_NOT_REAL,1
2023,Final,E004,PES University,Electrical & Electronics,3B,11434,SAMPLE_DATA_NOT_REAL,99
2024,1,E004,PES University,Electrical & Electronics,3B,8610,SAMPLE_DATA_NOT_REAL,0
2024,2,E004,PES University,Electrical & Electronics,3B,10264,SAMPLE_DATA_NOT_REAL,1
2024,Final,E004,PES University,Electrical & Electronics,3B,12682,SAMPLE_DATA_NOT_REAL,99
2025,1,E004,PES University,Electrical & Electronics,3B,8297,SAMPLE_DATA_NOT_REAL,0
2025,2,E004,PES University,Electrical & Electronics,3B,10121,SAMPLE_DATA_NOT_REAL,1
2025,Final,E004,PES University,Electrical & Electronics,3B,10784,SAMPLE_DATA_NOT_REAL,99
2021,1,E004,PES University,Electrical & Electronics,CAT1,7692,SAMPLE_DATA_NOT_REAL,0
2021,2,E004,PES University,Electrical & Electronics,CAT1,8402,SAMPLE_DATA_NOT_REAL,1
2021,Final,E004,PES University,Electrical & Electronics,CAT1,9767,SAMPLE_DATA_NOT_REAL,99
2022,1,E004,PES University,Electrical & Electronics,CAT1,7254,SAMPLE_DATA_NOT_REAL,0
2022,2,E004,PES University,Electrical & Electronics,CAT1,7275,SAMPLE_DATA_NOT_REAL,1
2022,Final,E004,PES University,Electrical & Electronics,CAT1,9957,SAMPLE_DATA_NOT_REAL,99
2023,1,E004,PES University,Electrical & Electronics,CAT1,6663,SAMPLE_DATA_NOT_REAL,0
2023,2,E004,PES University,Electrical & Electronics,CAT1,7524,SAMPLE_DATA_NOT_REAL,1
2023,Final,E004,PES University,Electrical & Electronics,CAT1,8854,SAMPLE_DATA_NOT_REAL,99
2024,1,E004,PES University,Electrical & Electronics,CAT1,6257,SAMPLE_DATA_NOT_REAL,0
2024,2,E004,PES University,Electrical & Electronics,CAT1,7759,SAMPLE_DATA_NOT_REAL,1
2024,Final,E004,PES University,Electrical & Electronics,CAT1,9180,SAMPLE_DATA_NOT_REAL,99
2025,1,E004,PES University,Electrical & Electronics,CAT1,5713,SAMPLE_DATA_NOT_REAL,0
2025,2,E004,PES University,Electrical & Electronics,CAT1,6601,SAMPLE_DATA_NOT_REAL,1
2025,Final,E004,PES University,Electrical & Electronics,CAT1,7676,SAMPLE_DATA_NOT_REAL,99
2021,1,E004,PES University,Electrical & Electronics,GM,5095,SAMPLE_DATA_NOT_REAL,0
2021,2,E004,PES University,Electrical & Electronics,GM,6355,SAMPLE_DATA_NOT_REAL,1
2021,Final,E004,PES University,Electrical & Electronics,GM,7843,SAMPLE_DATA_NOT_REAL,99
2022,1,E004,PES University,Electrical & Electronics,GM,4990,SAMPLE_DATA_NOT_REAL,0
2022,2,E004,PES University,Electrical & Electronics,GM,5723,SAMPLE_DATA_NOT_REAL,1
2022,Final,E004,PES University,Electrical & Electronics,GM,7329,SAMPLE_DATA_NOT_REAL,99
2023,1,E004,PES University,Electrical & Electronics,GM,5173,SAMPLE_DATA_NOT_REAL,0
2023,2,E004,PES University,Electrical & Electronics,GM,5704,SAMPLE_DATA_NOT_REAL,1
2023,Final,E004,PES University,Electrical & Electronics,GM,6849,SAMPLE_DATA_NOT_REAL,99
2024,1,E004,PES University,Electrical & Electronics,GM,5133,SAMPLE_DATA_NOT_REAL,0
2024,2,E004,PES University,Electrical & Electronics,GM,5503,SAMPLE_DATA_NOT_REAL,1
2024,Final,E004,PES University,Electrical & Electronics,GM,6643,SAMPLE_DATA_NOT_REAL,99
2025,1,E004,PES University,Electrical & Electronics,GM,4399,SAMPLE_DATA_NOT_REAL,0
2025,2,E004,PES University,Electrical & Electronics,GM,4953,SAMPLE_DATA_NOT_REAL,1
2025,Final,E004,PES University,Electrical & Electronics,GM,6201,SAMPLE_DATA_NOT_REAL,99
2021,1,E004,PES University,Electrical & Electronics,SC,16243,SAMPLE_DATA_NOT_REAL,0
2021,2,E004,PES University,Electrical & Electronics,SC,18957,SAMPLE_DATA_NOT_REAL,1
2021,Final,E004,PES University,Electrical & Electronics,SC,22907,SAMPLE_DATA_NOT_REAL,99
2022,1,E004,PES University,Electrical & Electronics,SC,16956,SAMPLE_DATA_NOT_REAL,0
2022,2,E004,PES University,Electrical & Electronics,SC,18564,SAMPLE_DATA_NOT_REAL,1
2022,Final,E004,PES University,Electrical & Electronics,SC,21529,SAMPLE_DATA_NOT_REAL,99
2023,1,E004,PES University,Electrical & Electronics,SC,14331,SAMPLE_DATA_NOT_REAL,0
2023,2,E004,PES University,Electrical & Electronics,SC,16453,SAMPLE_DATA_NOT_REAL,1
2023,Final,E004,PES University,Electrical & Electronics,SC,21870,SAMPLE_DATA_NOT_REAL,99
2024,1,E004,PES University,Electrical & Electronics,SC,14544,SAMPLE_DATA_NOT_REAL,0
2024,2,E004,PES University,Electrical & Electronics,SC,16795,SAMPLE_DATA_NOT_REAL,1
2024,Final,E004,PES University,Electrical & Electronics,SC,19136,SAMPLE_DATA_NOT_REAL,99
2025,1,E004,PES University,Electrical & Electronics,SC,14878,SAMPLE_DATA_NOT_REAL,0
2025,2,E004,PES University,Electrical & Electronics,SC,16905,SAMPLE_DATA_NOT_REAL,1
2025,Final,E004,PES University,Electrical & Electronics,SC,18983,SAMPLE_DATA_NOT_REAL,99
2021,1,E004,PES University,Electrical & Electronics,ST,23532,SAMPLE_DATA_NOT_REAL,0
2021,2,E004,PES University,Electrical & Electronics,ST,27187,SAMPLE_DATA_NOT_REAL,1
2021,Final,E004,PES University,Electrical & Electronics,ST,29091,SAMPLE_DATA_NOT_REAL,99
2022,1,E004,PES University,Electrical & Electronics,ST,22486,SAMPLE_DATA_NOT_REAL,0
2022,2,E004,PES University,Electrical & Electronics,ST,23946,SAMPLE_DATA_NOT_REAL,1
2022,Final,E004,PES University,Electrical & Electronics,ST,27001,SAMPLE_DATA_NOT_REAL,99
2023,1,E004,PES University,Electrical & Electronics,ST,19937,SAMPLE_DATA_NOT_REAL,0
2023,2,E004,PES University,Electrical & Electronics,ST,21739,SAMPLE_DATA_NOT_REAL,1
2023,Final,E004,PES University,Electrical & Electronics,ST,26011,SAMPLE_DATA_NOT_REAL,99
2024,1,E004,PES University,Electrical & Electronics,ST,18586,SAMPLE_DATA_NOT_REAL,0
2024,2,E004,PES University,Electrical & Electronics,ST,21997,SAMPLE_DATA_NOT_REAL,1
2024,Final,E004,PES University,Electrical & Electronics,ST,26589,SAMPLE_DATA_NOT_REAL,99
2025,1,E004,PES University,Electrical & Electronics,ST,18558,SAMPLE_DATA_NOT_REAL,0
2025,2,E004,PES University,Electrical & Electronics,ST,20931,SAMPLE_DATA_NOT_REAL,1
2025,Final,E004,PES University,Electrical & Electronics,ST,26909,SAMPLE_DATA_NOT_REAL,99
2021,1,E004,PES University,Electronics & Comm.,1G,5549,SAMPLE_DATA_NOT_REAL,0
2021,2,E004,PES University,Electronics & Comm.,1G,6667,SAMPLE_DATA_NOT_REAL,1
2021,Final,E004,PES University,Electronics & Comm.,1G,6777,SAMPLE_DATA_NOT_REAL,99
2022,1,E004,PES University,Electronics & Comm.,1G,5297,SAMPLE_DATA_NOT_REAL,0
2022,2,E004,PES University,Electronics & Comm.,1G,5812,SAMPLE_DATA_NOT_REAL,1
2022,Final,E004,PES University,Electronics & Comm.,1G,6794,SAMPLE_DATA_NOT_REAL,99
2023,1,E004,PES University,Electronics & Comm.,1G,4657,SAMPLE_DATA_NOT_REAL,0
2023,2,E004,PES University,Electronics & Comm.,1G,5501,SAMPLE_DATA_NOT_REAL,1
2023,Final,E004,PES University,Electronics & Comm.,1G,6200,SAMPLE_DATA_NOT_REAL,99
2024,1,E004,PES University,Electronics & Comm.,1G,4874,SAMPLE_DATA_NOT_REAL,0
2024,2,E004,PES University,Electronics & Comm.,1G,5560,SAMPLE_DATA_NOT_REAL,1
2024,Final,E004,PES University,Electronics & Comm.,1G,6507,SAMPLE_DATA_NOT_REAL,99
2025,1,E004,PES University,Electronics & Comm.,1G,4698,SAMPLE_DATA_NOT_REAL,0
2025,2,E004,PES University,Electronics & Comm.,1G,5120,SAMPLE_DATA_NOT_REAL,1
2025,Final,E004,PES University,Electronics & Comm.,1G,6524,SAMPLE_DATA_NOT_REAL,99
2021,1,E004,PES University,Electronics & Comm.,2A,7403,SAMPLE_DATA_NOT_REAL,0
2021,2,E004,PES University,Electronics & Comm.,2A,8327,SAMPLE_DATA_NOT_REAL,1
2021,Final,E004,PES University,Electronics & Comm.,2A,8688,SAMPLE_DATA_NOT_REAL,99
2022,1,E004,PES University,Electronics & Comm.,2A,6124,SAMPLE_DATA_NOT_REAL,0
2022,2,E004,PES University,Electronics & Comm.,2A,7009,SAMPLE_DATA_NOT_REAL,1
2022,Final,E004,PES University,Electronics & Comm.,2A,8505,SAMPLE_DATA_NOT_REAL,99
2023,1,E004,PES University,Electronics & Comm.,2A,6003,SAMPLE_DATA_NOT_REAL,0
2023,2,E004,PES University,Electronics & Comm.,2A,6910,SAMPLE_DATA_NOT_REAL,1
2023,Final,E004,PES University,Electronics & Comm.,2A,9037,SAMPLE_DATA_NOT_REAL,99
2024,1,E004,PES University,Electronics & Comm.,2A,6461,SAMPLE_DATA_NOT_REAL,0
2024,2,E004,PES University,Electronics & Comm.,2A,6585,SAMPLE_DATA_NOT_REAL,1
2024,Final,E004,PES University,Electronics & Comm.,2A,7604,SAMPLE_DATA_NOT_REAL,99
2025,1,E004,PES University,Electronics & Comm.,2A,5482,SAMPLE_DATA_NOT_REAL,0
2025,2,E004,PES University,Electronics & Comm.,2A,6907,SAMPLE_DATA_NOT_REAL,1
2025,Final,E004,PES University,Electronics & Comm.,2A,8271,SAMPLE_DATA_NOT_REAL,99
2021,1,E004,PES University,Electronics & Comm.,2B,7348,SAMPLE_DATA_NOT_REAL,0
2021,2,E004,PES University,Electronics & Comm.,2B,9139,SAMPLE_DATA_NOT_REAL,1
2021,Final,E004,PES University,Electronics & Comm.,2B,11278,SAMPLE_DATA_NOT_REAL,99
2022,1,E004,PES University,Electronics & Comm.,2B,7434,SAMPLE_DATA_NOT_REAL,0
2022,2,E004,PES University,Electronics & Comm.,2B,8121,SAMPLE_DATA_NOT_REAL,1
2022,Final,E004,PES University,Electronics & Comm.,2B,10822,SAMPLE_DATA_NOT_REAL,99
2023,1,E004,PES University,Electronics & Comm.,2B,6704,SAMPLE_DATA_NOT_REAL,0
2023,2,E004,PES University,Electronics & Comm.,2B,8933,SAMPLE_DATA_NOT_REAL,1
2023,Final,E004,PES University,Electronics & Comm.,2B,10202,SAMPLE_DATA_NOT_REAL,99
2024,1,E004,PES University,Electronics & Comm.,2B,6989,SAMPLE_DATA_NOT_REAL,0
2024,2,E004,PES University,Electronics & Comm.,2B,8420,SAMPLE_DATA_NOT_REAL,1
2024,Final,E004,PES University,Electronics & Comm.,2B,9121,SAMPLE_DATA_NOT_REAL,99
2025,1,E004,PES University,Electronics & Comm.,2B,6660,SAMPLE_DATA_NOT_REAL,0
2025,2,E004,PES University,Electronics & Comm.,2B,7477,SAMPLE_DATA_NOT_REAL,1
2025,Final,E004,PES University,Electronics & Comm.,2B,9207,SAMPLE_DATA_NOT_REAL,99
2021,1,E004,PES University,Electronics & Comm.,3A,8214,SAMPLE_DATA_NOT_REAL,0
2021,2,E004,PES University,Electronics & Comm.,3A,10287,SAMPLE_DATA_NOT_REAL,1
2021,Final,E004,PES University,Electronics & Comm.,3A,10982,SAMPLE_DATA_NOT_REAL,99
2022,1,E004,PES University,Electronics & Comm.,3A,8288,SAMPLE_DATA_NOT_REAL,0
2022,2,E004,PES University,Electronics & Comm.,3A,9087,SAMPLE_DATA_NOT_REAL,1
2022,Final,E004,PES University,Electronics & Comm.,3A,11295,SAMPLE_DATA_NOT_REAL,99
2023,1,E004,PES University,Electronics & Comm.,3A,7432,SAMPLE_DATA_NOT_REAL,0
2023,2,E004,PES University,Electronics & Comm.,3A,8983,SAMPLE_DATA_NOT_REAL,1
2023,Final,E004,PES University,Electronics & Comm.,3A,9947,SAMPLE_DATA_NOT_REAL,99
2024,1,E004,PES University,Electronics & Comm.,3A,7187,SAMPLE_DATA_NOT_REAL,0
2024,2,E004,PES University,Electronics & Comm.,3A,8887,SAMPLE_DATA_NOT_REAL,1
2024,Final,E004,PES University,Electronics & Comm.,3A,9353,SAMPLE_DATA_NOT_REAL,99
2025,1,E004,PES University,Electronics & Comm.,3A,7010,SAMPLE_DATA_NOT_REAL,0
2025,2,E004,PES University,Electronics & Comm.,3A,7838,SAMPLE_DATA_NOT_REAL,1
2025,Final,E004,PES University,Electronics & Comm.,3A,9898,SAMPLE_DATA_NOT_REAL,99
2021,1,E004,PES University,Electronics & Comm.,3B,8607,SAMPLE_DATA_NOT_REAL,0
2021,2,E004,PES University,Electronics & Comm.,3B,10972,SAMPLE_DATA_NOT_REAL,1
2021,Final,E004,PES University,Electronics & Comm.,3B,12335,SAMPLE_DATA_NOT_REAL,99
2022,1,E004,PES University,Electronics & Comm.,3B,7939,SAMPLE_DATA_NOT_REAL,0
2022,2,E004,PES University,Electronics & Comm.,3B,10474,SAMPLE_DATA_NOT_REAL,1
2022,Final,E004,PES University,Electronics & Comm.,3B,10641,SAMPLE_DATA_NOT_REAL,99
2023,1,E004,PES University,Electronics & Comm.,3B,8535,SAMPLE_DATA_NOT_REAL,0
2023,2,E004,PES University,Electronics & Comm.,3B,9458,SAMPLE_DATA_NOT_REAL,1
2023,Final,E004,PES University,Electronics & Comm.,3B,11380,SAMPLE_DATA_NOT_REAL,99
2024,1,E004,PES University,Electronics & Comm.,3B,8171,SAMPLE_DATA_NOT_REAL,0
2024,2,E004,PES University,Electronics & Comm.,3B,9369,SAMPLE_DATA_NOT_REAL,1
2024,Final,E004,PES University,Electronics & Comm.,3B,10186,SAMPLE_DATA_NOT_REAL,99
2025,1,E004,PES University,Electronics & Comm.,3B,7871,SAMPLE_DATA_NOT_REAL,0
2025,2,E004,PES University,Electronics & Comm.,3B,8978,SAMPLE_DATA_NOT_REAL,1
2025,Final,E004,PES University,Electronics & Comm.,3B,10773,SAMPLE_DATA_NOT_REAL,99
2021,1,E004,PES University,Electronics & Comm.,CAT1,6064,SAMPLE_DATA_NOT_REAL,0
2021,2,E004,PES University,Electronics & Comm.,CAT1,6798,SAMPLE_DATA_NOT_REAL,1
2021,Final,E004,PES University,Electronics & Comm.,CAT1,8266,SAMPLE_DATA_NOT_REAL,99
2022,1,E004,PES University,Electronics & Comm.,CAT1,6175,SAMPLE_DATA_NOT_REAL,0
2022,2,E004,PES University,Electronics & Comm.,CAT1,6640,SAMPLE_DATA_NOT_REAL,1
2022,Final,E004,PES University,Electronics & Comm.,CAT1,8622,SAMPLE_DATA_NOT_REAL,99
2023,1,E004,PES University,Electronics & Comm.,CAT1,5499,SAMPLE_DATA_NOT_REAL,0
2023,2,E004,PES University,Electronics & Comm.,CAT1,6937,SAMPLE_DATA_NOT_REAL,1
2023,Final,E004,PES University,Electronics & Comm.,CAT1,7795,SAMPLE_DATA_NOT_REAL,99
2024,1,E004,PES University,Electronics & Comm.,CAT1,5948,SAMPLE_DATA_NOT_REAL,0
2024,2,E004,PES University,Electronics & Comm.,CAT1,6098,SAMPLE_DATA_NOT_REAL,1
2024,Final,E004,PES University,Electronics & Comm.,CAT1,8201,SAMPLE_DATA_NOT_REAL,99
2025,1,E004,PES University,Electronics & Comm.,CAT1,5099,SAMPLE_DATA_NOT_REAL,0
2025,2,E004,PES University,Electronics & Comm.,CAT1,6714,SAMPLE_DATA_NOT_REAL,1
2025,Final,E004,PES University,Electronics & Comm.,CAT1,6792,SAMPLE_DATA_NOT_REAL,99
2021,1,E004,PES University,Electronics & Comm.,GM,5088,SAMPLE_DATA_NOT_REAL,0
2021,2,E004,PES University,Electronics & Comm.,GM,5275,SAMPLE_DATA_NOT_REAL,1
2021,Final,E004,PES University,Electronics & Comm.,GM,6256,SAMPLE_DATA_NOT_REAL,99
2022,1,E004,PES University,Electronics & Comm.,GM,4735,SAMPLE_DATA_NOT_REAL,0
2022,2,E004,PES University,Electronics & Comm.,GM,5419,SAMPLE_DATA_NOT_REAL,1
2022,Final,E004,PES University,Electronics & Comm.,GM,6035,SAMPLE_DATA_NOT_REAL,99
2023,1,E004,PES University,Electronics & Comm.,GM,4497,SAMPLE_DATA_NOT_REAL,0
2023,2,E004,PES University,Electronics & Comm.,GM,4832,SAMPLE_DATA_NOT_REAL,1
2023,Final,E004,PES University,Electronics & Comm.,GM,5799,SAMPLE_DATA_NOT_REAL,99
2024,1,E004,PES University,Electronics & Comm.,GM,4329,SAMPLE_DATA_NOT_REAL,0
2024,2,E004,PES University,Electronics & Comm.,GM,5374,SAMPLE_DATA_NOT_REAL,1
2024,Final,E004,PES University,Electronics & Comm.,GM,6054,SAMPLE_DATA_NOT_REAL,99
2025,1,E004,PES University,Electronics & Comm.,GM,4337,SAMPLE_DATA_NOT_REAL,0
2025,2,E004,PES University,Electronics & Comm.,GM,5145,SAMPLE_DATA_NOT_REAL,1
2025,Final,E004,PES University,Electronics & Comm.,GM,5805,SAMPLE_DATA_NOT_REAL,99
2021,1,E004,PES University,Electronics & Comm.,SC,15576,SAMPLE_DATA_NOT_REAL,0
2021,2,E004,PES University,Electronics & Comm.,SC,17399,SAMPLE_DATA_NOT_REAL,1
2021,Final,E004,PES University,Electronics & Comm.,SC,19892,SAMPLE_DATA_NOT_REAL,99
2022,1,E004,PES University,Electronics & Comm.,SC,14747,SAMPLE_DATA_NOT_REAL,0
2022,2,E004,PES University,Electronics & Comm.,SC,15257,SAMPLE_DATA_NOT_REAL,1
2022,Final,E004,PES University,Electronics & Comm.,SC,20583,SAMPLE_DATA_NOT_REAL,99
2023,1,E004,PES University,Electronics & Comm.,SC,13163,SAMPLE_DATA_NOT_REAL,0
2023,2,E004,PES University,Electronics & Comm.,SC,14403,SAMPLE_DATA_NOT_REAL,1
2023,Final,E004,PES University,Electronics & Comm.,SC,18783,SAMPLE_DATA_NOT_REAL,99
2024,1,E004,PES University,Electronics & Comm.,SC,12848,SAMPLE_DATA_NOT_REAL,0
2024,2,E004,PES University,Electronics & Comm.,SC,15204,SAMPLE_DATA_NOT_REAL,1
2024,Final,E004,PES University,Electronics & Comm.,SC,17869,SAMPLE_DATA_NOT_REAL,99
2025,1,E004,PES University,Electronics & Comm.,SC,12126,SAMPLE_DATA_NOT_REAL,0
2025,2,E004,PES University,Electronics & Comm.,SC,14273,SAMPLE_DATA_NOT_REAL,1
2025,Final,E004,PES University,Electronics & Comm.,SC,16587,SAMPLE_DATA_NOT_REAL,99
2021,1,E004,PES University,Electronics & Comm.,ST,18842,SAMPLE_DATA_NOT_REAL,0
2021,2,E004,PES University,Electronics & Comm.,ST,21744,SAMPLE_DATA_NOT_REAL,1
2021,Final,E004,PES University,Electronics & Comm.,ST,25115,SAMPLE_DATA_NOT_REAL,99
2022,1,E004,PES University,Electronics & Comm.,ST,17355,SAMPLE_DATA_NOT_REAL,0
2022,2,E004,PES University,Electronics & Comm.,ST,23202,SAMPLE_DATA_NOT_REAL,1
2022,Final,E004,PES University,Electronics & Comm.,ST,25563,SAMPLE_DATA_NOT_REAL,99
2023,1,E004,PES University,Electronics & Comm.,ST,18783,SAMPLE_DATA_NOT_REAL,0
2023,2,E004,PES University,Electronics & Comm.,ST,21538,SAMPLE_DATA_NOT_REAL,1
2023,Final,E004,PES University,Electronics & Comm.,ST,24578,SAMPLE_DATA_NOT_REAL,99
2024,1,E004,PES University,Electronics & Comm.,ST,18043,SAMPLE_DATA_NOT_REAL,0
2024,2,E004,PES University,Electronics & Comm.,ST,19449,SAMPLE_DATA_NOT_REAL,1
2024,Final,E004,PES University,Electronics & Comm.,ST,22743,SAMPLE_DATA_NOT_REAL,99
2025,1,E004,PES University,Electronics & Comm.,ST,17168,SAMPLE_DATA_NOT_REAL,0
2025,2,E004,PES University,Electronics & Comm.,ST,18396,SAMPLE_DATA_NOT_REAL,1
2025,Final,E004,PES University,Electronics & Comm.,ST,21820,SAMPLE_DATA_NOT_REAL,99
2021,1,E004,PES University,Information Science,1G,5591,SAMPLE_DATA_NOT_REAL,0
2021,2,E004,PES University,Information Science,1G,6915,SAMPLE_DATA_NOT_REAL,1
2021,Final,E004,PES University,Information Science,1G,7647,SAMPLE_DATA_NOT_REAL,99
2022,1,E004,PES University,Information Science,1G,5424,SAMPLE_DATA_NOT_REAL,0
2022,2,E004,PES University,Information Science,1G,6210,SAMPLE_DATA_NOT_REAL,1
2022,Final,E004,PES University,Information Science,1G,7848,SAMPLE_DATA_NOT_REAL,99
2023,1,E004,PES University,Information Science,1G,4836,SAMPLE_DATA_NOT_REAL,0
2023,2,E004,PES University,Information Science,1G,6269,SAMPLE_DATA_NOT_REAL,1
2023,Final,E004,PES University,Information Science,1G,6505,SAMPLE_DATA_NOT_REAL,99
2024,1,E004,PES University,Information Science,1G,4594,SAMPLE_DATA_NOT_REAL,0
2024,2,E004,PES University,Information Science,1G,5987,SAMPLE_DATA_NOT_REAL,1
2024,Final,E004,PES University,Information Science,1G,6400,SAMPLE_DATA_NOT_REAL,99
2025,1,E004,PES University,Information Science,1G,4524,SAMPLE_DATA_NOT_REAL,0
2025,2,E004,PES University,Information Science,1G,5310,SAMPLE_DATA_NOT_REAL,1
2025,Final,E004,PES University,Information Science,1G,6710,SAMPLE_DATA_NOT_REAL,99
2021,1,E004,PES University,Information Science,2A,7472,SAMPLE_DATA_NOT_REAL,0
2021,2,E004,PES University,Information Science,2A,8220,SAMPLE_DATA_NOT_REAL,1
2021,Final,E004,PES University,Information Science,2A,10099,SAMPLE_DATA_NOT_REAL,99
2022,1,E004,PES University,Information Science,2A,7336,SAMPLE_DATA_NOT_REAL,0
2022,2,E004,PES University,Information Science,2A,7914,SAMPLE_DATA_NOT_REAL,1
2022,Final,E004,PES University,Information Science,2A,9680,SAMPLE_DATA_NOT_REAL,99
2023,1,E004,PES University,Information Science,2A,6599,SAMPLE_DATA_NOT_REAL,0
2023,2,E004,PES University,Information Science,2A,6996,SAMPLE_DATA_NOT_REAL,1
2023,Final,E004,PES University,Information Science,2A,8401,SAMPLE_DATA_NOT_REAL,99
2024,1,E004,PES University,Information Science,2A,5995,SAMPLE_DATA_NOT_REAL,0
2024,2,E004,PES University,Information Science,2A,6947,SAMPLE_DATA_NOT_REAL,1
2024,Final,E004,PES University,Information Science,2A,8164,SAMPLE_DATA_NOT_REAL,99
2025,1,E004,PES University,Information Science,2A,6522,SAMPLE_DATA_NOT_REAL,0
2025,2,E004,PES University,Information Science,2A,6864,SAMPLE_DATA_NOT_REAL,1
2025,Final,E004,PES University,Information Science,2A,8427,SAMPLE_DATA_NOT_REAL,99
2021,1,E004,PES University,Information Science,2B,8570,SAMPLE_DATA_NOT_REAL,0
2021,2,E004,PES University,Information Science,2B,9384,SAMPLE_DATA_NOT_REAL,1
2021,Final,E004,PES University,Information Science,2B,11725,SAMPLE_DATA_NOT_REAL,99
2022,1,E004,PES University,Information Science,2B,8087,SAMPLE_DATA_NOT_REAL,0
2022,2,E004,PES University,Information Science,2B,9134,SAMPLE_DATA_NOT_REAL,1
2022,Final,E004,PES University,Information Science,2B,10347,SAMPLE_DATA_NOT_REAL,99
2023,1,E004,PES University,Information Science,2B,7797,SAMPLE_DATA_NOT_REAL,0
2023,2,E004,PES University,Information Science,2B,8024,SAMPLE_DATA_NOT_REAL,1
2023,Final,E004,PES University,Information Science,2B,9830,SAMPLE_DATA_NOT_REAL,99
2024,1,E004,PES University,Information Science,2B,7031,SAMPLE_DATA_NOT_REAL,0
2024,2,E004,PES University,Information Science,2B,8715,SAMPLE_DATA_NOT_REAL,1
2024,Final,E004,PES University,Information Science,2B,9151,SAMPLE_DATA_NOT_REAL,99
2025,1,E004,PES University,Information Science,2B,7343,SAMPLE_DATA_NOT_REAL,0
2025,2,E004,PES University,Information Science,2B,7497,SAMPLE_DATA_NOT_REAL,1
2025,Final,E004,PES University,Information Science,2B,8846,SAMPLE_DATA_NOT_REAL,99
2021,1,E004,PES University,Information Science,3A,8249,SAMPLE_DATA_NOT_REAL,0
2021,2,E004,PES University,Information Science,3A,9310,SAMPLE_DATA_NOT_REAL,1
2021,Final,E004,PES University,Information Science,3A,11622,SAMPLE_DATA_NOT_REAL,99
2022,1,E004,PES University,Information Science,3A,7848,SAMPLE_DATA_NOT_REAL,0
2022,2,E004,PES University,Information Science,3A,9696,SAMPLE_DATA_NOT_REAL,1
2022,Final,E004,PES University,Information Science,3A,11327,SAMPLE_DATA_NOT_REAL,99
2023,1,E004,PES University,Information Science,3A,7488,SAMPLE_DATA_NOT_REAL,0
2023,2,E004,PES University,Information Science,3A,9306,SAMPLE_DATA_NOT_REAL,1
2023,Final,E004,PES University,Information Science,3A,10389,SAMPLE_DATA_NOT_REAL,99
2024,1,E004,PES University,Information Science,3A,7479,SAMPLE_DATA_NOT_REAL,0
2024,2,E004,PES University,Information Science,3A,8726,SAMPLE_DATA_NOT_REAL,1
2024,Final,E004,PES University,Information Science,3A,11169,SAMPLE_DATA_NOT_REAL,99
2025,1,E004,PES University,Information Science,3A,6887,SAMPLE_DATA_NOT_REAL,0
2025,2,E004,PES University,Information Science,3A,7988,SAMPLE_DATA_NOT_REAL,1
2025,Final,E004,PES University,Information Science,3A,9725,SAMPLE_DATA_NOT_REAL,99
2021,1,E004,PES University,Information Science,3B,8596,SAMPLE_DATA_NOT_REAL,0
2021,2,E004,PES University,Information Science,3B,9789,SAMPLE_DATA_NOT_REAL,1
2021,Final,E004,PES University,Information Science,3B,13020,SAMPLE_DATA_NOT_REAL,99
2022,1,E004,PES University,Information Science,3B,8985,SAMPLE_DATA_NOT_REAL,0
2022,2,E004,PES University,Information Science,3B,10057,SAMPLE_DATA_NOT_REAL,1
2022,Final,E004,PES University,Information Science,3B,11880,SAMPLE_DATA_NOT_REAL,99
2023,1,E004,PES University,Information Science,3B,8138,SAMPLE_DATA_NOT_REAL,0
2023,2,E004,PES University,Information Science,3B,9211,SAMPLE_DATA_NOT_REAL,1
2023,Final,E004,PES University,Information Science,3B,11190,SAMPLE_DATA_NOT_REAL,99
2024,1,E004,PES University,Information Science,3B,8354,SAMPLE_DATA_NOT_REAL,0
2024,2,E004,PES University,Information Science,3B,9815,SAMPLE_DATA_NOT_REAL,1
2024,Final,E004,PES University,Information Science,3B,10314,SAMPLE_DATA_NOT_REAL,99
2025,1,E004,PES University,Information Science,3B,8245,SAMPLE_DATA_NOT_REAL,0
2025,2,E004,PES University,Information Science,3B,9056,SAMPLE_DATA_NOT_REAL,1
2025,Final,E004,PES University,Information Science,3B,10059,SAMPLE_DATA_NOT_REAL,99
2021,1,E004,PES University,Information Science,CAT1,6601,SAMPLE_DATA_NOT_REAL,0
2021,2,E004,PES University,Information Science,CAT1,7327,SAMPLE_DATA_NOT_REAL,1
2021,Final,E004,PES University,Information Science,CAT1,8924,SAMPLE_DATA_NOT_REAL,99
2022,1,E004,PES University,Information Science,CAT1,6544,SAMPLE_DATA_NOT_REAL,0
2022,2,E004,PES University,Information Science,CAT1,7431,SAMPLE_DATA_NOT_REAL,1
2022,Final,E004,PES University,Information Science,CAT1,8447,SAMPLE_DATA_NOT_REAL,99
2023,1,E004,PES University,Information Science,CAT1,5917,SAMPLE_DATA_NOT_REAL,0
2023,2,E004,PES University,Information Science,CAT1,7115,SAMPLE_DATA_NOT_REAL,1
2023,Final,E004,PES University,Information Science,CAT1,8097,SAMPLE_DATA_NOT_REAL,99
2024,1,E004,PES University,Information Science,CAT1,6008,SAMPLE_DATA_NOT_REAL,0
2024,2,E004,PES University,Information Science,CAT1,6562,SAMPLE_DATA_NOT_REAL,1
2024,Final,E004,PES University,Information Science,CAT1,8259,SAMPLE_DATA_NOT_REAL,99
2025,1,E004,PES University,Information Science,CAT1,5443,SAMPLE_DATA_NOT_REAL,0
2025,2,E004,PES University,Information Science,CAT1,6597,SAMPLE_DATA_NOT_REAL,1
2025,Final,E004,PES University,Information Science,CAT1,7264,SAMPLE_DATA_NOT_REAL,99
2021,1,E004,PES University,Information Science,GM,5163,SAMPLE_DATA_NOT_REAL,0
2021,2,E004,PES University,Information Science,GM,6058,SAMPLE_DATA_NOT_REAL,1
2021,Final,E004,PES University,Information Science,GM,6851,SAMPLE_DATA_NOT_REAL,99
2022,1,E004,PES University,Information Science,GM,4667,SAMPLE_DATA_NOT_REAL,0
2022,2,E004,PES University,Information Science,GM,5418,SAMPLE_DATA_NOT_REAL,1
2022,Final,E004,PES University,Information Science,GM,6928,SAMPLE_DATA_NOT_REAL,99
2023,1,E004,PES University,Information Science,GM,4441,SAMPLE_DATA_NOT_REAL,0
2023,2,E004,PES University,Information Science,GM,5117,SAMPLE_DATA_NOT_REAL,1
2023,Final,E004,PES University,Information Science,GM,6407,SAMPLE_DATA_NOT_REAL,99
2024,1,E004,PES University,Information Science,GM,4600,SAMPLE_DATA_NOT_REAL,0
2024,2,E004,PES University,Information Science,GM,5192,SAMPLE_DATA_NOT_REAL,1
2024,Final,E004,PES University,Information Science,GM,5980,SAMPLE_DATA_NOT_REAL,99
2025,1,E004,PES University,Information Science,GM,4266,SAMPLE_DATA_NOT_REAL,0
2025,2,E004,PES University,Information Science,GM,5037,SAMPLE_DATA_NOT_REAL,1
2025,Final,E004,PES University,Information Science,GM,5458,SAMPLE_DATA_NOT_REAL,99
2021,1,E004,PES University,Information Science,SC,15146,SAMPLE_DATA_NOT_REAL,0
2021,2,E004,PES University,Information Science,SC,17421,SAMPLE_DATA_NOT_REAL,1
2021,Final,E004,PES University,Information Science,SC,21178,SAMPLE_DATA_NOT_REAL,99
2022,1,E004,PES University,Information Science,SC,14907,SAMPLE_DATA_NOT_REAL,0
2022,2,E004,PES University,Information Science,SC,16613,SAMPLE_DATA_NOT_REAL,1
2022,Final,E004,PES University,Information Science,SC,21159,SAMPLE_DATA_NOT_REAL,99
2023,1,E004,PES University,Information Science,SC,13507,SAMPLE_DATA_NOT_REAL,0
2023,2,E004,PES University,Information Science,SC,16568,SAMPLE_DATA_NOT_REAL,1
2023,Final,E004,PES University,Information Science,SC,17532,SAMPLE_DATA_NOT_REAL,99
2024,1,E004,PES University,Information Science,SC,14452,SAMPLE_DATA_NOT_REAL,0
2024,2,E004,PES University,Information Science,SC,16784,SAMPLE_DATA_NOT_REAL,1
2024,Final,E004,PES University,Information Science,SC,17152,SAMPLE_DATA_NOT_REAL,99
2025,1,E004,PES University,Information Science,SC,12306,SAMPLE_DATA_NOT_REAL,0
2025,2,E004,PES University,Information Science,SC,14431,SAMPLE_DATA_NOT_REAL,1
2025,Final,E004,PES University,Information Science,SC,16252,SAMPLE_DATA_NOT_REAL,99
2021,1,E004,PES University,Information Science,ST,20170,SAMPLE_DATA_NOT_REAL,0
2021,2,E004,PES University,Information Science,ST,22815,SAMPLE_DATA_NOT_REAL,1
2021,Final,E004,PES University,Information Science,ST,26780,SAMPLE_DATA_NOT_REAL,99
2022,1,E004,PES University,Information Science,ST,18795,SAMPLE_DATA_NOT_REAL,0
2022,2,E004,PES University,Information Science,ST,23526,SAMPLE_DATA_NOT_REAL,1
2022,Final,E004,PES University,Information Science,ST,26474,SAMPLE_DATA_NOT_REAL,99
2023,1,E004,PES University,Information Science,ST,20290,SAMPLE_DATA_NOT_REAL,0
2023,2,E004,PES University,Information Science,ST,20046,SAMPLE_DATA_NOT_REAL,1
2023,Final,E004,PES University,Information Science,ST,25967,SAMPLE_DATA_NOT_REAL,99
2024,1,E004,PES University,Information Science,ST,18926,SAMPLE_DATA_NOT_REAL,0
2024,2,E004,PES University,Information Science,ST,21369,SAMPLE_DATA_NOT_REAL,1
2024,Final,E004,PES University,Information Science,ST,22969,SAMPLE_DATA_NOT_REAL,99
2025,1,E004,PES University,Information Science,ST,18119,SAMPLE_DATA_NOT_REAL,0
2025,2,E004,PES University,Information Science,ST,19728,SAMPLE_DATA_NOT_REAL,1
2025,Final,E004,PES University,Information Science,ST,24070,SAMPLE_DATA_NOT_REAL,99
2021,1,E004,PES University,Mechanical,1G,4577,SAMPLE_DATA_NOT_REAL,0
2021,2,E004,PES University,Mechanical,1G,5306,SAMPLE_DATA_NOT_REAL,1
2021,Final,E004,PES University,Mechanical,1G,6197,SAMPLE_DATA_NOT_REAL,99
2022,1,E004,PES University,Mechanical,1G,4384,SAMPLE_DATA_NOT_REAL,0
2022,2,E004,PES University,Mechanical,1G,5081,SAMPLE_DATA_NOT_REAL,1
2022,Final,E004,PES University,Mechanical,1G,6463,SAMPLE_DATA_NOT_REAL,99
2023,1,E004,PES University,Mechanical,1G,3962,SAMPLE_DATA_NOT_REAL,0
2023,2,E004,PES University,Mechanical,1G,4587,SAMPLE_DATA_NOT_REAL,1
2023,Final,E004,PES University,Mechanical,1G,5765,SAMPLE_DATA_NOT_REAL,99
2024,1,E004,PES University,Mechanical,1G,4249,SAMPLE_DATA_NOT_REAL,0
2024,2,E004,PES University,Mechanical,1G,4652,SAMPLE_DATA_NOT_REAL,1
2024,Final,E004,PES University,Mechanical,1G,5584,SAMPLE_DATA_NOT_REAL,99
2025,1,E004,PES University,Mechanical,1G,4146,SAMPLE_DATA_NOT_REAL,0
2025,2,E004,PES University,Mechanical,1G,4498,SAMPLE_DATA_NOT_REAL,1
2025,Final,E004,PES University,Mechanical,1G,5547,SAMPLE_DATA_NOT_REAL,99
2021,1,E004,PES University,Mechanical,2A,5691,SAMPLE_DATA_NOT_REAL,0
2021,2,E004,PES University,Mechanical,2A,6949,SAMPLE_DATA_NOT_REAL,1
2021,Final,E004,PES University,Mechanical,2A,7993,SAMPLE_DATA_NOT_REAL,99
2022,1,E004,PES University,Mechanical,2A,6058,SAMPLE_DATA_NOT_REAL,0
2022,2,E004,PES University,Mechanical,2A,6208,SAMPLE_DATA_NOT_REAL,1
2022,Final,E004,PES University,Mechanical,2A,7157,SAMPLE_DATA_NOT_REAL,99
2023,1,E004,PES University,Mechanical,2A,5743,SAMPLE_DATA_NOT_REAL,0
2023,2,E004,PES University,Mechanical,2A,6202,SAMPLE_DATA_NOT_REAL,1
2023,Final,E004,PES University,Mechanical,2A,7400,SAMPLE_DATA_NOT_REAL,99
2024,1,E004,PES University,Mechanical,2A,5066,SAMPLE_DATA_NOT_REAL,0
2024,2,E004,PES University,Mechanical,2A,6191,SAMPLE_DATA_NOT_REAL,1
2024,Final,E004,PES University,Mechanical,2A,6810,SAMPLE_DATA_NOT_REAL,99
2025,1,E004,PES University,Mechanical,2A,5021,SAMPLE_DATA_NOT_REAL,0
2025,2,E004,PES University,Mechanical,2A,5854,SAMPLE_DATA_NOT_REAL,1
2025,Final,E004,PES University,Mechanical,2A,7054,SAMPLE_DATA_NOT_REAL,99
2021,1,E004,PES University,Mechanical,2B,6472,SAMPLE_DATA_NOT_REAL,0
2021,2,E004,PES University,Mechanical,2B,8270,SAMPLE_DATA_NOT_REAL,1
2021,Final,E004,PES University,Mechanical,2B,8605,SAMPLE_DATA_NOT_REAL,99
2022,1,E004,PES University,Mechanical,2B,6865,SAMPLE_DATA_NOT_REAL,0
2022,2,E004,PES University,Mechanical,2B,7423,SAMPLE_DATA_NOT_REAL,1
2022,Final,E004,PES University,Mechanical,2B,8957,SAMPLE_DATA_NOT_REAL,99
2023,1,E004,PES University,Mechanical,2B,6376,SAMPLE_DATA_NOT_REAL,0
2023,2,E004,PES University,Mechanical,2B,7709,SAMPLE_DATA_NOT_REAL,1
2023,Final,E004,PES University,Mechanical,2B,8540,SAMPLE_DATA_NOT_REAL,99
2024,1,E004,PES University,Mechanical,2B,5999,SAMPLE_DATA_NOT_REAL,0
2024,2,E004,PES University,Mechanical,2B,6919,SAMPLE_DATA_NOT_REAL,1
2024,Final,E004,PES University,Mechanical,2B,8511,SAMPLE_DATA_NOT_REAL,99
2025,1,E004,PES University,Mechanical,2B,5717,SAMPLE_DATA_NOT_REAL,0
2025,2,E004,PES University,Mechanical,2B,6076,SAMPLE_DATA_NOT_REAL,1
2025,Final,E004,PES University,Mechanical,2B,8261,SAMPLE_DATA_NOT_REAL,99
2021,1,E004,PES University,Mechanical,3A,7649,SAMPLE_DATA_NOT_REAL,0
2021,2,E004,PES University,Mechanical,3A,7819,SAMPLE_DATA_NOT_REAL,1
2021,Final,E004,PES University,Mechanical,3A,9474,SAMPLE_DATA_NOT_REAL,99
2022,1,E004,PES University,Mechanical,3A,6852,SAMPLE_DATA_NOT_REAL,0
2022,2,E004,PES University,Mechanical,3A,7879,SAMPLE_DATA_NOT_REAL,1
2022,Final,E004,PES University,Mechanical,3A,8937,SAMPLE_DATA_NOT_REAL,99
2023,1,E004,PES University,Mechanical,3A,6254,SAMPLE_DATA_NOT_REAL,0
2023,2,E004,PES University,Mechanical,3A,8039,SAMPLE_DATA_NOT_REAL,1
2023,Final,E004,PES University,Mechanical,3A,8660,SAMPLE_DATA_NOT_REAL,99
2024,1,E004,PES University,Mechanical,3A,6042,SAMPLE_DATA_NOT_REAL,0
2024,2,E004,PES University,Mechanical,3A,7217,SAMPLE_DATA_NOT_REAL,1
2024,Final,E004,PES University,Mechanical,3A,8130,SAMPLE_DATA_NOT_REAL,99
2025,1,E004,PES University,Mechanical,3A,6460,SAMPLE_DATA_NOT_REAL,0
2025,2,E004,PES University,Mechanical,3A,7212,SAMPLE_DATA_NOT_REAL,1
2025,Final,E004,PES University,Mechanical,3A,8049,SAMPLE_DATA_NOT_REAL,99
2021,1,E004,PES University,Mechanical,3B,7516,SAMPLE_DATA_NOT_REAL,0
2021,2,E004,PES University,Mechanical,3B,8842,SAMPLE_DATA_NOT_REAL,1
2021,Final,E004,PES University,Mechanical,3B,9884,SAMPLE_DATA_NOT_REAL,99
2022,1,E004,PES University,Mechanical,3B,6932,SAMPLE_DATA_NOT_REAL,0
2022,2,E004,PES University,Mechanical,3B,8291,SAMPLE_DATA_NOT_REAL,1
2022,Final,E004,PES University,Mechanical,3B,10328,SAMPLE_DATA_NOT_REAL,99
2023,1,E004,PES University,Mechanical,3B,6831,SAMPLE_DATA_NOT_REAL,0
2023,2,E004,PES University,Mechanical,3B,7615,SAMPLE_DATA_NOT_REAL,1
2023,Final,E004,PES University,Mechanical,3B,9650,SAMPLE_DATA_NOT_REAL,99
2024,1,E004,PES University,Mechanical,3B,6910,SAMPLE_DATA_NOT_REAL,0
2024,2,E004,PES University,Mechanical,3B,8243,SAMPLE_DATA_NOT_REAL,1
2024,Final,E004,PES University,Mechanical,3B,8436,SAMPLE_DATA_NOT_REAL,99
2025,1,E004,PES University,Mechanical,3B,6418,SAMPLE_DATA_NOT_REAL,0
2025,2,E004,PES University,Mechanical,3B,7582,SAMPLE_DATA_NOT_REAL,1
2025,Final,E004,PES University,Mechanical,3B,8333,SAMPLE_DATA_NOT_REAL,99
2021,1,E004,PES University,Mechanical,CAT1,5084,SAMPLE_DATA_NOT_REAL,0
2021,2,E004,PES University,Mechanical,CAT1,5888,SAMPLE_DATA_NOT_REAL,1
2021,Final,E004,PES University,Mechanical,CAT1,7511,SAMPLE_DATA_NOT_REAL,99
2022,1,E004,PES University,Mechanical,CAT1,5382,SAMPLE_DATA_NOT_REAL,0
2022,2,E004,PES University,Mechanical,CAT1,5855,SAMPLE_DATA_NOT_REAL,1
2022,Final,E004,PES University,Mechanical,CAT1,7664,SAMPLE_DATA_NOT_REAL,99
2023,1,E004,PES University,Mechanical,CAT1,5354,SAMPLE_DATA_NOT_REAL,0
2023,2,E004,PES University,Mechanical,CAT1,6080,SAMPLE_DATA_NOT_REAL,1
2023,Final,E004,PES University,Mechanical,CAT1,6343,SAMPLE_DATA_NOT_REAL,99
2024,1,E004,PES University,Mechanical,CAT1,4733,SAMPLE_DATA_NOT_REAL,0
2024,2,E004,PES University,Mechanical,CAT1,5884,SAMPLE_DATA_NOT_REAL,1
2024,Final,E004,PES University,Mechanical,CAT1,6731,SAMPLE_DATA_NOT_REAL,99
2025,1,E004,PES University,Mechanical,CAT1,4844,SAMPLE_DATA_NOT_REAL,0
2025,2,E004,PES University,Mechanical,CAT1,5695,SAMPLE_DATA_NOT_REAL,1
2025,Final,E004,PES University,Mechanical,CAT1,6773,SAMPLE_DATA_NOT_REAL,99
2021,1,E004,PES University,Mechanical,GM,4179,SAMPLE_DATA_NOT_REAL,0
2021,2,E004,PES University,Mechanical,GM,5045,SAMPLE_DATA_NOT_REAL,1
2021,Final,E004,PES University,Mechanical,GM,5632,SAMPLE_DATA_NOT_REAL,99
2022,1,E004,PES University,Mechanical,GM,4323,SAMPLE_DATA_NOT_REAL,0
2022,2,E004,PES University,Mechanical,GM,4512,SAMPLE_DATA_NOT_REAL,1
2022,Final,E004,PES University,Mechanical,GM,5898,SAMPLE_DATA_NOT_REAL,99
2023,1,E004,PES University,Mechanical,GM,4044,SAMPLE_DATA_NOT_REAL,0
2023,2,E004,PES University,Mechanical,GM,4311,SAMPLE_DATA_NOT_REAL,1
2023,Final,E004,PES University,Mechanical,GM,5263,SAMPLE_DATA_NOT_REAL,99
2024,1,E004,PES University,Mechanical,GM,3609,SAMPLE_DATA_NOT_REAL,0
2024,2,E004,PES University,Mechanical,GM,4041,SAMPLE_DATA_NOT_REAL,1
2024,Final,E004,PES University,Mechanical,GM,4988,SAMPLE_DATA_NOT_REAL,99
2025,1,E004,PES University,Mechanical,GM,3674,SAMPLE_DATA_NOT_REAL,0
2025,2,E004,PES University,Mechanical,GM,4012,SAMPLE_DATA_NOT_REAL,1
2025,Final,E004,PES University,Mechanical,GM,4449,SAMPLE_DATA_NOT_REAL,99
2021,1,E004,PES University,Mechanical,SC,13373,SAMPLE_DATA_NOT_REAL,0
2021,2,E004,PES University,Mechanical,SC,14852,SAMPLE_DATA_NOT_REAL,1
2021,Final,E004,PES University,Mechanical,SC,16818,SAMPLE_DATA_NOT_REAL,99
2022,1,E004,PES University,Mechanical,SC,13037,SAMPLE_DATA_NOT_REAL,0
2022,2,E004,PES University,Mechanical,SC,14396,SAMPLE_DATA_NOT_REAL,1
2022,Final,E004,PES University,Mechanical,SC,17478,SAMPLE_DATA_NOT_REAL,99
2023,1,E004,PES University,Mechanical,SC,11535,SAMPLE_DATA_NOT_REAL,0
2023,2,E004,PES University,Mechanical,SC,14107,SAMPLE_DATA_NOT_REAL,1
2023,Final,E004,PES University,Mechanical,SC,14748,SAMPLE_DATA_NOT_REAL,99
2024,1,E004,PES University,Mechanical,SC,11721,SAMPLE_DATA_NOT_REAL,0
2024,2,E004,PES University,Mechanical,SC,11917,SAMPLE_DATA_NOT_REAL,1
2024,Final,E004,PES University,Mechanical,SC,15923,SAMPLE_DATA_NOT_REAL,99
2025,1,E004,PES University,Mechanical,SC,10846,SAMPLE_DATA_NOT_REAL,0
2025,2,E004,PES University,Mechanical,SC,11364,SAMPLE_DATA_NOT_REAL,1
2025,Final,E004,PES University,Mechanical,SC,13548,SAMPLE_DATA_NOT_REAL,99
2021,1,E004,PES University,Mechanical,ST,16992,SAMPLE_DATA_NOT_REAL,0
2021,2,E004,PES University,Mechanical,ST,19359,SAMPLE_DATA_NOT_REAL,1
2021,Final,E004,PES University,Mechanical,ST,22167,SAMPLE_DATA_NOT_REAL,99
2022,1,E004,PES University,Mechanical,ST,15719,SAMPLE_DATA_NOT_REAL,0
2022,2,E004,PES University,Mechanical,ST,18070,SAMPLE_DATA_NOT_REAL,1
2022,Final,E004,PES University,Mechanical,ST,20293,SAMPLE_DATA_NOT_REAL,99
2023,1,E004,PES University,Mechanical,ST,15837,SAMPLE_DATA_NOT_REAL,0
2023,2,E004,PES University,Mechanical,ST,18153,SAMPLE_DATA_NOT_REAL,1
2023,Final,E004,PES University,Mechanical,ST,21049,SAMPLE_DATA_NOT_REAL,99
2024,1,E004,PES University,Mechanical,ST,15839,SAMPLE_DATA_NOT_REAL,0
2024,2,E004,PES University,Mechanical,ST,16052,SAMPLE_DATA_NOT_REAL,1
2024,Final,E004,PES University,Mechanical,ST,20054,SAMPLE_DATA_NOT_REAL,99
2025,1,E004,PES University,Mechanical,ST,14140,SAMPLE_DATA_NOT_REAL,0
2025,2,E004,PES University,Mechanical,ST,16402,SAMPLE_DATA_NOT_REAL,1
2025,Final,E004,PES University,Mechanical,ST,19085,SAMPLE_DATA_NOT_REAL,99
2021,1,E001,RV College of Engineering,Civil,1G,4166,SAMPLE_DATA_NOT_REAL,0
2021,2,E001,RV College of Engineering,Civil,1G,4690,SAMPLE_DATA_NOT_REAL,1
2021,Final,E001,RV College of Engineering,Civil,1G,5752,SAMPLE_DATA_NOT_REAL,99
2022,1,E001,RV College of Engineering,Civil,1G,3626,SAMPLE_DATA_NOT_REAL,0
2022,2,E001,RV College of Engineering,Civil,1G,4708,SAMPLE_DATA_NOT_REAL,1
2022,Final,E001,RV College of Engineering,Civil,1G,5353,SAMPLE_DATA_NOT_REAL,99
2023,1,E001,RV College of Engineering,Civil,1G,3876,SAMPLE_DATA_NOT_REAL,0
2023,2,E001,RV College of Engineering,Civil,1G,4541,SAMPLE_DATA_NOT_REAL,1
2023,Final,E001,RV College of Engineering,Civil,1G,5451,SAMPLE_DATA_NOT_REAL,99
2024,1,E001,RV College of Engineering,Civil,1G,3740,SAMPLE_DATA_NOT_REAL,0
2024,2,E001,RV College of Engineering,Civil,1G,4252,SAMPLE_DATA_NOT_REAL,1
2024,Final,E001,RV College of Engineering,Civil,1G,4684,SAMPLE_DATA_NOT_REAL,99
2025,1,E001,RV College of Engineering,Civil,1G,3352,SAMPLE_DATA_NOT_REAL,0
2025,2,E001,RV College of Engineering,Civil,1G,3752,SAMPLE_DATA_NOT_REAL,1
2025,Final,E001,RV College of Engineering,Civil,1G,4897,SAMPLE_DATA_NOT_REAL,99
2021,1,E001,RV College of Engineering,Civil,2A,5505,SAMPLE_DATA_NOT_REAL,0
2021,2,E001,RV College of Engineering,Civil,2A,5923,SAMPLE_DATA_NOT_REAL,1
2021,Final,E001,RV College of Engineering,Civil,2A,7108,SAMPLE_DATA_NOT_REAL,99
2022,1,E001,RV College of Engineering,Civil,2A,5352,SAMPLE_DATA_NOT_REAL,0
2022,2,E001,RV College of Engineering,Civil,2A,6163,SAMPLE_DATA_NOT_REAL,1
2022,Final,E001,RV College of Engineering,Civil,2A,6533,SAMPLE_DATA_NOT_REAL,99
2023,1,E001,RV College of Engineering,Civil,2A,4670,SAMPLE_DATA_NOT_REAL,0
2023,2,E001,RV College of Engineering,Civil,2A,5826,SAMPLE_DATA_NOT_REAL,1
2023,Final,E001,RV College of Engineering,Civil,2A,6451,SAMPLE_DATA_NOT_REAL,99
2024,1,E001,RV College of Engineering,Civil,2A,4384,SAMPLE_DATA_NOT_REAL,0
2024,2,E001,RV College of Engineering,Civil,2A,5471,SAMPLE_DATA_NOT_REAL,1
2024,Final,E001,RV College of Engineering,Civil,2A,5837,SAMPLE_DATA_NOT_REAL,99
2025,1,E001,RV College of Engineering,Civil,2A,4545,SAMPLE_DATA_NOT_REAL,0
2025,2,E001,RV College of Engineering,Civil,2A,4960,SAMPLE_DATA_NOT_REAL,1
2025,Final,E001,RV College of Engineering,Civil,2A,6003,SAMPLE_DATA_NOT_REAL,99
2021,1,E001,RV College of Engineering,Civil,2B,6021,SAMPLE_DATA_NOT_REAL,0
2021,2,E001,RV College of Engineering,Civil,2B,7092,SAMPLE_DATA_NOT_REAL,1
2021,Final,E001,RV College of Engineering,Civil,2B,8423,SAMPLE_DATA_NOT_REAL,99
2022,1,E001,RV College of Engineering,Civil,2B,5714,SAMPLE_DATA_NOT_REAL,0
2022,2,E001,RV College of Engineering,Civil,2B,6457,SAMPLE_DATA_NOT_REAL,1
2022,Final,E001,RV College of Engineering,Civil,2B,7859,SAMPLE_DATA_NOT_REAL,99
2023,1,E001,RV College of Engineering,Civil,2B,5121,SAMPLE_DATA_NOT_REAL,0
2023,2,E001,RV College of Engineering,Civil,2B,6657,SAMPLE_DATA_NOT_REAL,1
2023,Final,E001,RV College of Engineering,Civil,2B,6818,SAMPLE_DATA_NOT_REAL,99
2024,1,E001,RV College of Engineering,Civil,2B,5224,SAMPLE_DATA_NOT_REAL,0
2024,2,E001,RV College of Engineering,Civil,2B,5683,SAMPLE_DATA_NOT_REAL,1
2024,Final,E001,RV College of Engineering,Civil,2B,6850,SAMPLE_DATA_NOT_REAL,99
2025,1,E001,RV College of Engineering,Civil,2B,4985,SAMPLE_DATA_NOT_REAL,0
2025,2,E001,RV College of Engineering,Civil,2B,6153,SAMPLE_DATA_NOT_REAL,1
2025,Final,E001,RV College of Engineering,Civil,2B,6629,SAMPLE_DATA_NOT_REAL,99
2021,1,E001,RV College of Engineering,Civil,3A,6526,SAMPLE_DATA_NOT_REAL,0
2021,2,E001,RV College of Engineering,Civil,3A,6997,SAMPLE_DATA_NOT_REAL,1
2021,Final,E001,RV College of Engineering,Civil,3A,9002,SAMPLE_DATA_NOT_REAL,99
2022,1,E001,RV College of Engineering,Civil,3A,6519,SAMPLE_DATA_NOT_REAL,0
2022,2,E001,RV College of Engineering,Civil,3A,7281,SAMPLE_DATA_NOT_REAL,1
2022,Final,E001,RV College of Engineering,Civil,3A,8142,SAMPLE_DATA_NOT_REAL,99
2023,1,E001,RV College of Engineering,Civil,3A,5689,SAMPLE_DATA_NOT_REAL,0
2023,2,E001,RV College of Engineering,Civil,3A,7160,SAMPLE_DATA_NOT_REAL,1
2023,Final,E001,RV College of Engineering,Civil,3A,7774,SAMPLE_DATA_NOT_REAL,99
2024,1,E001,RV College of Engineering,Civil,3A,5367,SAMPLE_DATA_NOT_REAL,0
2024,2,E001,RV College of Engineering,Civil,3A,6796,SAMPLE_DATA_NOT_REAL,1
2024,Final,E001,RV College of Engineering,Civil,3A,8144,SAMPLE_DATA_NOT_REAL,99
2025,1,E001,RV College of Engineering,Civil,3A,5288,SAMPLE_DATA_NOT_REAL,0
2025,2,E001,RV College of Engineering,Civil,3A,6091,SAMPLE_DATA_NOT_REAL,1
2025,Final,E001,RV College of Engineering,Civil,3A,6693,SAMPLE_DATA_NOT_REAL,99
2021,1,E001,RV College of Engineering,Civil,3B,6204,SAMPLE_DATA_NOT_REAL,0
2021,2,E001,RV College of Engineering,Civil,3B,8127,SAMPLE_DATA_NOT_REAL,1
2021,Final,E001,RV College of Engineering,Civil,3B,9718,SAMPLE_DATA_NOT_REAL,99
2022,1,E001,RV College of Engineering,Civil,3B,6130,SAMPLE_DATA_NOT_REAL,0
2022,2,E001,RV College of Engineering,Civil,3B,6831,SAMPLE_DATA_NOT_REAL,1
2022,Final,E001,RV College of Engineering,Civil,3B,8798,SAMPLE_DATA_NOT_REAL,99
2023,1,E001,RV College of Engineering,Civil,3B,6407,SAMPLE_DATA_NOT_REAL,0
2023,2,E001,RV College of Engineering,Civil,3B,7652,SAMPLE_DATA_NOT_REAL,1
2023,Final,E001,RV College of Engineering,Civil,3B,8048,SAMPLE_DATA_NOT_REAL,99
2024,1,E001,RV College of Engineering,Civil,3B,6101,SAMPLE_DATA_NOT_REAL,0
2024,2,E001,RV College of Engineering,Civil,3B,6404,SAMPLE_DATA_NOT_REAL,1
2024,Final,E001,RV College of Engineering,Civil,3B,7437,SAMPLE_DATA_NOT_REAL,99
2025,1,E001,RV College of Engineering,Civil,3B,5361,SAMPLE_DATA_NOT_REAL,0
2025,2,E001,RV College of Engineering,Civil,3B,6611,SAMPLE_DATA_NOT_REAL,1
2025,Final,E001,RV College of Engineering,Civil,3B,8022,SAMPLE_DATA_NOT_REAL,99
2021,1,E001,RV College of Engineering,Civil,CAT1,4507,SAMPLE_DATA_NOT_REAL,0
2021,2,E001,RV College of Engineering,Civil,CAT1,5896,SAMPLE_DATA_NOT_REAL,1
2021,Final,E001,RV College of Engineering,Civil,CAT1,6672,SAMPLE_DATA_NOT_REAL,99
2022,1,E001,RV College of Engineering,Civil,CAT1,4635,SAMPLE_DATA_NOT_REAL,0
2022,2,E001,RV College of Engineering,Civil,CAT1,5327,SAMPLE_DATA_NOT_REAL,1
2022,Final,E001,RV College of Engineering,Civil,CAT1,5957,SAMPLE_DATA_NOT_REAL,99
2023,1,E001,RV College of Engineering,Civil,CAT1,4333,SAMPLE_DATA_NOT_REAL,0
2023,2,E001,RV College of Engineering,Civil,CAT1,4950,SAMPLE_DATA_NOT_REAL,1
2023,Final,E001,RV College of Engineering,Civil,CAT1,5890,SAMPLE_DATA_NOT_REAL,99
2024,1,E001,RV College of Engineering,Civil,CAT1,4425,SAMPLE_DATA_NOT_REAL,0
2024,2,E001,RV College of Engineering,Civil,CAT1,4968,SAMPLE_DATA_NOT_REAL,1
2024,Final,E001,RV College of Engineering,Civil,CAT1,5832,SAMPLE_DATA_NOT_REAL,99
2025,1,E001,RV College of Engineering,Civil,CAT1,4181,SAMPLE_DATA_NOT_REAL,0
2025,2,E001,RV College of Engineering,Civil,CAT1,4932,SAMPLE_DATA_NOT_REAL,1
2025,Final,E001,RV College of Engineering,Civil,CAT1,5942,SAMPLE_DATA_NOT_REAL,99
2021,1,E001,RV College of Engineering,Civil,GM,3913,SAMPLE_DATA_NOT_REAL,0
2021,2,E001,RV College of Engineering,Civil,GM,4301,SAMPLE_DATA_NOT_REAL,1
2021,Final,E001,RV College of Engineering,Civil,GM,4912,SAMPLE_DATA_NOT_REAL,99
2022,1,E001,RV College of Engineering,Civil,GM,3459,SAMPLE_DATA_NOT_REAL,0
2022,2,E001,RV College of Engineering,Civil,GM,3999,SAMPLE_DATA_NOT_REAL,1
2022,Final,E001,RV College of Engineering,Civil,GM,4587,SAMPLE_DATA_NOT_REAL,99
2023,1,E001,RV College of Engineering,Civil,GM,3252,SAMPLE_DATA_NOT_REAL,0
2023,2,E001,RV College of Engineering,Civil,GM,3739,SAMPLE_DATA_NOT_REAL,1
2023,Final,E001,RV College of Engineering,Civil,GM,4937,SAMPLE_DATA_NOT_REAL,99
2024,1,E001,RV College of Engineering,Civil,GM,3336,SAMPLE_DATA_NOT_REAL,0
2024,2,E001,RV College of Engineering,Civil,GM,4054,SAMPLE_DATA_NOT_REAL,1
2024,Final,E001,RV College of Engineering,Civil,GM,4573,SAMPLE_DATA_NOT_REAL,99
2025,1,E001,RV College of Engineering,Civil,GM,3407,SAMPLE_DATA_NOT_REAL,0
2025,2,E001,RV College of Engineering,Civil,GM,3624,SAMPLE_DATA_NOT_REAL,1
2025,Final,E001,RV College of Engineering,Civil,GM,4196,SAMPLE_DATA_NOT_REAL,99
2021,1,E001,RV College of Engineering,Civil,SC,10666,SAMPLE_DATA_NOT_REAL,0
2021,2,E001,RV College of Engineering,Civil,SC,13502,SAMPLE_DATA_NOT_REAL,1
2021,Final,E001,RV College of Engineering,Civil,SC,15821,SAMPLE_DATA_NOT_REAL,99
2022,1,E001,RV College of Engineering,Civil,SC,10453,SAMPLE_DATA_NOT_REAL,0
2022,2,E001,RV College of Engineering,Civil,SC,11864,SAMPLE_DATA_NOT_REAL,1
2022,Final,E001,RV College of Engineering,Civil,SC,14436,SAMPLE_DATA_NOT_REAL,99
2023,1,E001,RV College of Engineering,Civil,SC,9960,SAMPLE_DATA_NOT_REAL,0
2023,2,E001,RV College of Engineering,Civil,SC,11745,SAMPLE_DATA_NOT_REAL,1
2023,Final,E001,RV College of Engineering,Civil,SC,13277,SAMPLE_DATA_NOT_REAL,99
2024,1,E001,RV College of Engineering,Civil,SC,10508,SAMPLE_DATA_NOT_REAL,0
2024,2,E001,RV College of Engineering,Civil,SC,11629,SAMPLE_DATA_NOT_REAL,1
2024,Final,E001,RV College of Engineering,Civil,SC,13842,SAMPLE_DATA_NOT_REAL,99
2025,1,E001,RV College of Engineering,Civil,SC,9153,SAMPLE_DATA_NOT_REAL,0
2025,2,E001,RV College of Engineering,Civil,SC,11006,SAMPLE_DATA_NOT_REAL,1
2025,Final,E001,RV College of Engineering,Civil,SC,13650,SAMPLE_DATA_NOT_REAL,99
2021,1,E001,RV College of Engineering,Civil,ST,14367,SAMPLE_DATA_NOT_REAL,0
2021,2,E001,RV College of Engineering,Civil,ST,15967,SAMPLE_DATA_NOT_REAL,1
2021,Final,E001,RV College of Engineering,Civil,ST,20437,SAMPLE_DATA_NOT_REAL,99
2022,1,E001,RV College of Engineering,Civil,ST,13247,SAMPLE_DATA_NOT_REAL,0
2022,2,E001,RV College of Engineering,Civil,ST,17708,SAMPLE_DATA_NOT_REAL,1
2022,Final,E001,RV College of Engineering,Civil,ST,20109,SAMPLE_DATA_NOT_REAL,99
2023,1,E001,RV College of Engineering,Civil,ST,14334,SAMPLE_DATA_NOT_REAL,0
2023,2,E001,RV College of Engineering,Civil,ST,15883,SAMPLE_DATA_NOT_REAL,1
2023,Final,E001,RV College of Engineering,Civil,ST,17040,SAMPLE_DATA_NOT_REAL,99
2024,1,E001,RV College of Engineering,Civil,ST,13778,SAMPLE_DATA_NOT_REAL,0
2024,2,E001,RV College of Engineering,Civil,ST,16095,SAMPLE_DATA_NOT_REAL,1
2024,Final,E001,RV College of Engineering,Civil,ST,17989,SAMPLE_DATA_NOT_REAL,99
2025,1,E001,RV College of Engineering,Civil,ST,12147,SAMPLE_DATA_NOT_REAL,0
2025,2,E001,RV College of Engineering,Civil,ST,15452,SAMPLE_DATA_NOT_REAL,1
2025,Final,E001,RV College of Engineering,Civil,ST,16103,SAMPLE_DATA_NOT_REAL,99
2021,1,E001,RV College of Engineering,Computer Science,1G,224,SAMPLE_DATA_NOT_REAL,0
2021,2,E001,RV College of Engineering,Computer Science,1G,299,SAMPLE_DATA_NOT_REAL,1
2021,Final,E001,RV College of Engineering,Computer Science,1G,313,SAMPLE_DATA_NOT_REAL,99
2022,1,E001,RV College of Engineering,Computer Science,1G,249,SAMPLE_DATA_NOT_REAL,0
2022,2,E001,RV College of Engineering,Computer Science,1G,274,SAMPLE_DATA_NOT_REAL,1
2022,Final,E001,RV College of Engineering,Computer Science,1G,324,SAMPLE_DATA_NOT_REAL,99
2023,1,E001,RV College of Engineering,Computer Science,1G,225,SAMPLE_DATA_NOT_REAL,0
2023,2,E001,RV College of Engineering,Computer Science,1G,265,SAMPLE_DATA_NOT_REAL,1
2023,Final,E001,RV College of Engineering,Computer Science,1G,320,SAMPLE_DATA_NOT_REAL,99
2024,1,E001,RV College of Engineering,Computer Science,1G,241,SAMPLE_DATA_NOT_REAL,0
2024,2,E001,RV College of Engineering,Computer Science,1G,243,SAMPLE_DATA_NOT_REAL,1
2024,Final,E001,RV College of Engineering,Computer Science,1G,287,SAMPLE_DATA_NOT_REAL,99
2025,1,E001,RV College of Engineering,Computer Science,1G,237,SAMPLE_DATA_NOT_REAL,0
2025,2,E001,RV College of Engineering,Computer Science,1G,274,SAMPLE_DATA_NOT_REAL,1
2025,Final,E001,RV College of Engineering,Computer Science,1G,297,SAMPLE_DATA_NOT_REAL,99
2021,1,E001,RV College of Engineering,Computer Science,2A,297,SAMPLE_DATA_NOT_REAL,0
2021,2,E001,RV College of Engineering,Computer Science,2A,332,SAMPLE_DATA_NOT_REAL,1
2021,Final,E001,RV College of Engineering,Computer Science,2A,405,SAMPLE_DATA_NOT_REAL,99
2022,1,E001,RV College of Engineering,Computer Science,2A,311,SAMPLE_DATA_NOT_REAL,0
2022,2,E001,RV College of Engineering,Computer Science,2A,322,SAMPLE_DATA_NOT_REAL,1
2022,Final,E001,RV College of Engineering,Computer Science,2A,422,SAMPLE_DATA_NOT_REAL,99
2023,1,E001,RV College of Engineering,Computer Science,2A,279,SAMPLE_DATA_NOT_REAL,0
2023,2,E001,RV College of Engineering,Computer Science,2A,334,SAMPLE_DATA_NOT_REAL,1
2023,Final,E001,RV College of Engineering,Computer Science,2A,376,SAMPLE_DATA_NOT_REAL,99
2024,1,E001,RV College of Engineering,Computer Science,2A,303,SAMPLE_DATA_NOT_REAL,0
2024,2,E001,RV College of Engineering,Computer Science,2A,356,SAMPLE_DATA_NOT_REAL,1
2024,Final,E001,RV College of Engineering,Computer Science,2A,373,SAMPLE_DATA_NOT_REAL,99
2025,1,E001,RV College of Engineering,Computer Science,2A,304,SAMPLE_DATA_NOT_REAL,0
2025,2,E001,RV College of Engineering,Computer Science,2A,326,SAMPLE_DATA_NOT_REAL,1
2025,Final,E001,RV College of Engineering,Computer Science,2A,378,SAMPLE_DATA_NOT_REAL,99
2021,1,E001,RV College of Engineering,Computer Science,2B,336,SAMPLE_DATA_NOT_REAL,0
2021,2,E001,RV College of Engineering,Computer Science,2B,374,SAMPLE_DATA_NOT_REAL,1
2021,Final,E001,RV College of Engineering,Computer Science,2B,472,SAMPLE_DATA_NOT_REAL,99
2022,1,E001,RV College of Engineering,Computer Science,2B,334,SAMPLE_DATA_NOT_REAL,0
2022,2,E001,RV College of Engineering,Computer Science,2B,378,SAMPLE_DATA_NOT_REAL,1
2022,Final,E001,RV College of Engineering,Computer Science,2B,445,SAMPLE_DATA_NOT_REAL,99
2023,1,E001,RV College of Engineering,Computer Science,2B,352,SAMPLE_DATA_NOT_REAL,0
2023,2,E001,RV College of Engineering,Computer Science,2B,399,SAMPLE_DATA_NOT_REAL,1
2023,Final,E001,RV College of Engineering,Computer Science,2B,481,SAMPLE_DATA_NOT_REAL,99
2024,1,E001,RV College of Engineering,Computer Science,2B,332,SAMPLE_DATA_NOT_REAL,0
2024,2,E001,RV College of Engineering,Computer Science,2B,389,SAMPLE_DATA_NOT_REAL,1
2024,Final,E001,RV College of Engineering,Computer Science,2B,445,SAMPLE_DATA_NOT_REAL,99
2025,1,E001,RV College of Engineering,Computer Science,2B,345,SAMPLE_DATA_NOT_REAL,0
2025,2,E001,RV College of Engineering,Computer Science,2B,402,SAMPLE_DATA_NOT_REAL,1
2025,Final,E001,RV College of Engineering,Computer Science,2B,444,SAMPLE_DATA_NOT_REAL,99
2021,1,E001,RV College of Engineering,Computer Science,3A,388,SAMPLE_DATA_NOT_REAL,0
2021,2,E001,RV College of Engineering,Computer Science,3A,417,SAMPLE_DATA_NOT_REAL,1
2021,Final,E001,RV College of Engineering,Computer Science,3A,498,SAMPLE_DATA_NOT_REAL,99
2022,1,E001,RV College of Engineering,Computer Science,3A,341,SAMPLE_DATA_NOT_REAL,0
2022,2,E001,RV College of Engineering,Computer Science,3A,446,SAMPLE_DATA_NOT_REAL,1
2022,Final,E001,RV College of Engineering,Computer Science,3A,496,SAMPLE_DATA_NOT_REAL,99
2023,1,E001,RV College of Engineering,Computer Science,3A,382,SAMPLE_DATA_NOT_REAL,0
2023,2,E001,RV College of Engineering,Computer Science,3A,411,SAMPLE_DATA_NOT_REAL,1
2023,Final,E001,RV College of Engineering,Computer Science,3A,448,SAMPLE_DATA_NOT_REAL,99
2024,1,E001,RV College of Engineering,Computer Science,3A,349,SAMPLE_DATA_NOT_REAL,0
2024,2,E001,RV College of Engineering,Computer Science,3A,434,SAMPLE_DATA_NOT_REAL,1
2024,Final,E001,RV College of Engineering,Computer Science,3A,503,SAMPLE_DATA_NOT_REAL,99
2025,1,E001,RV College of Engineering,Computer Science,3A,330,SAMPLE_DATA_NOT_REAL,0
2025,2,E001,RV College of Engineering,Computer Science,3A,417,SAMPLE_DATA_NOT_REAL,1
2025,Final,E001,RV College of Engineering,Computer Science,3A,477,SAMPLE_DATA_NOT_REAL,99
2021,1,E001,RV College of Engineering,Computer Science,3B,407,SAMPLE_DATA_NOT_REAL,0
2021,2,E001,RV College of Engineering,Computer Science,3B,468,SAMPLE_DATA_NOT_REAL,1
2021,Final,E001,RV College of Engineering,Computer Science,3B,500,SAMPLE_DATA_NOT_REAL,99
2022,1,E001,RV College of Engineering,Computer Science,3B,361,SAMPLE_DATA_NOT_REAL,0
2022,2,E001,RV College of Engineering,Computer Science,3B,474,SAMPLE_DATA_NOT_REAL,1
2022,Final,E001,RV College of Engineering,Computer Science,3B,486,SAMPLE_DATA_NOT_REAL,99
2023,1,E001,RV College of Engineering,Computer Science,3B,399,SAMPLE_DATA_NOT_REAL,0
2023,2,E001,RV College of Engineering,Computer Science,3B,440,SAMPLE_DATA_NOT_REAL,1
2023,Final,E001,RV College of Engineering,Computer Science,3B,527,SAMPLE_DATA_NOT_REAL,99
2024,1,E001,RV College of Engineering,Computer Science,3B,392,SAMPLE_DATA_NOT_REAL,0
2024,2,E001,RV College of Engineering,Computer Science,3B,424,SAMPLE_DATA_NOT_REAL,1
2024,Final,E001,RV College of Engineering,Computer Science,3B,542,SAMPLE_DATA_NOT_REAL,99
2025,1,E001,RV College of Engineering,Computer Science,3B,391,SAMPLE_DATA_NOT_REAL,0
2025,2,E001,RV College of Engineering,Computer Science,3B,396,SAMPLE_DATA_NOT_REAL,1
2025,Final,E001,RV College of Engineering,Computer Science,3B,491,SAMPLE_DATA_NOT_REAL,99
2021,1,E001,RV College of Engineering,Computer Science,CAT1,282,SAMPLE_DATA_NOT_REAL,0
2021,2,E001,RV College of Engineering,Computer Science,CAT1,340,SAMPLE_DATA_NOT_REAL,1
2021,Final,E001,RV College of Engineering,Computer Science,CAT1,378,SAMPLE_DATA_NOT_REAL,99
2022,1,E001,RV College of Engineering,Computer Science,CAT1,267,SAMPLE_DATA_NOT_REAL,0
2022,2,E001,RV College of Engineering,Computer Science,CAT1,300,SAMPLE_DATA_NOT_REAL,1
2022,Final,E001,RV College of Engineering,Computer Science,CAT1,377,SAMPLE_DATA_NOT_REAL,99
2023,1,E001,RV College of Engineering,Computer Science,CAT1,282,SAMPLE_DATA_NOT_REAL,0
2023,2,E001,RV College of Engineering,Computer Science,CAT1,331,SAMPLE_DATA_NOT_REAL,1
2023,Final,E001,RV College of Engineering,Computer Science,CAT1,369,SAMPLE_DATA_NOT_REAL,99
2024,1,E001,RV College of Engineering,Computer Science,CAT1,270,SAMPLE_DATA_NOT_REAL,0
2024,2,E001,RV College of Engineering,Computer Science,CAT1,301,SAMPLE_DATA_NOT_REAL,1
2024,Final,E001,RV College of Engineering,Computer Science,CAT1,378,SAMPLE_DATA_NOT_REAL,99
2025,1,E001,RV College of Engineering,Computer Science,CAT1,269,SAMPLE_DATA_NOT_REAL,0
2025,2,E001,RV College of Engineering,Computer Science,CAT1,285,SAMPLE_DATA_NOT_REAL,1
2025,Final,E001,RV College of Engineering,Computer Science,CAT1,336,SAMPLE_DATA_NOT_REAL,99
2021,1,E001,RV College of Engineering,Computer Science,GM,225,SAMPLE_DATA_NOT_REAL,0
2021,2,E001,RV College of Engineering,Computer Science,GM,266,SAMPLE_DATA_NOT_REAL,1
2021,Final,E001,RV College of Engineering,Computer Science,GM,295,SAMPLE_DATA_NOT_REAL,99
2022,1,E001,RV College of Engineering,Computer Science,GM,215,SAMPLE_DATA_NOT_REAL,0
2022,2,E001,RV College of Engineering,Computer Science,GM,232,SAMPLE_DATA_NOT_REAL,1
2022,Final,E001,RV College of Engineering,Computer Science,GM,273,SAMPLE_DATA_NOT_REAL,99
2023,1,E001,RV College of Engineering,Computer Science,GM,225,SAMPLE_DATA_NOT_REAL,0
2023,2,E001,RV College of Engineering,Computer Science,GM,253,SAMPLE_DATA_NOT_REAL,1
2023,Final,E001,RV College of Engineering,Computer Science,GM,275,SAMPLE_DATA_NOT_REAL,99
2024,1,E001,RV College of Engineering,Computer Science,GM,208,SAMPLE_DATA_NOT_REAL,0
2024,2,E001,RV College of Engineering,Computer Science,GM,245,SAMPLE_DATA_NOT_REAL,1
2024,Final,E001,RV College of Engineering,Computer Science,GM,283,SAMPLE_DATA_NOT_REAL,99
2025,1,E001,RV College of Engineering,Computer Science,GM,193,SAMPLE_DATA_NOT_REAL,0
2025,2,E001,RV College of Engineering,Computer Science,GM,231,SAMPLE_DATA_NOT_REAL,1
2025,Final,E001,RV College of Engineering,Computer Science,GM,286,SAMPLE_DATA_NOT_REAL,99
2021,1,E001,RV College of Engineering,Computer Science,SC,701,SAMPLE_DATA_NOT_REAL,0
2021,2,E001,RV College of Engineering,Computer Science,SC,815,SAMPLE_DATA_NOT_REAL,1
2021,Final,E001,RV College of Engineering,Computer Science,SC,881,SAMPLE_DATA_NOT_REAL,99
2022,1,E001,RV College of Engineering,Computer Science,SC,641,SAMPLE_DATA_NOT_REAL,0
2022,2,E001,RV College of Engineering,Computer Science,SC,741,SAMPLE_DATA_NOT_REAL,1
2022,Final,E001,RV College of Engineering,Computer Science,SC,924,SAMPLE_DATA_NOT_REAL,99
2023,1,E001,RV College of Engineering,Computer Science,SC,665,SAMPLE_DATA_NOT_REAL,0
2023,2,E001,RV College of Engineering,Computer Science,SC,687,SAMPLE_DATA_NOT_REAL,1
2023,Final,E001,RV College of Engineering,Computer Science,SC,905,SAMPLE_DATA_NOT_REAL,99
2024,1,E001,RV College of Engineering,Computer Science,SC,576,SAMPLE_DATA_NOT_REAL,0
2024,2,E001,RV College of Engineering,Computer Science,SC,762,SAMPLE_DATA_NOT_REAL,1
2024,Final,E001,RV College of Engineering,Computer Science,SC,780,SAMPLE_DATA_NOT_REAL,99
2025,1,E001,RV College of Engineering,Computer Science,SC,650,SAMPLE_DATA_NOT_REAL,0
2025,2,E001,RV College of Engineering,Computer Science,SC,658,SAMPLE_DATA_NOT_REAL,1
2025,Final,E001,RV College of Engineering,Computer Science,SC,823,SAMPLE_DATA_NOT_REAL,99
2021,1,E001,RV College of Engineering,Computer Science,ST,822,SAMPLE_DATA_NOT_REAL,0
2021,2,E001,RV College of Engineering,Computer Science,ST,995,SAMPLE_DATA_NOT_REAL,1
2021,Final,E001,RV College of Engineering,Computer Science,ST,1219,SAMPLE_DATA_NOT_REAL,99
2022,1,E001,RV College of Engineering,Computer Science,ST,860,SAMPLE_DATA_NOT_REAL,0
2022,2,E001,RV College of Engineering,Computer Science,ST,920,SAMPLE_DATA_NOT_REAL,1
2022,Final,E001,RV College of Engineering,Computer Science,ST,1117,SAMPLE_DATA_NOT_REAL,99
2023,1,E001,RV College of Engineering,Computer Science,ST,859,SAMPLE_DATA_NOT_REAL,0
2023,2,E001,RV College of Engineering,Computer Science,ST,955,SAMPLE_DATA_NOT_REAL,1
2023,Final,E001,RV College of Engineering,Computer Science,ST,1109,SAMPLE_DATA_NOT_REAL,99
2024,1,E001,RV College of Engineering,Computer Science,ST,894,SAMPLE_DATA_NOT_REAL,0
2024,2,E001,RV College of Engineering,Computer Science,ST,1007,SAMPLE_DATA_NOT_REAL,1
2024,Final,E001,RV College of Engineering,Computer Science,ST,1200,SAMPLE_DATA_NOT_REAL,99
2025,1,E001,RV College of Engineering,Computer Science,ST,831,SAMPLE_DATA_NOT_REAL,0
2025,2,E001,RV College of Engineering,Computer Science,ST,965,SAMPLE_DATA_NOT_REAL,1
2025,Final,E001,RV College of Engineering,Computer Science,ST,1142,SAMPLE_DATA_NOT_REAL,99
2021,1,E001,RV College of Engineering,Electrical & Electronics,1G,5642,SAMPLE_DATA_NOT_REAL,0
2021,2,E001,RV College of Engineering,Electrical & Electronics,1G,6892,SAMPLE_DATA_NOT_REAL,1
2021,Final,E001,RV College of Engineering,Electrical & Electronics,1G,8695,SAMPLE_DATA_NOT_REAL,99
2022,1,E001,RV College of Engineering,Electrical & Electronics,1G,5929,SAMPLE_DATA_NOT_REAL,0
2022,2,E001,RV College of Engineering,Electrical & Electronics,1G,7123,SAMPLE_DATA_NOT_REAL,1
2022,Final,E001,RV College of Engineering,Electrical & Electronics,1G,8136,SAMPLE_DATA_NOT_REAL,99
2023,1,E001,RV College of Engineering,Electrical & Electronics,1G,5371,SAMPLE_DATA_NOT_REAL,0
2023,2,E001,RV College of Engineering,Electrical & Electronics,1G,5977,SAMPLE_DATA_NOT_REAL,1
2023,Final,E001,RV College of Engineering,Electrical & Electronics,1G,7571,SAMPLE_DATA_NOT_REAL,99
2024,1,E001,RV College of Engineering,Electrical & Electronics,1G,5003,SAMPLE_DATA_NOT_REAL,0
2024,2,E001,RV College of Engineering,Electrical & Electronics,1G,6521,SAMPLE_DATA_NOT_REAL,1
2024,Final,E001,RV College of Engineering,Electrical & Electronics,1G,7346,SAMPLE_DATA_NOT_REAL,99
2025,1,E001,RV College of Engineering,Electrical & Electronics,1G,5012,SAMPLE_DATA_NOT_REAL,0
2025,2,E001,RV College of Engineering,Electrical & Electronics,1G,6094,SAMPLE_DATA_NOT_REAL,1
2025,Final,E001,RV College of Engineering,Electrical & Electronics,1G,7054,SAMPLE_DATA_NOT_REAL,99
2021,1,E001,RV College of Engineering,Electrical & Electronics,2A,7398,SAMPLE_DATA_NOT_REAL,0
2021,2,E001,RV College of Engineering,Electrical & Electronics,2A,8977,SAMPLE_DATA_NOT_REAL,1
2021,Final,E001,RV College of Engineering,Electrical & Electronics,2A,10901,SAMPLE_DATA_NOT_REAL,99
2022,1,E001,RV College of Engineering,Electrical & Electronics,2A,7329,SAMPLE_DATA_NOT_REAL,0
2022,2,E001,RV College of Engineering,Electrical & Electronics,2A,8376,SAMPLE_DATA_NOT_REAL,1
2022,Final,E001,RV College of Engineering,Electrical & Electronics,2A,9536,SAMPLE_DATA_NOT_REAL,99
2023,1,E001,RV College of Engineering,Electrical & Electronics,2A,7466,SAMPLE_DATA_NOT_REAL,0
2023,2,E001,RV College of Engineering,Electrical & Electronics,2A,8423,SAMPLE_DATA_NOT_REAL,1
2023,Final,E001,RV College of Engineering,Electrical & Electronics,2A,9383,SAMPLE_DATA_NOT_REAL,99
2024,1,E001,RV College of Engineering,Electrical & Electronics,2A,6732,SAMPLE_DATA_NOT_REAL,0
2024,2,E001,RV College of Engineering,Electrical & Electronics,2A,8049,SAMPLE_DATA_NOT_REAL,1
2024,Final,E001,RV College of Engineering,Electrical & Electronics,2A,9127,SAMPLE_DATA_NOT_REAL,99
2025,1,E001,RV College of Engineering,Electrical & Electronics,2A,6707,SAMPLE_DATA_NOT_REAL,0
2025,2,E001,RV College of Engineering,Electrical & Electronics,2A,7619,SAMPLE_DATA_NOT_REAL,1
2025,Final,E001,RV College of Engineering,Electrical & Electronics,2A,8940,SAMPLE_DATA_NOT_REAL,99
2021,1,E001,RV College of Engineering,Electrical & Electronics,2B,8957,SAMPLE_DATA_NOT_REAL,0
2021,2,E001,RV College of Engineering,Electrical & Electronics,2B,9886,SAMPLE_DATA_NOT_REAL,1
2021,Final,E001,RV College of Engineering,Electrical & Electronics,2B,11394,SAMPLE_DATA_NOT_REAL,99
2022,1,E001,RV College of Engineering,Electrical & Electronics,2B,8465,SAMPLE_DATA_NOT_REAL,0
2022,2,E001,RV College of Engineering,Electrical & Electronics,2B,9956,SAMPLE_DATA_NOT_REAL,1
2022,Final,E001,RV College of Engineering,Electrical & Electronics,2B,10464,SAMPLE_DATA_NOT_REAL,99
2023,1,E001,RV College of Engineering,Electrical & Electronics,2B,8041,SAMPLE_DATA_NOT_REAL,0
2023,2,E001,RV College of Engineering,Electrical & Electronics,2B,9272,SAMPLE_DATA_NOT_REAL,1
2023,Final,E001,RV College of Engineering,Electrical & Electronics,2B,10319,SAMPLE_DATA_NOT_REAL,99
2024,1,E001,RV College of Engineering,Electrical & Electronics,2B,7586,SAMPLE_DATA_NOT_REAL,0
2024,2,E001,RV College of Engineering,Electrical & Electronics,2B,8567,SAMPLE_DATA_NOT_REAL,1
2024,Final,E001,RV College of Engineering,Electrical & Electronics,2B,10796,SAMPLE_DATA_NOT_REAL,99
2025,1,E001,RV College of Engineering,Electrical & Electronics,2B,7396,SAMPLE_DATA_NOT_REAL,0
2025,2,E001,RV College of Engineering,Electrical & Electronics,2B,8921,SAMPLE_DATA_NOT_REAL,1
2025,Final,E001,RV College of Engineering,Electrical & Electronics,2B,10225,SAMPLE_DATA_NOT_REAL,99
2021,1,E001,RV College of Engineering,Electrical & Electronics,3A,9113,SAMPLE_DATA_NOT_REAL,0
2021,2,E001,RV College of Engineering,Electrical & Electronics,3A,9904,SAMPLE_DATA_NOT_REAL,1
2021,Final,E001,RV College of Engineering,Electrical & Electronics,3A,11931,SAMPLE_DATA_NOT_REAL,99
2022,1,E001,RV College of Engineering,Electrical & Electronics,3A,9438,SAMPLE_DATA_NOT_REAL,0
2022,2,E001,RV College of Engineering,Electrical & Electronics,3A,10547,SAMPLE_DATA_NOT_REAL,1
2022,Final,E001,RV College of Engineering,Electrical & Electronics,3A,11898,SAMPLE_DATA_NOT_REAL,99
2023,1,E001,RV College of Engineering,Electrical & Electronics,3A,9087,SAMPLE_DATA_NOT_REAL,0
2023,2,E001,RV College of Engineering,Electrical & Electronics,3A,9605,SAMPLE_DATA_NOT_REAL,1
2023,Final,E001,RV College of Engineering,Electrical & Electronics,3A,12028,SAMPLE_DATA_NOT_REAL,99
2024,1,E001,RV College of Engineering,Electrical & Electronics,3A,8272,SAMPLE_DATA_NOT_REAL,0
2024,2,E001,RV College of Engineering,Electrical & Electronics,3A,9427,SAMPLE_DATA_NOT_REAL,1
2024,Final,E001,RV College of Engineering,Electrical & Electronics,3A,10448,SAMPLE_DATA_NOT_REAL,99
2025,1,E001,RV College of Engineering,Electrical & Electronics,3A,7291,SAMPLE_DATA_NOT_REAL,0
2025,2,E001,RV College of Engineering,Electrical & Electronics,3A,9105,SAMPLE_DATA_NOT_REAL,1
2025,Final,E001,RV College of Engineering,Electrical & Electronics,3A,11307,SAMPLE_DATA_NOT_REAL,99
2021,1,E001,RV College of Engineering,Electrical & Electronics,3B,9657,SAMPLE_DATA_NOT_REAL,0
2021,2,E001,RV College of Engineering,Electrical & Electronics,3B,11978,SAMPLE_DATA_NOT_REAL,1
2021,Final,E001,RV College of Engineering,Electrical & Electronics,3B,13746,SAMPLE_DATA_NOT_REAL,99
2022,1,E001,RV College of Engineering,Electrical & Electronics,3B,9363,SAMPLE_DATA_NOT_REAL,0
2022,2,E001,RV College of Engineering,Electrical & Electronics,3B,10166,SAMPLE_DATA_NOT_REAL,1
2022,Final,E001,RV College of Engineering,Electrical & Electronics,3B,12235,SAMPLE_DATA_NOT_REAL,99
2023,1,E001,RV College of Engineering,Electrical & Electronics,3B,9211,SAMPLE_DATA_NOT_REAL,0
2023,2,E001,RV College of Engineering,Electrical & Electronics,3B,9831,SAMPLE_DATA_NOT_REAL,1
2023,Final,E001,RV College of Engineering,Electrical & Electronics,3B,12054,SAMPLE_DATA_NOT_REAL,99
2024,1,E001,RV College of Engineering,Electrical & Electronics,3B,8564,SAMPLE_DATA_NOT_REAL,0
2024,2,E001,RV College of Engineering,Electrical & Electronics,3B,10735,SAMPLE_DATA_NOT_REAL,1
2024,Final,E001,RV College of Engineering,Electrical & Electronics,3B,11803,SAMPLE_DATA_NOT_REAL,99
2025,1,E001,RV College of Engineering,Electrical & Electronics,3B,7885,SAMPLE_DATA_NOT_REAL,0
2025,2,E001,RV College of Engineering,Electrical & Electronics,3B,9573,SAMPLE_DATA_NOT_REAL,1
2025,Final,E001,RV College of Engineering,Electrical & Electronics,3B,12177,SAMPLE_DATA_NOT_REAL,99
2021,1,E001,RV College of Engineering,Electrical & Electronics,CAT1,7620,SAMPLE_DATA_NOT_REAL,0
2021,2,E001,RV College of Engineering,Electrical & Electronics,CAT1,8581,SAMPLE_DATA_NOT_REAL,1
2021,Final,E001,RV College of Engineering,Electrical & Electronics,CAT1,8856,SAMPLE_DATA_NOT_REAL,99
2022,1,E001,RV College of Engineering,Electrical & Electronics,CAT1,7126,SAMPLE_DATA_NOT_REAL,0
2022,2,E001,RV College of Engineering,Electrical & Electronics,CAT1,8132,SAMPLE_DATA_NOT_REAL,1
2022,Final,E001,RV College of Engineering,Electrical & Electronics,CAT1,9788,SAMPLE_DATA_NOT_REAL,99
2023,1,E001,RV College of Engineering,Electrical & Electronics,CAT1,6973,SAMPLE_DATA_NOT_REAL,0
2023,2,E001,RV College of Engineering,Electrical & Electronics,CAT1,7693,SAMPLE_DATA_NOT_REAL,1
2023,Final,E001,RV College of Engineering,Electrical & Electronics,CAT1,8752,SAMPLE_DATA_NOT_REAL,99
2024,1,E001,RV College of Engineering,Electrical & Electronics,CAT1,6755,SAMPLE_DATA_NOT_REAL,0
2024,2,E001,RV College of Engineering,Electrical & Electronics,CAT1,6988,SAMPLE_DATA_NOT_REAL,1
2024,Final,E001,RV College of Engineering,Electrical & Electronics,CAT1,8048,SAMPLE_DATA_NOT_REAL,99
2025,1,E001,RV College of Engineering,Electrical & Electronics,CAT1,6231,SAMPLE_DATA_NOT_REAL,0
2025,2,E001,RV College of Engineering,Electrical & Electronics,CAT1,7365,SAMPLE_DATA_NOT_REAL,1
2025,Final,E001,RV College of Engineering,Electrical & Electronics,CAT1,8212,SAMPLE_DATA_NOT_REAL,99
2021,1,E001,RV College of Engineering,Electrical & Electronics,GM,5245,SAMPLE_DATA_NOT_REAL,0
2021,2,E001,RV College of Engineering,Electrical & Electronics,GM,6043,SAMPLE_DATA_NOT_REAL,1
2021,Final,E001,RV College of Engineering,Electrical & Electronics,GM,6836,SAMPLE_DATA_NOT_REAL,99
2022,1,E001,RV College of Engineering,Electrical & Electronics,GM,5582,SAMPLE_DATA_NOT_REAL,0
2022,2,E001,RV College of Engineering,Electrical & Electronics,GM,5909,SAMPLE_DATA_NOT_REAL,1
2022,Final,E001,RV College of Engineering,Electrical & Electronics,GM,7556,SAMPLE_DATA_NOT_REAL,99
2023,1,E001,RV College of Engineering,Electrical & Electronics,GM,4856,SAMPLE_DATA_NOT_REAL,0
2023,2,E001,RV College of Engineering,Electrical & Electronics,GM,5405,SAMPLE_DATA_NOT_REAL,1
2023,Final,E001,RV College of Engineering,Electrical & Electronics,GM,6720,SAMPLE_DATA_NOT_REAL,99
2024,1,E001,RV College of Engineering,Electrical & Electronics,GM,4555,SAMPLE_DATA_NOT_REAL,0
2024,2,E001,RV College of Engineering,Electrical & Electronics,GM,5991,SAMPLE_DATA_NOT_REAL,1
2024,Final,E001,RV College of Engineering,Electrical & Electronics,GM,6930,SAMPLE_DATA_NOT_REAL,99
2025,1,E001,RV College of Engineering,Electrical & Electronics,GM,4957,SAMPLE_DATA_NOT_REAL,0
2025,2,E001,RV College of Engineering,Electrical & Electronics,GM,5330,SAMPLE_DATA_NOT_REAL,1
2025,Final,E001,RV College of Engineering,Electrical & Electronics,GM,6112,SAMPLE_DATA_NOT_REAL,99
2021,1,E001,RV College of Engineering,Electrical & Electronics,SC,15673,SAMPLE_DATA_NOT_REAL,0
2021,2,E001,RV College of Engineering,Electrical & Electronics,SC,17940,SAMPLE_DATA_NOT_REAL,1
2021,Final,E001,RV College of Engineering,Electrical & Electronics,SC,21512,SAMPLE_DATA_NOT_REAL,99
2022,1,E001,RV College of Engineering,Electrical & Electronics,SC,16745,SAMPLE_DATA_NOT_REAL,0
2022,2,E001,RV College of Engineering,Electrical & Electronics,SC,18491,SAMPLE_DATA_NOT_REAL,1
2022,Final,E001,RV College of Engineering,Electrical & Electronics,SC,20779,SAMPLE_DATA_NOT_REAL,99
2023,1,E001,RV College of Engineering,Electrical & Electronics,SC,16225,SAMPLE_DATA_NOT_REAL,0
2023,2,E001,RV College of Engineering,Electrical & Electronics,SC,17854,SAMPLE_DATA_NOT_REAL,1
2023,Final,E001,RV College of Engineering,Electrical & Electronics,SC,20052,SAMPLE_DATA_NOT_REAL,99
2024,1,E001,RV College of Engineering,Electrical & Electronics,SC,15220,SAMPLE_DATA_NOT_REAL,0
2024,2,E001,RV College of Engineering,Electrical & Electronics,SC,17095,SAMPLE_DATA_NOT_REAL,1
2024,Final,E001,RV College of Engineering,Electrical & Electronics,SC,19869,SAMPLE_DATA_NOT_REAL,99
2025,1,E001,RV College of Engineering,Electrical & Electronics,SC,13566,SAMPLE_DATA_NOT_REAL,0
2025,2,E001,RV College of Engineering,Electrical & Electronics,SC,15926,SAMPLE_DATA_NOT_REAL,1
2025,Final,E001,RV College of Engineering,Electrical & Electronics,SC,17955,SAMPLE_DATA_NOT_REAL,99
2021,1,E001,RV College of Engineering,Electrical & Electronics,ST,21099,SAMPLE_DATA_NOT_REAL,0
2021,2,E001,RV College of Engineering,Electrical & Electronics,ST,24043,SAMPLE_DATA_NOT_REAL,1
2021,Final,E001,RV College of Engineering,Electrical & Electronics,ST,28828,SAMPLE_DATA_NOT_REAL,99
2022,1,E001,RV College of Engineering,Electrical & Electronics,ST,21805,SAMPLE_DATA_NOT_REAL,0
2022,2,E001,RV College of Engineering,Electrical & Electronics,ST,25349,SAMPLE_DATA_NOT_REAL,1
2022,Final,E001,RV College of Engineering,Electrical & Electronics,ST,29946,SAMPLE_DATA_NOT_REAL,99
2023,1,E001,RV College of Engineering,Electrical & Electronics,ST,18812,SAMPLE_DATA_NOT_REAL,0
2023,2,E001,RV College of Engineering,Electrical & Electronics,ST,21741,SAMPLE_DATA_NOT_REAL,1
2023,Final,E001,RV College of Engineering,Electrical & Electronics,ST,26233,SAMPLE_DATA_NOT_REAL,99
2024,1,E001,RV College of Engineering,Electrical & Electronics,ST,19426,SAMPLE_DATA_NOT_REAL,0
2024,2,E001,RV College of Engineering,Electrical & Electronics,ST,23806,SAMPLE_DATA_NOT_REAL,1
2024,Final,E001,RV College of Engineering,Electrical & Electronics,ST,27622,SAMPLE_DATA_NOT_REAL,99
2025,1,E001,RV College of Engineering,Electrical & Electronics,ST,19189,SAMPLE_DATA_NOT_REAL,0
2025,2,E001,RV College of Engineering,Electrical & Electronics,ST,21232,SAMPLE_DATA_NOT_REAL,1
2025,Final,E001,RV College of Engineering,Electrical & Electronics,ST,24690,SAMPLE_DATA_NOT_REAL,99
2021,1,E001,RV College of Engineering,Electronics & Comm.,1G,4969,SAMPLE_DATA_NOT_REAL,0
2021,2,E001,RV College of Engineering,Electronics & Comm.,1G,6053,SAMPLE_DATA_NOT_REAL,1
2021,Final,E001,RV College of Engineering,Electronics & Comm.,1G,7356,SAMPLE_DATA_NOT_REAL,99
2022,1,E001,RV College of Engineering,Electronics & Comm.,1G,5152,SAMPLE_DATA_NOT_REAL,0
2022,2,E001,RV College of Engineering,Electronics & Comm.,1G,5860,SAMPLE_DATA_NOT_REAL,1
2022,Final,E001,RV College of Engineering,Electronics & Comm.,1G,7239,SAMPLE_DATA_NOT_REAL,99
2023,1,E001,RV College of Engineering,Electronics & Comm.,1G,4726,SAMPLE_DATA_NOT_REAL,0
2023,2,E001,RV College of Engineering,Electronics & Comm.,1G,5769,SAMPLE_DATA_NOT_REAL,1
2023,Final,E001,RV College of Engineering,Electronics & Comm.,1G,6782,SAMPLE_DATA_NOT_REAL,99
2024,1,E001,RV College of Engineering,Electronics & Comm.,1G,4744,SAMPLE_DATA_NOT_REAL,0
2024,2,E001,RV College of Engineering,Electronics & Comm.,1G,5657,SAMPLE_DATA_NOT_REAL,1
2024,Final,E001,RV College of Engineering,Electronics & Comm.,1G,6500,SAMPLE_DATA_NOT_REAL,99
2025,1,E001,RV College of Engineering,Electronics & Comm.,1G,4911,SAMPLE_DATA_NOT_REAL,0
2025,2,E001,RV College of Engineering,Electronics & Comm.,1G,5193,SAMPLE_DATA_NOT_REAL,1
2025,Final,E001,RV College of Engineering,Electronics & Comm.,1G,6002,SAMPLE_DATA_NOT_REAL,99
2021,1,E001,RV College of Engineering,Electronics & Comm.,2A,7203,SAMPLE_DATA_NOT_REAL,0
2021,2,E001,RV College of Engineering,Electronics & Comm.,2A,7807,SAMPLE_DATA_NOT_REAL,1
2021,Final,E001,RV College of Engineering,Electronics & Comm.,2A,9018,SAMPLE_DATA_NOT_REAL,99
2022,1,E001,RV College of Engineering,Electronics & Comm.,2A,6347,SAMPLE_DATA_NOT_REAL,0
2022,2,E001,RV College of Engineering,Electronics & Comm.,2A,7068,SAMPLE_DATA_NOT_REAL,1
2022,Final,E001,RV College of Engineering,Electronics & Comm.,2A,8574,SAMPLE_DATA_NOT_REAL,99
2023,1,E001,RV College of Engineering,Electronics & Comm.,2A,6558,SAMPLE_DATA_NOT_REAL,0
2023,2,E001,RV College of Engineering,Electronics & Comm.,2A,6839,SAMPLE_DATA_NOT_REAL,1
2023,Final,E001,RV College of Engineering,Electronics & Comm.,2A,8576,SAMPLE_DATA_NOT_REAL,99
2024,1,E001,RV College of Engineering,Electronics & Comm.,2A,6000,SAMPLE_DATA_NOT_REAL,0
2024,2,E001,RV College of Engineering,Electronics & Comm.,2A,6629,SAMPLE_DATA_NOT_REAL,1
2024,Final,E001,RV College of Engineering,Electronics & Comm.,2A,7601,SAMPLE_DATA_NOT_REAL,99
2025,1,E001,RV College of Engineering,Electronics & Comm.,2A,5475,SAMPLE_DATA_NOT_REAL,0
2025,2,E001,RV College of Engineering,Electronics & Comm.,2A,6300,SAMPLE_DATA_NOT_REAL,1
2025,Final,E001,RV College of Engineering,Electronics & Comm.,2A,7481,SAMPLE_DATA_NOT_REAL,99
2021,1,E001,RV College of Engineering,Electronics & Comm.,2B,8097,SAMPLE_DATA_NOT_REAL,0
2021,2,E001,RV College of Engineering,Electronics & Comm.,2B,8838,SAMPLE_DATA_NOT_REAL,1
2021,Final,E001,RV College of Engineering,Electronics & Comm.,2B,9954,SAMPLE_DATA_NOT_REAL,99
2022,1,E001,RV College of Engineering,Electronics & Comm.,2B,7230,SAMPLE_DATA_NOT_REAL,0
2022,2,E001,RV College of Engineering,Electronics & Comm.,2B,8196,SAMPLE_DATA_NOT_REAL,1
2022,Final,E001,RV College of Engineering,Electronics & Comm.,2B,9484,SAMPLE_DATA_NOT_REAL,99
2023,1,E001,RV College of Engineering,Electronics & Comm.,2B,6911,SAMPLE_DATA_NOT_REAL,0
2023,2,E001,RV College of Engineering,Electronics & Comm.,2B,7659,SAMPLE_DATA_NOT_REAL,1
2023,Final,E001,RV College of Engineering,Electronics & Comm.,2B,9982,SAMPLE_DATA_NOT_REAL,99
2024,1,E001,RV College of Engineering,Electronics & Comm.,2B,7069,SAMPLE_DATA_NOT_REAL,0
2024,2,E001,RV College of Engineering,Electronics & Comm.,2B,8046,SAMPLE_DATA_NOT_REAL,1
2024,Final,E001,RV College of Engineering,Electronics & Comm.,2B,9863,SAMPLE_DATA_NOT_REAL,99
2025,1,E001,RV College of Engineering,Electronics & Comm.,2B,6899,SAMPLE_DATA_NOT_REAL,0
2025,2,E001,RV College of Engineering,Electronics & Comm.,2B,7754,SAMPLE_DATA_NOT_REAL,1
2025,Final,E001,RV College of Engineering,Electronics & Comm.,2B,9388,SAMPLE_DATA_NOT_REAL,99
2021,1,E001,RV College of Engineering,Electronics & Comm.,3A,8125,SAMPLE_DATA_NOT_REAL,0
2021,2,E001,RV College of Engineering,Electronics & Comm.,3A,9598,SAMPLE_DATA_NOT_REAL,1
2021,Final,E001,RV College of Engineering,Electronics & Comm.,3A,10993,SAMPLE_DATA_NOT_REAL,99
2022,1,E001,RV College of Engineering,Electronics & Comm.,3A,7489,SAMPLE_DATA_NOT_REAL,0
2022,2,E001,RV College of Engineering,Electronics & Comm.,3A,8823,SAMPLE_DATA_NOT_REAL,1
2022,Final,E001,RV College of Engineering,Electronics & Comm.,3A,10587,SAMPLE_DATA_NOT_REAL,99
2023,1,E001,RV College of Engineering,Electronics & Comm.,3A,7727,SAMPLE_DATA_NOT_REAL,0
2023,2,E001,RV College of Engineering,Electronics & Comm.,3A,8974,SAMPLE_DATA_NOT_REAL,1
2023,Final,E001,RV College of Engineering,Electronics & Comm.,3A,10058,SAMPLE_DATA_NOT_REAL,99
2024,1,E001,RV College of Engineering,Electronics & Comm.,3A,6852,SAMPLE_DATA_NOT_REAL,0
2024,2,E001,RV College of Engineering,Electronics & Comm.,3A,8719,SAMPLE_DATA_NOT_REAL,1
2024,Final,E001,RV College of Engineering,Electronics & Comm.,3A,10493,SAMPLE_DATA_NOT_REAL,99
2025,1,E001,RV College of Engineering,Electronics & Comm.,3A,7009,SAMPLE_DATA_NOT_REAL,0
2025,2,E001,RV College of Engineering,Electronics & Comm.,3A,7546,SAMPLE_DATA_NOT_REAL,1
2025,Final,E001,RV College of Engineering,Electronics & Comm.,3A,9864,SAMPLE_DATA_NOT_REAL,99
2021,1,E001,RV College of Engineering,Electronics & Comm.,3B,8342,SAMPLE_DATA_NOT_REAL,0
2021,2,E001,RV College of Engineering,Electronics & Comm.,3B,9895,SAMPLE_DATA_NOT_REAL,1
2021,Final,E001,RV College of Engineering,Electronics & Comm.,3B,12234,SAMPLE_DATA_NOT_REAL,99
2022,1,E001,RV College of Engineering,Electronics & Comm.,3B,8191,SAMPLE_DATA_NOT_REAL,0
2022,2,E001,RV College of Engineering,Electronics & Comm.,3B,10269,SAMPLE_DATA_NOT_REAL,1
2022,Final,E001,RV College of Engineering,Electronics & Comm.,3B,11446,SAMPLE_DATA_NOT_REAL,99
2023,1,E001,RV College of Engineering,Electronics & Comm.,3B,8508,SAMPLE_DATA_NOT_REAL,0
2023,2,E001,RV College of Engineering,Electronics & Comm.,3B,9413,SAMPLE_DATA_NOT_REAL,1
2023,Final,E001,RV College of Engineering,Electronics & Comm.,3B,10716,SAMPLE_DATA_NOT_REAL,99
2024,1,E001,RV College of Engineering,Electronics & Comm.,3B,7833,SAMPLE_DATA_NOT_REAL,0
2024,2,E001,RV College of Engineering,Electronics & Comm.,3B,9460,SAMPLE_DATA_NOT_REAL,1
2024,Final,E001,RV College of Engineering,Electronics & Comm.,3B,10214,SAMPLE_DATA_NOT_REAL,99
2025,1,E001,RV College of Engineering,Electronics & Comm.,3B,8003,SAMPLE_DATA_NOT_REAL,0
2025,2,E001,RV College of Engineering,Electronics & Comm.,3B,8145,SAMPLE_DATA_NOT_REAL,1
2025,Final,E001,RV College of Engineering,Electronics & Comm.,3B,9653,SAMPLE_DATA_NOT_REAL,99
2021,1,E001,RV College of Engineering,Electronics & Comm.,CAT1,5961,SAMPLE_DATA_NOT_REAL,0
2021,2,E001,RV College of Engineering,Electronics & Comm.,CAT1,6870,SAMPLE_DATA_NOT_REAL,1
2021,Final,E001,RV College of Engineering,Electronics & Comm.,CAT1,8913,SAMPLE_DATA_NOT_REAL,99
2022,1,E001,RV College of Engineering,Electronics & Comm.,CAT1,5875,SAMPLE_DATA_NOT_REAL,0
2022,2,E001,RV College of Engineering,Electronics & Comm.,CAT1,6850,SAMPLE_DATA_NOT_REAL,1
2022,Final,E001,RV College of Engineering,Electronics & Comm.,CAT1,8666,SAMPLE_DATA_NOT_REAL,99
2023,1,E001,RV College of Engineering,Electronics & Comm.,CAT1,5883,SAMPLE_DATA_NOT_REAL,0
2023,2,E001,RV College of Engineering,Electronics & Comm.,CAT1,7027,SAMPLE_DATA_NOT_REAL,1
2023,Final,E001,RV College of Engineering,Electronics & Comm.,CAT1,7860,SAMPLE_DATA_NOT_REAL,99
2024,1,E001,RV College of Engineering,Electronics & Comm.,CAT1,5598,SAMPLE_DATA_NOT_REAL,0
2024,2,E001,RV College of Engineering,Electronics & Comm.,CAT1,6077,SAMPLE_DATA_NOT_REAL,1
2024,Final,E001,RV College of Engineering,Electronics & Comm.,CAT1,7039,SAMPLE_DATA_NOT_REAL,99
2025,1,E001,RV College of Engineering,Electronics & Comm.,CAT1,5085,SAMPLE_DATA_NOT_REAL,0
2025,2,E001,RV College of Engineering,Electronics & Comm.,CAT1,6032,SAMPLE_DATA_NOT_REAL,1
2025,Final,E001,RV College of Engineering,Electronics & Comm.,CAT1,7165,SAMPLE_DATA_NOT_REAL,99
2021,1,E001,RV College of Engineering,Electronics & Comm.,GM,5148,SAMPLE_DATA_NOT_REAL,0
2021,2,E001,RV College of Engineering,Electronics & Comm.,GM,5896,SAMPLE_DATA_NOT_REAL,1
2021,Final,E001,RV College of Engineering,Electronics & Comm.,GM,6713,SAMPLE_DATA_NOT_REAL,99
2022,1,E001,RV College of Engineering,Electronics & Comm.,GM,4573,SAMPLE_DATA_NOT_REAL,0
2022,2,E001,RV College of Engineering,Electronics & Comm.,GM,5599,SAMPLE_DATA_NOT_REAL,1
2022,Final,E001,RV College of Engineering,Electronics & Comm.,GM,6272,SAMPLE_DATA_NOT_REAL,99
2023,1,E001,RV College of Engineering,Electronics & Comm.,GM,4573,SAMPLE_DATA_NOT_REAL,0
2023,2,E001,RV College of Engineering,Electronics & Comm.,GM,5243,SAMPLE_DATA_NOT_REAL,1
2023,Final,E001,RV College of Engineering,Electronics & Comm.,GM,6235,SAMPLE_DATA_NOT_REAL,99
2024,1,E001,RV College of Engineering,Electronics & Comm.,GM,4567,SAMPLE_DATA_NOT_REAL,0
2024,2,E001,RV College of Engineering,Electronics & Comm.,GM,4861,SAMPLE_DATA_NOT_REAL,1
2024,Final,E001,RV College of Engineering,Electronics & Comm.,GM,5748,SAMPLE_DATA_NOT_REAL,99
2025,1,E001,RV College of Engineering,Electronics & Comm.,GM,4078,SAMPLE_DATA_NOT_REAL,0
2025,2,E001,RV College of Engineering,Electronics & Comm.,GM,4869,SAMPLE_DATA_NOT_REAL,1
2025,Final,E001,RV College of Engineering,Electronics & Comm.,GM,5887,SAMPLE_DATA_NOT_REAL,99
2021,1,E001,RV College of Engineering,Electronics & Comm.,SC,15791,SAMPLE_DATA_NOT_REAL,0
2021,2,E001,RV College of Engineering,Electronics & Comm.,SC,17869,SAMPLE_DATA_NOT_REAL,1
2021,Final,E001,RV College of Engineering,Electronics & Comm.,SC,20661,SAMPLE_DATA_NOT_REAL,99
2022,1,E001,RV College of Engineering,Electronics & Comm.,SC,13865,SAMPLE_DATA_NOT_REAL,0
2022,2,E001,RV College of Engineering,Electronics & Comm.,SC,15957,SAMPLE_DATA_NOT_REAL,1
2022,Final,E001,RV College of Engineering,Electronics & Comm.,SC,20297,SAMPLE_DATA_NOT_REAL,99
2023,1,E001,RV College of Engineering,Electronics & Comm.,SC,14443,SAMPLE_DATA_NOT_REAL,0
2023,2,E001,RV College of Engineering,Electronics & Comm.,SC,16711,SAMPLE_DATA_NOT_REAL,1
2023,Final,E001,RV College of Engineering,Electronics & Comm.,SC,18424,SAMPLE_DATA_NOT_REAL,99
2024,1,E001,RV College of Engineering,Electronics & Comm.,SC,12274,SAMPLE_DATA_NOT_REAL,0
2024,2,E001,RV College of Engineering,Electronics & Comm.,SC,13803,SAMPLE_DATA_NOT_REAL,1
2024,Final,E001,RV College of Engineering,Electronics & Comm.,SC,17742,SAMPLE_DATA_NOT_REAL,99
2025,1,E001,RV College of Engineering,Electronics & Comm.,SC,12406,SAMPLE_DATA_NOT_REAL,0
2025,2,E001,RV College of Engineering,Electronics & Comm.,SC,14077,SAMPLE_DATA_NOT_REAL,1
2025,Final,E001,RV College of Engineering,Electronics & Comm.,SC,16737,SAMPLE_DATA_NOT_REAL,99
2021,1,E001,RV College of Engineering,Electronics & Comm.,ST,19107,SAMPLE_DATA_NOT_REAL,0
2021,2,E001,RV College of Engineering,Electronics & Comm.,ST,23727,SAMPLE_DATA_NOT_REAL,1
2021,Final,E001,RV College of Engineering,Electronics & Comm.,ST,28047,SAMPLE_DATA_NOT_REAL,99
2022,1,E001,RV College of Engineering,Electronics & Comm.,ST,19183,SAMPLE_DATA_NOT_REAL,0
2022,2,E001,RV College of Engineering,Electronics & Comm.,ST,23035,SAMPLE_DATA_NOT_REAL,1
2022,Final,E001,RV College of Engineering,Electronics & Comm.,ST,24123,SAMPLE_DATA_NOT_REAL,99
2023,1,E001,RV College of Engineering,Electronics & Comm.,ST,18579,SAMPLE_DATA_NOT_REAL,0
2023,2,E001,RV College of Engineering,Electronics & Comm.,ST,20144,SAMPLE_DATA_NOT_REAL,1
2023,Final,E001,RV College of Engineering,Electronics & Comm.,ST,25601,SAMPLE_DATA_NOT_REAL,99
2024,1,E001,RV College of Engineering,Electronics & Comm.,ST,18275,SAMPLE_DATA_NOT_REAL,0
2024,2,E001,RV College of Engineering,Electronics & Comm.,ST,18677,SAMPLE_DATA_NOT_REAL,1
2024,Final,E001,RV College of Engineering,Electronics & Comm.,ST,23297,SAMPLE_DATA_NOT_REAL,99
2025,1,E001,RV College of Engineering,Electronics & Comm.,ST,17127,SAMPLE_DATA_NOT_REAL,0
2025,2,E001,RV College of Engineering,Electronics & Comm.,ST,20669,SAMPLE_DATA_NOT_REAL,1
2025,Final,E001,RV College of Engineering,Electronics & Comm.,ST,22707,SAMPLE_DATA_NOT_REAL,99
2021,1,E001,RV College of Engineering,Information Science,1G,1471,SAMPLE_DATA_NOT_REAL,0
2021,2,E001,RV College of Engineering,Information Science,1G,1825,SAMPLE_DATA_NOT_REAL,1
2021,Final,E001,RV College of Engineering,Information Science,1G,2220,SAMPLE_DATA_NOT_REAL,99
2022,1,E001,RV College of Engineering,Information Science,1G,1434,SAMPLE_DATA_NOT_REAL,0
2022,2,E001,RV College of Engineering,Information Science,1G,1809,SAMPLE_DATA_NOT_REAL,1
2022,Final,E001,RV College of Engineering,Information Science,1G,1884,SAMPLE_DATA_NOT_REAL,99
2023,1,E001,RV College of Engineering,Information Science,1G,1470,SAMPLE_DATA_NOT_REAL,0
2023,2,E001,RV College of Engineering,Information Science,1G,1752,SAMPLE_DATA_NOT_REAL,1
2023,Final,E001,RV College of Engineering,Information Science,1G,1928,SAMPLE_DATA_NOT_REAL,99
2024,1,E001,RV College of Engineering,Information Science,1G,1414,SAMPLE_DATA_NOT_REAL,0
2024,2,E001,RV College of Engineering,Information Science,1G,1466,SAMPLE_DATA_NOT_REAL,1
2024,Final,E001,RV College of Engineering,Information Science,1G,1813,SAMPLE_DATA_NOT_REAL,99
2025,1,E001,RV College of Engineering,Information Science,1G,1407,SAMPLE_DATA_NOT_REAL,0
2025,2,E001,RV College of Engineering,Information Science,1G,1592,SAMPLE_DATA_NOT_REAL,1
2025,Final,E001,RV College of Engineering,Information Science,1G,1689,SAMPLE_DATA_NOT_REAL,99
2021,1,E001,RV College of Engineering,Information Science,2A,1962,SAMPLE_DATA_NOT_REAL,0
2021,2,E001,RV College of Engineering,Information Science,2A,2300,SAMPLE_DATA_NOT_REAL,1
2021,Final,E001,RV College of Engineering,Information Science,2A,2463,SAMPLE_DATA_NOT_REAL,99
2022,1,E001,RV College of Engineering,Information Science,2A,1947,SAMPLE_DATA_NOT_REAL,0
2022,2,E001,RV College of Engineering,Information Science,2A,2186,SAMPLE_DATA_NOT_REAL,1
2022,Final,E001,RV College of Engineering,Information Science,2A,2715,SAMPLE_DATA_NOT_REAL,99
2023,1,E001,RV College of Engineering,Information Science,2A,1851,SAMPLE_DATA_NOT_REAL,0
2023,2,E001,RV College of Engineering,Information Science,2A,1959,SAMPLE_DATA_NOT_REAL,1
2023,Final,E001,RV College of Engineering,Information Science,2A,2350,SAMPLE_DATA_NOT_REAL,99
2024,1,E001,RV College of Engineering,Information Science,2A,1750,SAMPLE_DATA_NOT_REAL,0
2024,2,E001,RV College of Engineering,Information Science,2A,2043,SAMPLE_DATA_NOT_REAL,1
2024,Final,E001,RV College of Engineering,Information Science,2A,2496,SAMPLE_DATA_NOT_REAL,99
2025,1,E001,RV College of Engineering,Information Science,2A,1584,SAMPLE_DATA_NOT_REAL,0
2025,2,E001,RV College of Engineering,Information Science,2A,1797,SAMPLE_DATA_NOT_REAL,1
2025,Final,E001,RV College of Engineering,Information Science,2A,2337,SAMPLE_DATA_NOT_REAL,99
2021,1,E001,RV College of Engineering,Information Science,2B,2070,SAMPLE_DATA_NOT_REAL,0
2021,2,E001,RV College of Engineering,Information Science,2B,2412,SAMPLE_DATA_NOT_REAL,1
2021,Final,E001,RV College of Engineering,Information Science,2B,3185,SAMPLE_DATA_NOT_REAL,99
2022,1,E001,RV College of Engineering,Information Science,2B,2231,SAMPLE_DATA_NOT_REAL,0
2022,2,E001,RV College of Engineering,Information Science,2B,2288,SAMPLE_DATA_NOT_REAL,1
2022,Final,E001,RV College of Engineering,Information Science,2B,3069,SAMPLE_DATA_NOT_REAL,99
2023,1,E001,RV College of Engineering,Information Science,2B,2229,SAMPLE_DATA_NOT_REAL,0
2023,2,E001,RV College of Engineering,Information Science,2B,2441,SAMPLE_DATA_NOT_REAL,1
2023,Final,E001,RV College of Engineering,Information Science,2B,2762,SAMPLE_DATA_NOT_REAL,99
2024,1,E001,RV College of Engineering,Information Science,2B,1987,SAMPLE_DATA_NOT_REAL,0
2024,2,E001,RV College of Engineering,Information Science,2B,2239,SAMPLE_DATA_NOT_REAL,1
2024,Final,E001,RV College of Engineering,Information Science,2B,2639,SAMPLE_DATA_NOT_REAL,99
2025,1,E001,RV College of Engineering,Information Science,2B,1964,SAMPLE_DATA_NOT_REAL,0
2025,2,E001,RV College of Engineering,Information Science,2B,2087,SAMPLE_DATA_NOT_REAL,1
2025,Final,E001,RV College of Engineering,Information Science,2B,2558,SAMPLE_DATA_NOT_REAL,99
2021,1,E001,RV College of Engineering,Information Science,3A,2265,SAMPLE_DATA_NOT_REAL,0
2021,2,E001,RV College of Engineering,Information Science,3A,2856,SAMPLE_DATA_NOT_REAL,1
2021,Final,E001,RV College of Engineering,Information Science,3A,3004,SAMPLE_DATA_NOT_REAL,99
2022,1,E001,RV College of Engineering,Information Science,3A,2417,SAMPLE_DATA_NOT_REAL,0
2022,2,E001,RV College of Engineering,Information Science,3A,2808,SAMPLE_DATA_NOT_REAL,1
2022,Final,E001,RV College of Engineering,Information Science,3A,3111,SAMPLE_DATA_NOT_REAL,99
2023,1,E001,RV College of Engineering,Information Science,3A,2109,SAMPLE_DATA_NOT_REAL,0
2023,2,E001,RV College of Engineering,Information Science,3A,2690,SAMPLE_DATA_NOT_REAL,1
2023,Final,E001,RV College of Engineering,Information Science,3A,3184,SAMPLE_DATA_NOT_REAL,99
2024,1,E001,RV College of Engineering,Information Science,3A,2150,SAMPLE_DATA_NOT_REAL,0
2024,2,E001,RV College of Engineering,Information Science,3A,2527,SAMPLE_DATA_NOT_REAL,1
2024,Final,E001,RV College of Engineering,Information Science,3A,2868,SAMPLE_DATA_NOT_REAL,99
2025,1,E001,RV College of Engineering,Information Science,3A,1914,SAMPLE_DATA_NOT_REAL,0
2025,2,E001,RV College of Engineering,Information Science,3A,2315,SAMPLE_DATA_NOT_REAL,1
2025,Final,E001,RV College of Engineering,Information Science,3A,2736,SAMPLE_DATA_NOT_REAL,99
2021,1,E001,RV College of Engineering,Information Science,3B,2580,SAMPLE_DATA_NOT_REAL,0
2021,2,E001,RV College of Engineering,Information Science,3B,3060,SAMPLE_DATA_NOT_REAL,1
2021,Final,E001,RV College of Engineering,Information Science,3B,3182,SAMPLE_DATA_NOT_REAL,99
2022,1,E001,RV College of Engineering,Information Science,3B,2603,SAMPLE_DATA_NOT_REAL,0
2022,2,E001,RV College of Engineering,Information Science,3B,2700,SAMPLE_DATA_NOT_REAL,1
2022,Final,E001,RV College of Engineering,Information Science,3B,3482,SAMPLE_DATA_NOT_REAL,99
2023,1,E001,RV College of Engineering,Information Science,3B,2292,SAMPLE_DATA_NOT_REAL,0
2023,2,E001,RV College of Engineering,Information Science,3B,2797,SAMPLE_DATA_NOT_REAL,1
2023,Final,E001,RV College of Engineering,Information Science,3B,3234,SAMPLE_DATA_NOT_REAL,99
2024,1,E001,RV College of Engineering,Information Science,3B,2069,SAMPLE_DATA_NOT_REAL,0
2024,2,E001,RV College of Engineering,Information Science,3B,2666,SAMPLE_DATA_NOT_REAL,1
2024,Final,E001,RV College of Engineering,Information Science,3B,3111,SAMPLE_DATA_NOT_REAL,99
2025,1,E001,RV College of Engineering,Information Science,3B,2106,SAMPLE_DATA_NOT_REAL,0
2025,2,E001,RV College of Engineering,Information Science,3B,2558,SAMPLE_DATA_NOT_REAL,1
2025,Final,E001,RV College of Engineering,Information Science,3B,3022,SAMPLE_DATA_NOT_REAL,99
2021,1,E001,RV College of Engineering,Information Science,CAT1,1846,SAMPLE_DATA_NOT_REAL,0
2021,2,E001,RV College of Engineering,Information Science,CAT1,2255,SAMPLE_DATA_NOT_REAL,1
2021,Final,E001,RV College of Engineering,Information Science,CAT1,2479,SAMPLE_DATA_NOT_REAL,99
2022,1,E001,RV College of Engineering,Information Science,CAT1,1764,SAMPLE_DATA_NOT_REAL,0
2022,2,E001,RV College of Engineering,Information Science,CAT1,2090,SAMPLE_DATA_NOT_REAL,1
2022,Final,E001,RV College of Engineering,Information Science,CAT1,2291,SAMPLE_DATA_NOT_REAL,99
2023,1,E001,RV College of Engineering,Information Science,CAT1,1733,SAMPLE_DATA_NOT_REAL,0
2023,2,E001,RV College of Engineering,Information Science,CAT1,2068,SAMPLE_DATA_NOT_REAL,1
2023,Final,E001,RV College of Engineering,Information Science,CAT1,2312,SAMPLE_DATA_NOT_REAL,99
2024,1,E001,RV College of Engineering,Information Science,CAT1,1560,SAMPLE_DATA_NOT_REAL,0
2024,2,E001,RV College of Engineering,Information Science,CAT1,1761,SAMPLE_DATA_NOT_REAL,1
2024,Final,E001,RV College of Engineering,Information Science,CAT1,2065,SAMPLE_DATA_NOT_REAL,99
2025,1,E001,RV College of Engineering,Information Science,CAT1,1444,SAMPLE_DATA_NOT_REAL,0
2025,2,E001,RV College of Engineering,Information Science,CAT1,1906,SAMPLE_DATA_NOT_REAL,1
2025,Final,E001,RV College of Engineering,Information Science,CAT1,2074,SAMPLE_DATA_NOT_REAL,99
2021,1,E001,RV College of Engineering,Information Science,GM,1295,SAMPLE_DATA_NOT_REAL,0
2021,2,E001,RV College of Engineering,Information Science,GM,1501,SAMPLE_DATA_NOT_REAL,1
2021,Final,E001,RV College of Engineering,Information Science,GM,1785,SAMPLE_DATA_NOT_REAL,99
2022,1,E001,RV College of Engineering,Information Science,GM,1367,SAMPLE_DATA_NOT_REAL,0
2022,2,E001,RV College of Engineering,Information Science,GM,1651,SAMPLE_DATA_NOT_REAL,1
2022,Final,E001,RV College of Engineering,Information Science,GM,1780,SAMPLE_DATA_NOT_REAL,99
2023,1,E001,RV College of Engineering,Information Science,GM,1328,SAMPLE_DATA_NOT_REAL,0
2023,2,E001,RV College of Engineering,Information Science,GM,1495,SAMPLE_DATA_NOT_REAL,1
2023,Final,E001,RV College of Engineering,Information Science,GM,1874,SAMPLE_DATA_NOT_REAL,99
2024,1,E001,RV College of Engineering,Information Science,GM,1218,SAMPLE_DATA_NOT_REAL,0
2024,2,E001,RV College of Engineering,Information Science,GM,1371,SAMPLE_DATA_NOT_REAL,1
2024,Final,E001,RV College of Engineering,Information Science,GM,1562,SAMPLE_DATA_NOT_REAL,99
2025,1,E001,RV College of Engineering,Information Science,GM,1266,SAMPLE_DATA_NOT_REAL,0
2025,2,E001,RV College of Engineering,Information Science,GM,1412,SAMPLE_DATA_NOT_REAL,1
2025,Final,E001,RV College of Engineering,Information Science,GM,1579,SAMPLE_DATA_NOT_REAL,99
2021,1,E001,RV College of Engineering,Information Science,SC,4230,SAMPLE_DATA_NOT_REAL,0
2021,2,E001,RV College of Engineering,Information Science,SC,4908,SAMPLE_DATA_NOT_REAL,1
2021,Final,E001,RV College of Engineering,Information Science,SC,5887,SAMPLE_DATA_NOT_REAL,99
2022,1,E001,RV College of Engineering,Information Science,SC,3794,SAMPLE_DATA_NOT_REAL,0
2022,2,E001,RV College of Engineering,Information Science,SC,4979,SAMPLE_DATA_NOT_REAL,1
2022,Final,E001,RV College of Engineering,Information Science,SC,5653,SAMPLE_DATA_NOT_REAL,99
2023,1,E001,RV College of Engineering,Information Science,SC,3802,SAMPLE_DATA_NOT_REAL,0
2023,2,E001,RV College of Engineering,Information Science,SC,4615,SAMPLE_DATA_NOT_REAL,1
2023,Final,E001,RV College of Engineering,Information Science,SC,4955,SAMPLE_DATA_NOT_REAL,99
2024,1,E001,RV College of Engineering,Information Science,SC,3592,SAMPLE_DATA_NOT_REAL,0
2024,2,E001,RV College of Engineering,Information Science,SC,4433,SAMPLE_DATA_NOT_REAL,1
2024,Final,E001,RV College of Engineering,Information Science,SC,5221,SAMPLE_DATA_NOT_REAL,99
2025,1,E001,RV College of Engineering,Information Science,SC,3527,SAMPLE_DATA_NOT_REAL,0
2025,2,E001,RV College of Engineering,Information Science,SC,4394,SAMPLE_DATA_NOT_REAL,1
2025,Final,E001,RV College of Engineering,Information Science,SC,5014,SAMPLE_DATA_NOT_REAL,99
2021,1,E001,RV College of Engineering,Information Science,ST,5350,SAMPLE_DATA_NOT_REAL,0
2021,2,E001,RV College of Engineering,Information Science,ST,6050,SAMPLE_DATA_NOT_REAL,1
2021,Final,E001,RV College of Engineering,Information Science,ST,7937,SAMPLE_DATA_NOT_REAL,99
2022,1,E001,RV College of Engineering,Information Science,ST,5265,SAMPLE_DATA_NOT_REAL,0
2022,2,E001,RV College of Engineering,Information Science,ST,6268,SAMPLE_DATA_NOT_REAL,1
2022,Final,E001,RV College of Engineering,Information Science,ST,7164,SAMPLE_DATA_NOT_REAL,99
2023,1,E001,RV College of Engineering,Information Science,ST,4777,SAMPLE_DATA_NOT_REAL,0
2023,2,E001,RV College of Engineering,Information Science,ST,5815,SAMPLE_DATA_NOT_REAL,1
2023,Final,E001,RV College of Engineering,Information Science,ST,7076,SAMPLE_DATA_NOT_REAL,99
2024,1,E001,RV College of Engineering,Information Science,ST,4874,SAMPLE_DATA_NOT_REAL,0
2024,2,E001,RV College of Engineering,Information Science,ST,5779,SAMPLE_DATA_NOT_REAL,1
2024,Final,E001,RV College of Engineering,Information Science,ST,6300,SAMPLE_DATA_NOT_REAL,99
2025,1,E001,RV College of Engineering,Information Science,ST,4574,SAMPLE_DATA_NOT_REAL,0
2025,2,E001,RV College of Engineering,Information Science,ST,5355,SAMPLE_DATA_NOT_REAL,1
2025,Final,E001,RV College of Engineering,Information Science,ST,6650,SAMPLE_DATA_NOT_REAL,99
2021,1,E001,RV College of Engineering,Mechanical,1G,4890,SAMPLE_DATA_NOT_REAL,0
2021,2,E001,RV College of Engineering,Mechanical,1G,5442,SAMPLE_DATA_NOT_REAL,1
2021,Final,E001,RV College of Engineering,Mechanical,1G,6354,SAMPLE_DATA_NOT_REAL,99
2022,1,E001,RV College of Engineering,Mechanical,1G,4205,SAMPLE_DATA_NOT_REAL,0
2022,2,E001,RV College of Engineering,Mechanical,1G,4819,SAMPLE_DATA_NOT_REAL,1
2022,Final,E001,RV College of Engineering,Mechanical,1G,6439,SAMPLE_DATA_NOT_REAL,99
2023,1,E001,RV College of Engineering,Mechanical,1G,4502,SAMPLE_DATA_NOT_REAL,0
2023,2,E001,RV College of Engineering,Mechanical,1G,4787,SAMPLE_DATA_NOT_REAL,1
2023,Final,E001,RV College of Engineering,Mechanical,1G,5542,SAMPLE_DATA_NOT_REAL,99
2024,1,E001,RV College of Engineering,Mechanical,1G,3845,SAMPLE_DATA_NOT_REAL,0
2024,2,E001,RV College of Engineering,Mechanical,1G,4501,SAMPLE_DATA_NOT_REAL,1
2024,Final,E001,RV College of Engineering,Mechanical,1G,5322,SAMPLE_DATA_NOT_REAL,99
2025,1,E001,RV College of Engineering,Mechanical,1G,3739,SAMPLE_DATA_NOT_REAL,0
2025,2,E001,RV College of Engineering,Mechanical,1G,4735,SAMPLE_DATA_NOT_REAL,1
2025,Final,E001,RV College of Engineering,Mechanical,1G,4995,SAMPLE_DATA_NOT_REAL,99
2021,1,E001,RV College of Engineering,Mechanical,2A,5993,SAMPLE_DATA_NOT_REAL,0
2021,2,E001,RV College of Engineering,Mechanical,2A,7136,SAMPLE_DATA_NOT_REAL,1
2021,Final,E001,RV College of Engineering,Mechanical,2A,7770,SAMPLE_DATA_NOT_REAL,99
2022,1,E001,RV College of Engineering,Mechanical,2A,5503,SAMPLE_DATA_NOT_REAL,0
2022,2,E001,RV College of Engineering,Mechanical,2A,7017,SAMPLE_DATA_NOT_REAL,1
2022,Final,E001,RV College of Engineering,Mechanical,2A,7113,SAMPLE_DATA_NOT_REAL,99
2023,1,E001,RV College of Engineering,Mechanical,2A,5760,SAMPLE_DATA_NOT_REAL,0
2023,2,E001,RV College of Engineering,Mechanical,2A,6161,SAMPLE_DATA_NOT_REAL,1
2023,Final,E001,RV College of Engineering,Mechanical,2A,7104,SAMPLE_DATA_NOT_REAL,99
2024,1,E001,RV College of Engineering,Mechanical,2A,5448,SAMPLE_DATA_NOT_REAL,0
2024,2,E001,RV College of Engineering,Mechanical,2A,5790,SAMPLE_DATA_NOT_REAL,1
2024,Final,E001,RV College of Engineering,Mechanical,2A,7555,SAMPLE_DATA_NOT_REAL,99
2025,1,E001,RV College of Engineering,Mechanical,2A,5297,SAMPLE_DATA_NOT_REAL,0
2025,2,E001,RV College of Engineering,Mechanical,2A,5429,SAMPLE_DATA_NOT_REAL,1
2025,Final,E001,RV College of Engineering,Mechanical,2A,7239,SAMPLE_DATA_NOT_REAL,99
2021,1,E001,RV College of Engineering,Mechanical,2B,7069,SAMPLE_DATA_NOT_REAL,0
2021,2,E001,RV College of Engineering,Mechanical,2B,8005,SAMPLE_DATA_NOT_REAL,1
2021,Final,E001,RV College of Engineering,Mechanical,2B,9209,SAMPLE_DATA_NOT_REAL,99
2022,1,E001,RV College of Engineering,Mechanical,2B,6548,SAMPLE_DATA_NOT_REAL,0
2022,2,E001,RV College of Engineering,Mechanical,2B,7705,SAMPLE_DATA_NOT_REAL,1
2022,Final,E001,RV College of Engineering,Mechanical,2B,8683,SAMPLE_DATA_NOT_REAL,99
2023,1,E001,RV College of Engineering,Mechanical,2B,5893,SAMPLE_DATA_NOT_REAL,0
2023,2,E001,RV College of Engineering,Mechanical,2B,7308,SAMPLE_DATA_NOT_REAL,1
2023,Final,E001,RV College of Engineering,Mechanical,2B,7712,SAMPLE_DATA_NOT_REAL,99
2024,1,E001,RV College of Engineering,Mechanical,2B,6379,SAMPLE_DATA_NOT_REAL,0
2024,2,E001,RV College of Engineering,Mechanical,2B,6519,SAMPLE_DATA_NOT_REAL,1
2024,Final,E001,RV College of Engineering,Mechanical,2B,8478,SAMPLE_DATA_NOT_REAL,99
2025,1,E001,RV College of Engineering,Mechanical,2B,5981,SAMPLE_DATA_NOT_REAL,0
2025,2,E001,RV College of Engineering,Mechanical,2B,6675,SAMPLE_DATA_NOT_REAL,1
2025,Final,E001,RV College of Engineering,Mechanical,2B,7119,SAMPLE_DATA_NOT_REAL,99
2021,1,E001,RV College of Engineering,Mechanical,3A,7422,SAMPLE_DATA_NOT_REAL,0
2021,2,E001,RV College of Engineering,Mechanical,3A,8148,SAMPLE_DATA_NOT_REAL,1
2021,Final,E001,RV College of Engineering,Mechanical,3A,9220,SAMPLE_DATA_NOT_REAL,99
2022,1,E001,RV College of Engineering,Mechanical,3A,6666,SAMPLE_DATA_NOT_REAL,0
2022,2,E001,RV College of Engineering,Mechanical,3A,7904,SAMPLE_DATA_NOT_REAL,1
2022,Final,E001,RV College of Engineering,Mechanical,3A,8955,SAMPLE_DATA_NOT_REAL,99
2023,1,E001,RV College of Engineering,Mechanical,3A,6173,SAMPLE_DATA_NOT_REAL,0
2023,2,E001,RV College of Engineering,Mechanical,3A,7602,SAMPLE_DATA_NOT_REAL,1
2023,Final,E001,RV College of Engineering,Mechanical,3A,9356,SAMPLE_DATA_NOT_REAL,99
2024,1,E001,RV College of Engineering,Mechanical,3A,6532,SAMPLE_DATA_NOT_REAL,0
2024,2,E001,RV College of Engineering,Mechanical,3A,6729,SAMPLE_DATA_NOT_REAL,1
2024,Final,E001,RV College of Engineering,Mechanical,3A,8513,SAMPLE_DATA_NOT_REAL,99
2025,1,E001,RV College of Engineering,Mechanical,3A,5874,SAMPLE_DATA_NOT_REAL,0
2025,2,E001,RV College of Engineering,Mechanical,3A,6487,SAMPLE_DATA_NOT_REAL,1
2025,Final,E001,RV College of Engineering,Mechanical,3A,8616,SAMPLE_DATA_NOT_REAL,99
2021,1,E001,RV College of Engineering,Mechanical,3B,7624,SAMPLE_DATA_NOT_REAL,0
2021,2,E001,RV College of Engineering,Mechanical,3B,9043,SAMPLE_DATA_NOT_REAL,1
2021,Final,E001,RV College of Engineering,Mechanical,3B,10489,SAMPLE_DATA_NOT_REAL,99
2022,1,E001,RV College of Engineering,Mechanical,3B,7583,SAMPLE_DATA_NOT_REAL,0
2022,2,E001,RV College of Engineering,Mechanical,3B,9003,SAMPLE_DATA_NOT_REAL,1
2022,Final,E001,RV College of Engineering,Mechanical,3B,10365,SAMPLE_DATA_NOT_REAL,99
2023,1,E001,RV College of Engineering,Mechanical,3B,6570,SAMPLE_DATA_NOT_REAL,0
2023,2,E001,RV College of Engineering,Mechanical,3B,7598,SAMPLE_DATA_NOT_REAL,1
2023,Final,E001,RV College of Engineering,Mechanical,3B,9955,SAMPLE_DATA_NOT_REAL,99
2024,1,E001,RV College of Engineering,Mechanical,3B,6315,SAMPLE_DATA_NOT_REAL,0
2024,2,E001,RV College of Engineering,Mechanical,3B,7209,SAMPLE_DATA_NOT_REAL,1
2024,Final,E001,RV College of Engineering,Mechanical,3B,9276,SAMPLE_DATA_NOT_REAL,99
2025,1,E001,RV College of Engineering,Mechanical,3B,6432,SAMPLE_DATA_NOT_REAL,0
2025,2,E001,RV College of Engineering,Mechanical,3B,7871,SAMPLE_DATA_NOT_REAL,1
2025,Final,E001,RV College of Engineering,Mechanical,3B,9156,SAMPLE_DATA_NOT_REAL,99
2021,1,E001,RV College of Engineering,Mechanical,CAT1,5520,SAMPLE_DATA_NOT_REAL,0
2021,2,E001,RV College of Engineering,Mechanical,CAT1,6606,SAMPLE_DATA_NOT_REAL,1
2021,Final,E001,RV College of Engineering,Mechanical,CAT1,7799,SAMPLE_DATA_NOT_REAL,99
2022,1,E001,RV College of Engineering,Mechanical,CAT1,5254,SAMPLE_DATA_NOT_REAL,0
2022,2,E001,RV College of Engineering,Mechanical,CAT1,6371,SAMPLE_DATA_NOT_REAL,1
2022,Final,E001,RV College of Engineering,Mechanical,CAT1,6536,SAMPLE_DATA_NOT_REAL,99
2023,1,E001,RV College of Engineering,Mechanical,CAT1,5257,SAMPLE_DATA_NOT_REAL,0
2023,2,E001,RV College of Engineering,Mechanical,CAT1,5518,SAMPLE_DATA_NOT_REAL,1
2023,Final,E001,RV College of Engineering,Mechanical,CAT1,6275,SAMPLE_DATA_NOT_REAL,99
2024,1,E001,RV College of Engineering,Mechanical,CAT1,4594,SAMPLE_DATA_NOT_REAL,0
2024,2,E001,RV College of Engineering,Mechanical,CAT1,5869,SAMPLE_DATA_NOT_REAL,1
2024,Final,E001,RV College of Engineering,Mechanical,CAT1,6530,SAMPLE_DATA_NOT_REAL,99
2025,1,E001,RV College of Engineering,Mechanical,CAT1,4724,SAMPLE_DATA_NOT_REAL,0
2025,2,E001,RV College of Engineering,Mechanical,CAT1,5620,SAMPLE_DATA_NOT_REAL,1
2025,Final,E001,RV College of Engineering,Mechanical,CAT1,6463,SAMPLE_DATA_NOT_REAL,99
2021,1,E001,RV College of Engineering,Mechanical,GM,3939,SAMPLE_DATA_NOT_REAL,0
2021,2,E001,RV College of Engineering,Mechanical,GM,5200,SAMPLE_DATA_NOT_REAL,1
2021,Final,E001,RV College of Engineering,Mechanical,GM,6111,SAMPLE_DATA_NOT_REAL,99
2022,1,E001,RV College of Engineering,Mechanical,GM,4279,SAMPLE_DATA_NOT_REAL,0
2022,2,E001,RV College of Engineering,Mechanical,GM,4839,SAMPLE_DATA_NOT_REAL,1
2022,Final,E001,RV College of Engineering,Mechanical,GM,5878,SAMPLE_DATA_NOT_REAL,99
2023,1,E001,RV College of Engineering,Mechanical,GM,4095,SAMPLE_DATA_NOT_REAL,0
2023,2,E001,RV College of Engineering,Mechanical,GM,4751,SAMPLE_DATA_NOT_REAL,1
2023,Final,E001,RV College of Engineering,Mechanical,GM,5127,SAMPLE_DATA_NOT_REAL,99
2024,1,E001,RV College of Engineering,Mechanical,GM,3858,SAMPLE_DATA_NOT_REAL,0
2024,2,E001,RV College of Engineering,Mechanical,GM,4247,SAMPLE_DATA_NOT_REAL,1
2024,Final,E001,RV College of Engineering,Mechanical,GM,4629,SAMPLE_DATA_NOT_REAL,99
2025,1,E001,RV College of Engineering,Mechanical,GM,3699,SAMPLE_DATA_NOT_REAL,0
2025,2,E001,RV College of Engineering,Mechanical,GM,4104,SAMPLE_DATA_NOT_REAL,1
2025,Final,E001,RV College of Engineering,Mechanical,GM,4888,SAMPLE_DATA_NOT_REAL,99
2021,1,E001,RV College of Engineering,Mechanical,SC,13589,SAMPLE_DATA_NOT_REAL,0
2021,2,E001,RV College of Engineering,Mechanical,SC,15610,SAMPLE_DATA_NOT_REAL,1
2021,Final,E001,RV College of Engineering,Mechanical,SC,16302,SAMPLE_DATA_NOT_REAL,99
2022,1,E001,RV College of Engineering,Mechanical,SC,12124,SAMPLE_DATA_NOT_REAL,0
2022,2,E001,RV College of Engineering,Mechanical,SC,12951,SAMPLE_DATA_NOT_REAL,1
2022,Final,E001,RV College of Engineering,Mechanical,SC,15920,SAMPLE_DATA_NOT_REAL,99
2023,1,E001,RV College of Engineering,Mechanical,SC,11193,SAMPLE_DATA_NOT_REAL,0
2023,2,E001,RV College of Engineering,Mechanical,SC,12791,SAMPLE_DATA_NOT_REAL,1
2023,Final,E001,RV College of Engineering,Mechanical,SC,15325,SAMPLE_DATA_NOT_REAL,99
2024,1,E001,RV College of Engineering,Mechanical,SC,11022,SAMPLE_DATA_NOT_REAL,0
2024,2,E001,RV College of Engineering,Mechanical,SC,13755,SAMPLE_DATA_NOT_REAL,1
2024,Final,E001,RV College of Engineering,Mechanical,SC,16037,SAMPLE_DATA_NOT_REAL,99
2025,1,E001,RV College of Engineering,Mechanical,SC,10095,SAMPLE_DATA_NOT_REAL,0
2025,2,E001,RV College of Engineering,Mechanical,SC,13107,SAMPLE_DATA_NOT_REAL,1
2025,Final,E001,RV College of Engineering,Mechanical,SC,14114,SAMPLE_DATA_NOT_REAL,99
2021,1,E001,RV College of Engineering,Mechanical,ST,16517,SAMPLE_DATA_NOT_REAL,0
2021,2,E001,RV College of Engineering,Mechanical,ST,18658,SAMPLE_DATA_NOT_REAL,1
2021,Final,E001,RV College of Engineering,Mechanical,ST,21314,SAMPLE_DATA_NOT_REAL,99
2022,1,E001,RV College of Engineering,Mechanical,ST,16208,SAMPLE_DATA_NOT_REAL,0
2022,2,E001,RV College of Engineering,Mechanical,ST,18409,SAMPLE_DATA_NOT_REAL,1
2022,Final,E001,RV College of Engineering,Mechanical,ST,22015,SAMPLE_DATA_NOT_REAL,99
2023,1,E001,RV College of Engineering,Mechanical,ST,16289,SAMPLE_DATA_NOT_REAL,0
2023,2,E001,RV College of Engineering,Mechanical,ST,18808,SAMPLE_DATA_NOT_REAL,1
2023,Final,E001,RV College of Engineering,Mechanical,ST,20853,SAMPLE_DATA_NOT_REAL,99
2024,1,E001,RV College of Engineering,Mechanical,ST,14785,SAMPLE_DATA_NOT_REAL,0
2024,2,E001,RV College of Engineering,Mechanical,ST,17567,SAMPLE_DATA_NOT_REAL,1
2024,Final,E001,RV College of Engineering,Mechanical,ST,19852,SAMPLE_DATA_NOT_REAL,99
2025,1,E001,RV College of Engineering,Mechanical,ST,15122,SAMPLE_DATA_NOT_REAL,0
2025,2,E001,RV College of Engineering,Mechanical,ST,15704,SAMPLE_DATA_NOT_REAL,1
2025,Final,E001,RV College of Engineering,Mechanical,ST,19064,SAMPLE_DATA_NOT_REAL,99
2021,1,E007,Siddaganga Institute of Technology,Civil,1G,3973,SAMPLE_DATA_NOT_REAL,0
2021,2,E007,Siddaganga Institute of Technology,Civil,1G,4555,SAMPLE_DATA_NOT_REAL,1
2021,Final,E007,Siddaganga Institute of Technology,Civil,1G,5776,SAMPLE_DATA_NOT_REAL,99
2022,1,E007,Siddaganga Institute of Technology,Civil,1G,3638,SAMPLE_DATA_NOT_REAL,0
2022,2,E007,Siddaganga Institute of Technology,Civil,1G,4640,SAMPLE_DATA_NOT_REAL,1
2022,Final,E007,Siddaganga Institute of Technology,Civil,1G,5111,SAMPLE_DATA_NOT_REAL,99
2023,1,E007,Siddaganga Institute of Technology,Civil,1G,3594,SAMPLE_DATA_NOT_REAL,0
2023,2,E007,Siddaganga Institute of Technology,Civil,1G,4401,SAMPLE_DATA_NOT_REAL,1
2023,Final,E007,Siddaganga Institute of Technology,Civil,1G,4761,SAMPLE_DATA_NOT_REAL,99
2024,1,E007,Siddaganga Institute of Technology,Civil,1G,3620,SAMPLE_DATA_NOT_REAL,0
2024,2,E007,Siddaganga Institute of Technology,Civil,1G,4421,SAMPLE_DATA_NOT_REAL,1
2024,Final,E007,Siddaganga Institute of Technology,Civil,1G,4855,SAMPLE_DATA_NOT_REAL,99
2025,1,E007,Siddaganga Institute of Technology,Civil,1G,3210,SAMPLE_DATA_NOT_REAL,0
2025,2,E007,Siddaganga Institute of Technology,Civil,1G,3959,SAMPLE_DATA_NOT_REAL,1
2025,Final,E007,Siddaganga Institute of Technology,Civil,1G,4349,SAMPLE_DATA_NOT_REAL,99
2021,1,E007,Siddaganga Institute of Technology,Civil,2A,5301,SAMPLE_DATA_NOT_REAL,0
2021,2,E007,Siddaganga Institute of Technology,Civil,2A,6452,SAMPLE_DATA_NOT_REAL,1
2021,Final,E007,Siddaganga Institute of Technology,Civil,2A,6997,SAMPLE_DATA_NOT_REAL,99
2022,1,E007,Siddaganga Institute of Technology,Civil,2A,5082,SAMPLE_DATA_NOT_REAL,0
2022,2,E007,Siddaganga Institute of Technology,Civil,2A,5624,SAMPLE_DATA_NOT_REAL,1
2022,Final,E007,Siddaganga Institute of Technology,Civil,2A,6281,SAMPLE_DATA_NOT_REAL,99
2023,1,E007,Siddaganga Institute of Technology,Civil,2A,4899,SAMPLE_DATA_NOT_REAL,0
2023,2,E007,Siddaganga Institute of Technology,Civil,2A,5106,SAMPLE_DATA_NOT_REAL,1
2023,Final,E007,Siddaganga Institute of Technology,Civil,2A,6663,SAMPLE_DATA_NOT_REAL,99
2024,1,E007,Siddaganga Institute of Technology,Civil,2A,4730,SAMPLE_DATA_NOT_REAL,0
2024,2,E007,Siddaganga Institute of Technology,Civil,2A,5503,SAMPLE_DATA_NOT_REAL,1
2024,Final,E007,Siddaganga Institute of Technology,Civil,2A,6488,SAMPLE_DATA_NOT_REAL,99
2025,1,E007,Siddaganga Institute of Technology,Civil,2A,4697,SAMPLE_DATA_NOT_REAL,0
2025,2,E007,Siddaganga Institute of Technology,Civil,2A,5465,SAMPLE_DATA_NOT_REAL,1
2025,Final,E007,Siddaganga Institute of Technology,Civil,2A,6380,SAMPLE_DATA_NOT_REAL,99
2021,1,E007,Siddaganga Institute of Technology,Civil,2B,5968,SAMPLE_DATA_NOT_REAL,0
2021,2,E007,Siddaganga Institute of Technology,Civil,2B,7024,SAMPLE_DATA_NOT_REAL,1
2021,Final,E007,Siddaganga Institute of Technology,Civil,2B,8293,SAMPLE_DATA_NOT_REAL,99
2022,1,E007,Siddaganga Institute of Technology,Civil,2B,5905,SAMPLE_DATA_NOT_REAL,0
2022,2,E007,Siddaganga Institute of Technology,Civil,2B,6117,SAMPLE_DATA_NOT_REAL,1
2022,Final,E007,Siddaganga Institute of Technology,Civil,2B,8032,SAMPLE_DATA_NOT_REAL,99
2023,1,E007,Siddaganga Institute of Technology,Civil,2B,5306,SAMPLE_DATA_NOT_REAL,0
2023,2,E007,Siddaganga Institute of Technology,Civil,2B,5926,SAMPLE_DATA_NOT_REAL,1
2023,Final,E007,Siddaganga Institute of Technology,Civil,2B,7321,SAMPLE_DATA_NOT_REAL,99
2024,1,E007,Siddaganga Institute of Technology,Civil,2B,4925,SAMPLE_DATA_NOT_REAL,0
2024,2,E007,Siddaganga Institute of Technology,Civil,2B,5629,SAMPLE_DATA_NOT_REAL,1
2024,Final,E007,Siddaganga Institute of Technology,Civil,2B,6751,SAMPLE_DATA_NOT_REAL,99
2025,1,E007,Siddaganga Institute of Technology,Civil,2B,4944,SAMPLE_DATA_NOT_REAL,0
2025,2,E007,Siddaganga Institute of Technology,Civil,2B,6055,SAMPLE_DATA_NOT_REAL,1
2025,Final,E007,Siddaganga Institute of Technology,Civil,2B,6704,SAMPLE_DATA_NOT_REAL,99
2021,1,E007,Siddaganga Institute of Technology,Civil,3A,6213,SAMPLE_DATA_NOT_REAL,0
2021,2,E007,Siddaganga Institute of Technology,Civil,3A,7016,SAMPLE_DATA_NOT_REAL,1
2021,Final,E007,Siddaganga Institute of Technology,Civil,3A,8724,SAMPLE_DATA_NOT_REAL,99
2022,1,E007,Siddaganga Institute of Technology,Civil,3A,5637,SAMPLE_DATA_NOT_REAL,0
2022,2,E007,Siddaganga Institute of Technology,Civil,3A,7026,SAMPLE_DATA_NOT_REAL,1
2022,Final,E007,Siddaganga Institute of Technology,Civil,3A,8422,SAMPLE_DATA_NOT_REAL,99
2023,1,E007,Siddaganga Institute of Technology,Civil,3A,5689,SAMPLE_DATA_NOT_REAL,0
2023,2,E007,Siddaganga Institute of Technology,Civil,3A,6244,SAMPLE_DATA_NOT_REAL,1
2023,Final,E007,Siddaganga Institute of Technology,Civil,3A,7683,SAMPLE_DATA_NOT_REAL,99
2024,1,E007,Siddaganga Institute of Technology,Civil,3A,5884,SAMPLE_DATA_NOT_REAL,0
2024,2,E007,Siddaganga Institute of Technology,Civil,3A,6898,SAMPLE_DATA_NOT_REAL,1
2024,Final,E007,Siddaganga Institute of Technology,Civil,3A,6977,SAMPLE_DATA_NOT_REAL,99
2025,1,E007,Siddaganga Institute of Technology,Civil,3A,5082,SAMPLE_DATA_NOT_REAL,0
2025,2,E007,Siddaganga Institute of Technology,Civil,3A,5995,SAMPLE_DATA_NOT_REAL,1
2025,Final,E007,Siddaganga Institute of Technology,Civil,3A,7333,SAMPLE_DATA_NOT_REAL,99
2021,1,E007,Siddaganga Institute of Technology,Civil,3B,6784,SAMPLE_DATA_NOT_REAL,0
2021,2,E007,Siddaganga Institute of Technology,Civil,3B,7788,SAMPLE_DATA_NOT_REAL,1
2021,Final,E007,Siddaganga Institute of Technology,Civil,3B,9498,SAMPLE_DATA_NOT_REAL,99
2022,1,E007,Siddaganga Institute of Technology,Civil,3B,6681,SAMPLE_DATA_NOT_REAL,0
2022,2,E007,Siddaganga Institute of Technology,Civil,3B,7064,SAMPLE_DATA_NOT_REAL,1
2022,Final,E007,Siddaganga Institute of Technology,Civil,3B,8109,SAMPLE_DATA_NOT_REAL,99
2023,1,E007,Siddaganga Institute of Technology,Civil,3B,6346,SAMPLE_DATA_NOT_REAL,0
2023,2,E007,Siddaganga Institute of Technology,Civil,3B,7254,SAMPLE_DATA_NOT_REAL,1
2023,Final,E007,Siddaganga Institute of Technology,Civil,3B,8098,SAMPLE_DATA_NOT_REAL,99
2024,1,E007,Siddaganga Institute of Technology,Civil,3B,6296,SAMPLE_DATA_NOT_REAL,0
2024,2,E007,Siddaganga Institute of Technology,Civil,3B,7009,SAMPLE_DATA_NOT_REAL,1
2024,Final,E007,Siddaganga Institute of Technology,Civil,3B,8265,SAMPLE_DATA_NOT_REAL,99
2025,1,E007,Siddaganga Institute of Technology,Civil,3B,5990,SAMPLE_DATA_NOT_REAL,0
2025,2,E007,Siddaganga Institute of Technology,Civil,3B,6949,SAMPLE_DATA_NOT_REAL,1
2025,Final,E007,Siddaganga Institute of Technology,Civil,3B,7308,SAMPLE_DATA_NOT_REAL,99
2021,1,E007,Siddaganga Institute of Technology,Civil,CAT1,4454,SAMPLE_DATA_NOT_REAL,0
2021,2,E007,Siddaganga Institute of Technology,Civil,CAT1,5164,SAMPLE_DATA_NOT_REAL,1
2021,Final,E007,Siddaganga Institute of Technology,Civil,CAT1,6490,SAMPLE_DATA_NOT_REAL,99
2022,1,E007,Siddaganga Institute of Technology,Civil,CAT1,4436,SAMPLE_DATA_NOT_REAL,0
2022,2,E007,Siddaganga Institute of Technology,Civil,CAT1,5145,SAMPLE_DATA_NOT_REAL,1
2022,Final,E007,Siddaganga Institute of Technology,Civil,CAT1,6745,SAMPLE_DATA_NOT_REAL,99
2023,1,E007,Siddaganga Institute of Technology,Civil,CAT1,4788,SAMPLE_DATA_NOT_REAL,0
2023,2,E007,Siddaganga Institute of Technology,Civil,CAT1,4908,SAMPLE_DATA_NOT_REAL,1
2023,Final,E007,Siddaganga Institute of Technology,Civil,CAT1,5834,SAMPLE_DATA_NOT_REAL,99
2024,1,E007,Siddaganga Institute of Technology,Civil,CAT1,3940,SAMPLE_DATA_NOT_REAL,0
2024,2,E007,Siddaganga Institute of Technology,Civil,CAT1,4818,SAMPLE_DATA_NOT_REAL,1
2024,Final,E007,Siddaganga Institute of Technology,Civil,CAT1,5515,SAMPLE_DATA_NOT_REAL,99
2025,1,E007,Siddaganga Institute of Technology,Civil,CAT1,3824,SAMPLE_DATA_NOT_REAL,0
2025,2,E007,Siddaganga Institute of Technology,Civil,CAT1,4583,SAMPLE_DATA_NOT_REAL,1
2025,Final,E007,Siddaganga Institute of Technology,Civil,CAT1,5916,SAMPLE_DATA_NOT_REAL,99
2021,1,E007,Siddaganga Institute of Technology,Civil,GM,3859,SAMPLE_DATA_NOT_REAL,0
2021,2,E007,Siddaganga Institute of Technology,Civil,GM,4619,SAMPLE_DATA_NOT_REAL,1
2021,Final,E007,Siddaganga Institute of Technology,Civil,GM,4765,SAMPLE_DATA_NOT_REAL,99
2022,1,E007,Siddaganga Institute of Technology,Civil,GM,3346,SAMPLE_DATA_NOT_REAL,0
2022,2,E007,Siddaganga Institute of Technology,Civil,GM,4083,SAMPLE_DATA_NOT_REAL,1
2022,Final,E007,Siddaganga Institute of Technology,Civil,GM,4614,SAMPLE_DATA_NOT_REAL,99
2023,1,E007,Siddaganga Institute of Technology,Civil,GM,3504,SAMPLE_DATA_NOT_REAL,0
2023,2,E007,Siddaganga Institute of Technology,Civil,GM,3921,SAMPLE_DATA_NOT_REAL,1
2023,Final,E007,Siddaganga Institute of Technology,Civil,GM,4946,SAMPLE_DATA_NOT_REAL,99
2024,1,E007,Siddaganga Institute of Technology,Civil,GM,3230,SAMPLE_DATA_NOT_REAL,0
2024,2,E007,Siddaganga Institute of Technology,Civil,GM,3534,SAMPLE_DATA_NOT_REAL,1
2024,Final,E007,Siddaganga Institute of Technology,Civil,GM,4536,SAMPLE_DATA_NOT_REAL,99
2025,1,E007,Siddaganga Institute of Technology,Civil,GM,2933,SAMPLE_DATA_NOT_REAL,0
2025,2,E007,Siddaganga Institute of Technology,Civil,GM,3527,SAMPLE_DATA_NOT_REAL,1
2025,Final,E007,Siddaganga Institute of Technology,Civil,GM,4207,SAMPLE_DATA_NOT_REAL,99
2021,1,E007,Siddaganga Institute of Technology,Civil,SC,10731,SAMPLE_DATA_NOT_REAL,0
2021,2,E007,Siddaganga Institute of Technology,Civil,SC,13226,SAMPLE_DATA_NOT_REAL,1
2021,Final,E007,Siddaganga Institute of Technology,Civil,SC,14024,SAMPLE_DATA_NOT_REAL,99
2022,1,E007,Siddaganga Institute of Technology,Civil,SC,10555,SAMPLE_DATA_NOT_REAL,0
2022,2,E007,Siddaganga Institute of Technology,Civil,SC,12192,SAMPLE_DATA_NOT_REAL,1
2022,Final,E007,Siddaganga Institute of Technology,Civil,SC,14113,SAMPLE_DATA_NOT_REAL,99
2023,1,E007,Siddaganga Institute of Technology,Civil,SC,11086,SAMPLE_DATA_NOT_REAL,0
2023,2,E007,Siddaganga Institute of Technology,Civil,SC,12773,SAMPLE_DATA_NOT_REAL,1
2023,Final,E007,Siddaganga Institute of Technology,Civil,SC,14105,SAMPLE_DATA_NOT_REAL,99
2024,1,E007,Siddaganga Institute of Technology,Civil,SC,10519,SAMPLE_DATA_NOT_REAL,0
2024,2,E007,Siddaganga Institute of Technology,Civil,SC,12069,SAMPLE_DATA_NOT_REAL,1
2024,Final,E007,Siddaganga Institute of Technology,Civil,SC,14114,SAMPLE_DATA_NOT_REAL,99
2025,1,E007,Siddaganga Institute of Technology,Civil,SC,10085,SAMPLE_DATA_NOT_REAL,0
2025,2,E007,Siddaganga Institute of Technology,Civil,SC,11390,SAMPLE_DATA_NOT_REAL,1
2025,Final,E007,Siddaganga Institute of Technology,Civil,SC,12676,SAMPLE_DATA_NOT_REAL,99
2021,1,E007,Siddaganga Institute of Technology,Civil,ST,15389,SAMPLE_DATA_NOT_REAL,0
2021,2,E007,Siddaganga Institute of Technology,Civil,ST,17796,SAMPLE_DATA_NOT_REAL,1
2021,Final,E007,Siddaganga Institute of Technology,Civil,ST,20993,SAMPLE_DATA_NOT_REAL,99
2022,1,E007,Siddaganga Institute of Technology,Civil,ST,13689,SAMPLE_DATA_NOT_REAL,0
2022,2,E007,Siddaganga Institute of Technology,Civil,ST,15683,SAMPLE_DATA_NOT_REAL,1
2022,Final,E007,Siddaganga Institute of Technology,Civil,ST,19428,SAMPLE_DATA_NOT_REAL,99
2023,1,E007,Siddaganga Institute of Technology,Civil,ST,14054,SAMPLE_DATA_NOT_REAL,0
2023,2,E007,Siddaganga Institute of Technology,Civil,ST,16230,SAMPLE_DATA_NOT_REAL,1
2023,Final,E007,Siddaganga Institute of Technology,Civil,ST,17118,SAMPLE_DATA_NOT_REAL,99
2024,1,E007,Siddaganga Institute of Technology,Civil,ST,13462,SAMPLE_DATA_NOT_REAL,0
2024,2,E007,Siddaganga Institute of Technology,Civil,ST,14209,SAMPLE_DATA_NOT_REAL,1
2024,Final,E007,Siddaganga Institute of Technology,Civil,ST,18006,SAMPLE_DATA_NOT_REAL,99
2025,1,E007,Siddaganga Institute of Technology,Civil,ST,11701,SAMPLE_DATA_NOT_REAL,0
2025,2,E007,Siddaganga Institute of Technology,Civil,ST,13725,SAMPLE_DATA_NOT_REAL,1
2025,Final,E007,Siddaganga Institute of Technology,Civil,ST,16407,SAMPLE_DATA_NOT_REAL,99
2021,1,E007,Siddaganga Institute of Technology,Computer Science,1G,5476,SAMPLE_DATA_NOT_REAL,0
2021,2,E007,Siddaganga Institute of Technology,Computer Science,1G,6356,SAMPLE_DATA_NOT_REAL,1
2021,Final,E007,Siddaganga Institute of Technology,Computer Science,1G,6680,SAMPLE_DATA_NOT_REAL,99
2022,1,E007,Siddaganga Institute of Technology,Computer Science,1G,5001,SAMPLE_DATA_NOT_REAL,0
2022,2,E007,Siddaganga Institute of Technology,Computer Science,1G,5609,SAMPLE_DATA_NOT_REAL,1
2022,Final,E007,Siddaganga Institute of Technology,Computer Science,1G,6516,SAMPLE_DATA_NOT_REAL,99
2023,1,E007,Siddaganga Institute of Technology,Computer Science,1G,5218,SAMPLE_DATA_NOT_REAL,0
2023,2,E007,Siddaganga Institute of Technology,Computer Science,1G,5461,SAMPLE_DATA_NOT_REAL,1
2023,Final,E007,Siddaganga Institute of Technology,Computer Science,1G,6360,SAMPLE_DATA_NOT_REAL,99
2024,1,E007,Siddaganga Institute of Technology,Computer Science,1G,4906,SAMPLE_DATA_NOT_REAL,0
2024,2,E007,Siddaganga Institute of Technology,Computer Science,1G,5328,SAMPLE_DATA_NOT_REAL,1
2024,Final,E007,Siddaganga Institute of Technology,Computer Science,1G,6479,SAMPLE_DATA_NOT_REAL,99
2025,1,E007,Siddaganga Institute of Technology,Computer Science,1G,4372,SAMPLE_DATA_NOT_REAL,0
2025,2,E007,Siddaganga Institute of Technology,Computer Science,1G,4796,SAMPLE_DATA_NOT_REAL,1
2025,Final,E007,Siddaganga Institute of Technology,Computer Science,1G,5994,SAMPLE_DATA_NOT_REAL,99
2021,1,E007,Siddaganga Institute of Technology,Computer Science,2A,6535,SAMPLE_DATA_NOT_REAL,0
2021,2,E007,Siddaganga Institute of Technology,Computer Science,2A,7468,SAMPLE_DATA_NOT_REAL,1
2021,Final,E007,Siddaganga Institute of Technology,Computer Science,2A,9654,SAMPLE_DATA_NOT_REAL,99
2022,1,E007,Siddaganga Institute of Technology,Computer Science,2A,6956,SAMPLE_DATA_NOT_REAL,0
2022,2,E007,Siddaganga Institute of Technology,Computer Science,2A,7839,SAMPLE_DATA_NOT_REAL,1
2022,Final,E007,Siddaganga Institute of Technology,Computer Science,2A,8272,SAMPLE_DATA_NOT_REAL,99
2023,1,E007,Siddaganga Institute of Technology,Computer Science,2A,5827,SAMPLE_DATA_NOT_REAL,0
2023,2,E007,Siddaganga Institute of Technology,Computer Science,2A,6998,SAMPLE_DATA_NOT_REAL,1
2023,Final,E007,Siddaganga Institute of Technology,Computer Science,2A,7742,SAMPLE_DATA_NOT_REAL,99
2024,1,E007,Siddaganga Institute of Technology,Computer Science,2A,6224,SAMPLE_DATA_NOT_REAL,0
2024,2,E007,Siddaganga Institute of Technology,Computer Science,2A,6549,SAMPLE_DATA_NOT_REAL,1
2024,Final,E007,Siddaganga Institute of Technology,Computer Science,2A,7811,SAMPLE_DATA_NOT_REAL,99
2025,1,E007,Siddaganga Institute of Technology,Computer Science,2A,5884,SAMPLE_DATA_NOT_REAL,0
2025,2,E007,Siddaganga Institute of Technology,Computer Science,2A,6746,SAMPLE_DATA_NOT_REAL,1
2025,Final,E007,Siddaganga Institute of Technology,Computer Science,2A,7707,SAMPLE_DATA_NOT_REAL,99
2021,1,E007,Siddaganga Institute of Technology,Computer Science,2B,8204,SAMPLE_DATA_NOT_REAL,0
2021,2,E007,Siddaganga Institute of Technology,Computer Science,2B,8650,SAMPLE_DATA_NOT_REAL,1
2021,Final,E007,Siddaganga Institute of Technology,Computer Science,2B,10522,SAMPLE_DATA_NOT_REAL,99
2022,1,E007,Siddaganga Institute of Technology,Computer Science,2B,7230,SAMPLE_DATA_NOT_REAL,0
2022,2,E007,Siddaganga Institute of Technology,Computer Science,2B,9132,SAMPLE_DATA_NOT_REAL,1
2022,Final,E007,Siddaganga Institute of Technology,Computer Science,2B,10261,SAMPLE_DATA_NOT_REAL,99
2023,1,E007,Siddaganga Institute of Technology,Computer Science,2B,7072,SAMPLE_DATA_NOT_REAL,0
2023,2,E007,Siddaganga Institute of Technology,Computer Science,2B,8247,SAMPLE_DATA_NOT_REAL,1
2023,Final,E007,Siddaganga Institute of Technology,Computer Science,2B,9610,SAMPLE_DATA_NOT_REAL,99
2024,1,E007,Siddaganga Institute of Technology,Computer Science,2B,6601,SAMPLE_DATA_NOT_REAL,0
2024,2,E007,Siddaganga Institute of Technology,Computer Science,2B,7882,SAMPLE_DATA_NOT_REAL,1
2024,Final,E007,Siddaganga Institute of Technology,Computer Science,2B,9171,SAMPLE_DATA_NOT_REAL,99
2025,1,E007,Siddaganga Institute of Technology,Computer Science,2B,6019,SAMPLE_DATA_NOT_REAL,0
2025,2,E007,Siddaganga Institute of Technology,Computer Science,2B,7568,SAMPLE_DATA_NOT_REAL,1
2025,Final,E007,Siddaganga Institute of Technology,Computer Science,2B,9131,SAMPLE_DATA_NOT_REAL,99
2021,1,E007,Siddaganga Institute of Technology,Computer Science,3A,8549,SAMPLE_DATA_NOT_REAL,0
2021,2,E007,Siddaganga Institute of Technology,Computer Science,3A,8846,SAMPLE_DATA_NOT_REAL,1
2021,Final,E007,Siddaganga Institute of Technology,Computer Science,3A,10157,SAMPLE_DATA_NOT_REAL,99
2022,1,E007,Siddaganga Institute of Technology,Computer Science,3A,8292,SAMPLE_DATA_NOT_REAL,0
2022,2,E007,Siddaganga Institute of Technology,Computer Science,3A,9261,SAMPLE_DATA_NOT_REAL,1
2022,Final,E007,Siddaganga Institute of Technology,Computer Science,3A,10944,SAMPLE_DATA_NOT_REAL,99
2023,1,E007,Siddaganga Institute of Technology,Computer Science,3A,7552,SAMPLE_DATA_NOT_REAL,0
2023,2,E007,Siddaganga Institute of Technology,Computer Science,3A,8667,SAMPLE_DATA_NOT_REAL,1
2023,Final,E007,Siddaganga Institute of Technology,Computer Science,3A,9577,SAMPLE_DATA_NOT_REAL,99
2024,1,E007,Siddaganga Institute of Technology,Computer Science,3A,7387,SAMPLE_DATA_NOT_REAL,0
2024,2,E007,Siddaganga Institute of Technology,Computer Science,3A,7650,SAMPLE_DATA_NOT_REAL,1
2024,Final,E007,Siddaganga Institute of Technology,Computer Science,3A,10153,SAMPLE_DATA_NOT_REAL,99
2025,1,E007,Siddaganga Institute of Technology,Computer Science,3A,6691,SAMPLE_DATA_NOT_REAL,0
2025,2,E007,Siddaganga Institute of Technology,Computer Science,3A,7704,SAMPLE_DATA_NOT_REAL,1
2025,Final,E007,Siddaganga Institute of Technology,Computer Science,3A,9740,SAMPLE_DATA_NOT_REAL,99
2021,1,E007,Siddaganga Institute of Technology,Computer Science,3B,9138,SAMPLE_DATA_NOT_REAL,0
2021,2,E007,Siddaganga Institute of Technology,Computer Science,3B,9979,SAMPLE_DATA_NOT_REAL,1
2021,Final,E007,Siddaganga Institute of Technology,Computer Science,3B,11685,SAMPLE_DATA_NOT_REAL,99
2022,1,E007,Siddaganga Institute of Technology,Computer Science,3B,8829,SAMPLE_DATA_NOT_REAL,0
2022,2,E007,Siddaganga Institute of Technology,Computer Science,3B,8915,SAMPLE_DATA_NOT_REAL,1
2022,Final,E007,Siddaganga Institute of Technology,Computer Science,3B,11602,SAMPLE_DATA_NOT_REAL,99
2023,1,E007,Siddaganga Institute of Technology,Computer Science,3B,7383,SAMPLE_DATA_NOT_REAL,0
2023,2,E007,Siddaganga Institute of Technology,Computer Science,3B,9498,SAMPLE_DATA_NOT_REAL,1
2023,Final,E007,Siddaganga Institute of Technology,Computer Science,3B,10747,SAMPLE_DATA_NOT_REAL,99
2024,1,E007,Siddaganga Institute of Technology,Computer Science,3B,7997,SAMPLE_DATA_NOT_REAL,0
2024,2,E007,Siddaganga Institute of Technology,Computer Science,3B,9111,SAMPLE_DATA_NOT_REAL,1
2024,Final,E007,Siddaganga Institute of Technology,Computer Science,3B,10048,SAMPLE_DATA_NOT_REAL,99
2025,1,E007,Siddaganga Institute of Technology,Computer Science,3B,6973,SAMPLE_DATA_NOT_REAL,0
2025,2,E007,Siddaganga Institute of Technology,Computer Science,3B,8274,SAMPLE_DATA_NOT_REAL,1
2025,Final,E007,Siddaganga Institute of Technology,Computer Science,3B,10407,SAMPLE_DATA_NOT_REAL,99
2021,1,E007,Siddaganga Institute of Technology,Computer Science,CAT1,6523,SAMPLE_DATA_NOT_REAL,0
2021,2,E007,Siddaganga Institute of Technology,Computer Science,CAT1,6793,SAMPLE_DATA_NOT_REAL,1
2021,Final,E007,Siddaganga Institute of Technology,Computer Science,CAT1,8323,SAMPLE_DATA_NOT_REAL,99
2022,1,E007,Siddaganga Institute of Technology,Computer Science,CAT1,6142,SAMPLE_DATA_NOT_REAL,0
2022,2,E007,Siddaganga Institute of Technology,Computer Science,CAT1,7346,SAMPLE_DATA_NOT_REAL,1
2022,Final,E007,Siddaganga Institute of Technology,Computer Science,CAT1,7743,SAMPLE_DATA_NOT_REAL,99
2023,1,E007,Siddaganga Institute of Technology,Computer Science,CAT1,5731,SAMPLE_DATA_NOT_REAL,0
2023,2,E007,Siddaganga Institute of Technology,Computer Science,CAT1,6381,SAMPLE_DATA_NOT_REAL,1
2023,Final,E007,Siddaganga Institute of Technology,Computer Science,CAT1,8046,SAMPLE_DATA_NOT_REAL,99
2024,1,E007,Siddaganga Institute of Technology,Computer Science,CAT1,5441,SAMPLE_DATA_NOT_REAL,0
2024,2,E007,Siddaganga Institute of Technology,Computer Science,CAT1,6138,SAMPLE_DATA_NOT_REAL,1
2024,Final,E007,Siddaganga Institute of Technology,Computer Science,CAT1,7372,SAMPLE_DATA_NOT_REAL,99
2025,1,E007,Siddaganga Institute of Technology,Computer Science,CAT1,5059,SAMPLE_DATA_NOT_REAL,0
2025,2,E007,Siddaganga Institute of Technology,Computer Science,CAT1,5831,SAMPLE_DATA_NOT_REAL,1
2025,Final,E007,Siddaganga Institute of Technology,Computer Science,CAT1,7015,SAMPLE_DATA_NOT_REAL,99
2021,1,E007,Siddaganga Institute of Technology,Computer Science,GM,4432,SAMPLE_DATA_NOT_REAL,0
2021,2,E007,Siddaganga Institute of Technology,Computer Science,GM,5116,SAMPLE_DATA_NOT_REAL,1
2021,Final,E007,Siddaganga Institute of Technology,Computer Science,GM,6432,SAMPLE_DATA_NOT_REAL,99
2022,1,E007,Siddaganga Institute of Technology,Computer Science,GM,4713,SAMPLE_DATA_NOT_REAL,0
2022,2,E007,Siddaganga Institute of Technology,Computer Science,GM,5117,SAMPLE_DATA_NOT_REAL,1
2022,Final,E007,Siddaganga Institute of Technology,Computer Science,GM,5820,SAMPLE_DATA_NOT_REAL,99
2023,1,E007,Siddaganga Institute of Technology,Computer Science,GM,4533,SAMPLE_DATA_NOT_REAL,0
2023,2,E007,Siddaganga Institute of Technology,Computer Science,GM,5312,SAMPLE_DATA_NOT_REAL,1
2023,Final,E007,Siddaganga Institute of Technology,Computer Science,GM,5856,SAMPLE_DATA_NOT_REAL,99
2024,1,E007,Siddaganga Institute of Technology,Computer Science,GM,3974,SAMPLE_DATA_NOT_REAL,0
2024,2,E007,Siddaganga Institute of Technology,Computer Science,GM,5132,SAMPLE_DATA_NOT_REAL,1
2024,Final,E007,Siddaganga Institute of Technology,Computer Science,GM,5363,SAMPLE_DATA_NOT_REAL,99
2025,1,E007,Siddaganga Institute of Technology,Computer Science,GM,4360,SAMPLE_DATA_NOT_REAL,0
2025,2,E007,Siddaganga Institute of Technology,Computer Science,GM,4780,SAMPLE_DATA_NOT_REAL,1
2025,Final,E007,Siddaganga Institute of Technology,Computer Science,GM,5208,SAMPLE_DATA_NOT_REAL,99
2021,1,E007,Siddaganga Institute of Technology,Computer Science,SC,15107,SAMPLE_DATA_NOT_REAL,0
2021,2,E007,Siddaganga Institute of Technology,Computer Science,SC,16724,SAMPLE_DATA_NOT_REAL,1
2021,Final,E007,Siddaganga Institute of Technology,Computer Science,SC,18626,SAMPLE_DATA_NOT_REAL,99
2022,1,E007,Siddaganga Institute of Technology,Computer Science,SC,13540,SAMPLE_DATA_NOT_REAL,0
2022,2,E007,Siddaganga Institute of Technology,Computer Science,SC,17064,SAMPLE_DATA_NOT_REAL,1
2022,Final,E007,Siddaganga Institute of Technology,Computer Science,SC,17950,SAMPLE_DATA_NOT_REAL,99
2023,1,E007,Siddaganga Institute of Technology,Computer Science,SC,14186,SAMPLE_DATA_NOT_REAL,0
2023,2,E007,Siddaganga Institute of Technology,Computer Science,SC,14199,SAMPLE_DATA_NOT_REAL,1
2023,Final,E007,Siddaganga Institute of Technology,Computer Science,SC,17105,SAMPLE_DATA_NOT_REAL,99
2024,1,E007,Siddaganga Institute of Technology,Computer Science,SC,12799,SAMPLE_DATA_NOT_REAL,0
2024,2,E007,Siddaganga Institute of Technology,Computer Science,SC,15696,SAMPLE_DATA_NOT_REAL,1
2024,Final,E007,Siddaganga Institute of Technology,Computer Science,SC,17504,SAMPLE_DATA_NOT_REAL,99
2025,1,E007,Siddaganga Institute of Technology,Computer Science,SC,11918,SAMPLE_DATA_NOT_REAL,0
2025,2,E007,Siddaganga Institute of Technology,Computer Science,SC,13147,SAMPLE_DATA_NOT_REAL,1
2025,Final,E007,Siddaganga Institute of Technology,Computer Science,SC,17276,SAMPLE_DATA_NOT_REAL,99
2021,1,E007,Siddaganga Institute of Technology,Computer Science,ST,18472,SAMPLE_DATA_NOT_REAL,0
2021,2,E007,Siddaganga Institute of Technology,Computer Science,ST,23099,SAMPLE_DATA_NOT_REAL,1
2021,Final,E007,Siddaganga Institute of Technology,Computer Science,ST,24427,SAMPLE_DATA_NOT_REAL,99
2022,1,E007,Siddaganga Institute of Technology,Computer Science,ST,18959,SAMPLE_DATA_NOT_REAL,0
2022,2,E007,Siddaganga Institute of Technology,Computer Science,ST,22152,SAMPLE_DATA_NOT_REAL,1
2022,Final,E007,Siddaganga Institute of Technology,Computer Science,ST,23998,SAMPLE_DATA_NOT_REAL,99
2023,1,E007,Siddaganga Institute of Technology,Computer Science,ST,18642,SAMPLE_DATA_NOT_REAL,0
2023,2,E007,Siddaganga Institute of Technology,Computer Science,ST,19003,SAMPLE_DATA_NOT_REAL,1
2023,Final,E007,Siddaganga Institute of Technology,Computer Science,ST,22156,SAMPLE_DATA_NOT_REAL,99
2024,1,E007,Siddaganga Institute of Technology,Computer Science,ST,16707,SAMPLE_DATA_NOT_REAL,0
2024,2,E007,Siddaganga Institute of Technology,Computer Science,ST,18375,SAMPLE_DATA_NOT_REAL,1
2024,Final,E007,Siddaganga Institute of Technology,Computer Science,ST,22417,SAMPLE_DATA_NOT_REAL,99
2025,1,E007,Siddaganga Institute of Technology,Computer Science,ST,15599,SAMPLE_DATA_NOT_REAL,0
2025,2,E007,Siddaganga Institute of Technology,Computer Science,ST,19497,SAMPLE_DATA_NOT_REAL,1
2025,Final,E007,Siddaganga Institute of Technology,Computer Science,ST,20311,SAMPLE_DATA_NOT_REAL,99
2021,1,E007,Siddaganga Institute of Technology,Electrical & Electronics,1G,6071,SAMPLE_DATA_NOT_REAL,0
2021,2,E007,Siddaganga Institute of Technology,Electrical & Electronics,1G,6935,SAMPLE_DATA_NOT_REAL,1
2021,Final,E007,Siddaganga Institute of Technology,Electrical & Electronics,1G,7551,SAMPLE_DATA_NOT_REAL,99
2022,1,E007,Siddaganga Institute of Technology,Electrical & Electronics,1G,5381,SAMPLE_DATA_NOT_REAL,0
2022,2,E007,Siddaganga Institute of Technology,Electrical & Electronics,1G,6488,SAMPLE_DATA_NOT_REAL,1
2022,Final,E007,Siddaganga Institute of Technology,Electrical & Electronics,1G,7886,SAMPLE_DATA_NOT_REAL,99
2023,1,E007,Siddaganga Institute of Technology,Electrical & Electronics,1G,5733,SAMPLE_DATA_NOT_REAL,0
2023,2,E007,Siddaganga Institute of Technology,Electrical & Electronics,1G,6861,SAMPLE_DATA_NOT_REAL,1
2023,Final,E007,Siddaganga Institute of Technology,Electrical & Electronics,1G,7646,SAMPLE_DATA_NOT_REAL,99
2024,1,E007,Siddaganga Institute of Technology,Electrical & Electronics,1G,5038,SAMPLE_DATA_NOT_REAL,0
2024,2,E007,Siddaganga Institute of Technology,Electrical & Electronics,1G,6007,SAMPLE_DATA_NOT_REAL,1
2024,Final,E007,Siddaganga Institute of Technology,Electrical & Electronics,1G,7486,SAMPLE_DATA_NOT_REAL,99
2025,1,E007,Siddaganga Institute of Technology,Electrical & Electronics,1G,5221,SAMPLE_DATA_NOT_REAL,0
2025,2,E007,Siddaganga Institute of Technology,Electrical & Electronics,1G,5770,SAMPLE_DATA_NOT_REAL,1
2025,Final,E007,Siddaganga Institute of Technology,Electrical & Electronics,1G,6929,SAMPLE_DATA_NOT_REAL,99
2021,1,E007,Siddaganga Institute of Technology,Electrical & Electronics,2A,7949,SAMPLE_DATA_NOT_REAL,0
2021,2,E007,Siddaganga Institute of Technology,Electrical & Electronics,2A,9402,SAMPLE_DATA_NOT_REAL,1
2021,Final,E007,Siddaganga Institute of Technology,Electrical & Electronics,2A,9868,SAMPLE_DATA_NOT_REAL,99
2022,1,E007,Siddaganga Institute of Technology,Electrical & Electronics,2A,7376,SAMPLE_DATA_NOT_REAL,0
2022,2,E007,Siddaganga Institute of Technology,Electrical & Electronics,2A,8583,SAMPLE_DATA_NOT_REAL,1
2022,Final,E007,Siddaganga Institute of Technology,Electrical & Electronics,2A,10495,SAMPLE_DATA_NOT_REAL,99
2023,1,E007,Siddaganga Institute of Technology,Electrical & Electronics,2A,6876,SAMPLE_DATA_NOT_REAL,0
2023,2,E007,Siddaganga Institute of Technology,Electrical & Electronics,2A,8160,SAMPLE_DATA_NOT_REAL,1
2023,Final,E007,Siddaganga Institute of Technology,Electrical & Electronics,2A,10303,SAMPLE_DATA_NOT_REAL,99
2024,1,E007,Siddaganga Institute of Technology,Electrical & Electronics,2A,6828,SAMPLE_DATA_NOT_REAL,0
2024,2,E007,Siddaganga Institute of Technology,Electrical & Electronics,2A,7407,SAMPLE_DATA_NOT_REAL,1
2024,Final,E007,Siddaganga Institute of Technology,Electrical & Electronics,2A,9124,SAMPLE_DATA_NOT_REAL,99
2025,1,E007,Siddaganga Institute of Technology,Electrical & Electronics,2A,6126,SAMPLE_DATA_NOT_REAL,0
2025,2,E007,Siddaganga Institute of Technology,Electrical & Electronics,2A,6910,SAMPLE_DATA_NOT_REAL,1
2025,Final,E007,Siddaganga Institute of Technology,Electrical & Electronics,2A,8789,SAMPLE_DATA_NOT_REAL,99
2021,1,E007,Siddaganga Institute of Technology,Electrical & Electronics,2B,9116,SAMPLE_DATA_NOT_REAL,0
2021,2,E007,Siddaganga Institute of Technology,Electrical & Electronics,2B,9747,SAMPLE_DATA_NOT_REAL,1
2021,Final,E007,Siddaganga Institute of Technology,Electrical & Electronics,2B,10979,SAMPLE_DATA_NOT_REAL,99
2022,1,E007,Siddaganga Institute of Technology,Electrical & Electronics,2B,8141,SAMPLE_DATA_NOT_REAL,0
2022,2,E007,Siddaganga Institute of Technology,Electrical & Electronics,2B,9791,SAMPLE_DATA_NOT_REAL,1
2022,Final,E007,Siddaganga Institute of Technology,Electrical & Electronics,2B,11953,SAMPLE_DATA_NOT_REAL,99
2023,1,E007,Siddaganga Institute of Technology,Electrical & Electronics,2B,7590,SAMPLE_DATA_NOT_REAL,0
2023,2,E007,Siddaganga Institute of Technology,Electrical & Electronics,2B,8572,SAMPLE_DATA_NOT_REAL,1
2023,Final,E007,Siddaganga Institute of Technology,Electrical & Electronics,2B,10818,SAMPLE_DATA_NOT_REAL,99
2024,1,E007,Siddaganga Institute of Technology,Electrical & Electronics,2B,7628,SAMPLE_DATA_NOT_REAL,0
2024,2,E007,Siddaganga Institute of Technology,Electrical & Electronics,2B,9013,SAMPLE_DATA_NOT_REAL,1
2024,Final,E007,Siddaganga Institute of Technology,Electrical & Electronics,2B,11215,SAMPLE_DATA_NOT_REAL,99
2025,1,E007,Siddaganga Institute of Technology,Electrical & Electronics,2B,7125,SAMPLE_DATA_NOT_REAL,0
2025,2,E007,Siddaganga Institute of Technology,Electrical & Electronics,2B,8690,SAMPLE_DATA_NOT_REAL,1
2025,Final,E007,Siddaganga Institute of Technology,Electrical & Electronics,2B,10366,SAMPLE_DATA_NOT_REAL,99
2021,1,E007,Siddaganga Institute of Technology,Electrical & Electronics,3A,9579,SAMPLE_DATA_NOT_REAL,0
2021,2,E007,Siddaganga Institute of Technology,Electrical & Electronics,3A,11236,SAMPLE_DATA_NOT_REAL,1
2021,Final,E007,Siddaganga Institute of Technology,Electrical & Electronics,3A,13461,SAMPLE_DATA_NOT_REAL,99
2022,1,E007,Siddaganga Institute of Technology,Electrical & Electronics,3A,9404,SAMPLE_DATA_NOT_REAL,0
2022,2,E007,Siddaganga Institute of Technology,Electrical & Electronics,3A,10270,SAMPLE_DATA_NOT_REAL,1
2022,Final,E007,Siddaganga Institute of Technology,Electrical & Electronics,3A,11927,SAMPLE_DATA_NOT_REAL,99
2023,1,E007,Siddaganga Institute of Technology,Electrical & Electronics,3A,8390,SAMPLE_DATA_NOT_REAL,0
2023,2,E007,Siddaganga Institute of Technology,Electrical & Electronics,3A,10408,SAMPLE_DATA_NOT_REAL,1
2023,Final,E007,Siddaganga Institute of Technology,Electrical & Electronics,3A,10944,SAMPLE_DATA_NOT_REAL,99
2024,1,E007,Siddaganga Institute of Technology,Electrical & Electronics,3A,8353,SAMPLE_DATA_NOT_REAL,0
2024,2,E007,Siddaganga Institute of Technology,Electrical & Electronics,3A,8830,SAMPLE_DATA_NOT_REAL,1
2024,Final,E007,Siddaganga Institute of Technology,Electrical & Electronics,3A,11195,SAMPLE_DATA_NOT_REAL,99
2025,1,E007,Siddaganga Institute of Technology,Electrical & Electronics,3A,7613,SAMPLE_DATA_NOT_REAL,0
2025,2,E007,Siddaganga Institute of Technology,Electrical & Electronics,3A,9368,SAMPLE_DATA_NOT_REAL,1
2025,Final,E007,Siddaganga Institute of Technology,Electrical & Electronics,3A,11028,SAMPLE_DATA_NOT_REAL,99
2021,1,E007,Siddaganga Institute of Technology,Electrical & Electronics,3B,9659,SAMPLE_DATA_NOT_REAL,0
2021,2,E007,Siddaganga Institute of Technology,Electrical & Electronics,3B,11548,SAMPLE_DATA_NOT_REAL,1
2021,Final,E007,Siddaganga Institute of Technology,Electrical & Electronics,3B,13361,SAMPLE_DATA_NOT_REAL,99
2022,1,E007,Siddaganga Institute of Technology,Electrical & Electronics,3B,9829,SAMPLE_DATA_NOT_REAL,0
2022,2,E007,Siddaganga Institute of Technology,Electrical & Electronics,3B,10627,SAMPLE_DATA_NOT_REAL,1
2022,Final,E007,Siddaganga Institute of Technology,Electrical & Electronics,3B,12868,SAMPLE_DATA_NOT_REAL,99
2023,1,E007,Siddaganga Institute of Technology,Electrical & Electronics,3B,9070,SAMPLE_DATA_NOT_REAL,0
2023,2,E007,Siddaganga Institute of Technology,Electrical & Electronics,3B,10042,SAMPLE_DATA_NOT_REAL,1
2023,Final,E007,Siddaganga Institute of Technology,Electrical & Electronics,3B,11389,SAMPLE_DATA_NOT_REAL,99
2024,1,E007,Siddaganga Institute of Technology,Electrical & Electronics,3B,8310,SAMPLE_DATA_NOT_REAL,0
2024,2,E007,Siddaganga Institute of Technology,Electrical & Electronics,3B,10382,SAMPLE_DATA_NOT_REAL,1
2024,Final,E007,Siddaganga Institute of Technology,Electrical & Electronics,3B,12008,SAMPLE_DATA_NOT_REAL,99
2025,1,E007,Siddaganga Institute of Technology,Electrical & Electronics,3B,8171,SAMPLE_DATA_NOT_REAL,0
2025,2,E007,Siddaganga Institute of Technology,Electrical & Electronics,3B,8960,SAMPLE_DATA_NOT_REAL,1
2025,Final,E007,Siddaganga Institute of Technology,Electrical & Electronics,3B,11594,SAMPLE_DATA_NOT_REAL,99
2021,1,E007,Siddaganga Institute of Technology,Electrical & Electronics,CAT1,6937,SAMPLE_DATA_NOT_REAL,0
2021,2,E007,Siddaganga Institute of Technology,Electrical & Electronics,CAT1,8359,SAMPLE_DATA_NOT_REAL,1
2021,Final,E007,Siddaganga Institute of Technology,Electrical & Electronics,CAT1,9246,SAMPLE_DATA_NOT_REAL,99
2022,1,E007,Siddaganga Institute of Technology,Electrical & Electronics,CAT1,7034,SAMPLE_DATA_NOT_REAL,0
2022,2,E007,Siddaganga Institute of Technology,Electrical & Electronics,CAT1,7368,SAMPLE_DATA_NOT_REAL,1
2022,Final,E007,Siddaganga Institute of Technology,Electrical & Electronics,CAT1,9805,SAMPLE_DATA_NOT_REAL,99
2023,1,E007,Siddaganga Institute of Technology,Electrical & Electronics,CAT1,6485,SAMPLE_DATA_NOT_REAL,0
2023,2,E007,Siddaganga Institute of Technology,Electrical & Electronics,CAT1,7945,SAMPLE_DATA_NOT_REAL,1
2023,Final,E007,Siddaganga Institute of Technology,Electrical & Electronics,CAT1,8692,SAMPLE_DATA_NOT_REAL,99
2024,1,E007,Siddaganga Institute of Technology,Electrical & Electronics,CAT1,6380,SAMPLE_DATA_NOT_REAL,0
2024,2,E007,Siddaganga Institute of Technology,Electrical & Electronics,CAT1,6952,SAMPLE_DATA_NOT_REAL,1
2024,Final,E007,Siddaganga Institute of Technology,Electrical & Electronics,CAT1,8607,SAMPLE_DATA_NOT_REAL,99
2025,1,E007,Siddaganga Institute of Technology,Electrical & Electronics,CAT1,6422,SAMPLE_DATA_NOT_REAL,0
2025,2,E007,Siddaganga Institute of Technology,Electrical & Electronics,CAT1,7364,SAMPLE_DATA_NOT_REAL,1
2025,Final,E007,Siddaganga Institute of Technology,Electrical & Electronics,CAT1,7839,SAMPLE_DATA_NOT_REAL,99
2021,1,E007,Siddaganga Institute of Technology,Electrical & Electronics,GM,5858,SAMPLE_DATA_NOT_REAL,0
2021,2,E007,Siddaganga Institute of Technology,Electrical & Electronics,GM,6415,SAMPLE_DATA_NOT_REAL,1
2021,Final,E007,Siddaganga Institute of Technology,Electrical & Electronics,GM,7160,SAMPLE_DATA_NOT_REAL,99
2022,1,E007,Siddaganga Institute of Technology,Electrical & Electronics,GM,5572,SAMPLE_DATA_NOT_REAL,0
2022,2,E007,Siddaganga Institute of Technology,Electrical & Electronics,GM,6374,SAMPLE_DATA_NOT_REAL,1
2022,Final,E007,Siddaganga Institute of Technology,Electrical & Electronics,GM,7211,SAMPLE_DATA_NOT_REAL,99
2023,1,E007,Siddaganga Institute of Technology,Electrical & Electronics,GM,5058,SAMPLE_DATA_NOT_REAL,0
2023,2,E007,Siddaganga Institute of Technology,Electrical & Electronics,GM,5642,SAMPLE_DATA_NOT_REAL,1
2023,Final,E007,Siddaganga Institute of Technology,Electrical & Electronics,GM,7357,SAMPLE_DATA_NOT_REAL,99
2024,1,E007,Siddaganga Institute of Technology,Electrical & Electronics,GM,4578,SAMPLE_DATA_NOT_REAL,0
2024,2,E007,Siddaganga Institute of Technology,Electrical & Electronics,GM,5687,SAMPLE_DATA_NOT_REAL,1
2024,Final,E007,Siddaganga Institute of Technology,Electrical & Electronics,GM,7036,SAMPLE_DATA_NOT_REAL,99
2025,1,E007,Siddaganga Institute of Technology,Electrical & Electronics,GM,4607,SAMPLE_DATA_NOT_REAL,0
2025,2,E007,Siddaganga Institute of Technology,Electrical & Electronics,GM,5223,SAMPLE_DATA_NOT_REAL,1
2025,Final,E007,Siddaganga Institute of Technology,Electrical & Electronics,GM,6513,SAMPLE_DATA_NOT_REAL,99
2021,1,E007,Siddaganga Institute of Technology,Electrical & Electronics,SC,15323,SAMPLE_DATA_NOT_REAL,0
2021,2,E007,Siddaganga Institute of Technology,Electrical & Electronics,SC,18476,SAMPLE_DATA_NOT_REAL,1
2021,Final,E007,Siddaganga Institute of Technology,Electrical & Electronics,SC,23953,SAMPLE_DATA_NOT_REAL,99
2022,1,E007,Siddaganga Institute of Technology,Electrical & Electronics,SC,15339,SAMPLE_DATA_NOT_REAL,0
2022,2,E007,Siddaganga Institute of Technology,Electrical & Electronics,SC,18697,SAMPLE_DATA_NOT_REAL,1
2022,Final,E007,Siddaganga Institute of Technology,Electrical & Electronics,SC,22578,SAMPLE_DATA_NOT_REAL,99
2023,1,E007,Siddaganga Institute of Technology,Electrical & Electronics,SC,15336,SAMPLE_DATA_NOT_REAL,0
2023,2,E007,Siddaganga Institute of Technology,Electrical & Electronics,SC,16304,SAMPLE_DATA_NOT_REAL,1
2023,Final,E007,Siddaganga Institute of Technology,Electrical & Electronics,SC,21515,SAMPLE_DATA_NOT_REAL,99
2024,1,E007,Siddaganga Institute of Technology,Electrical & Electronics,SC,14981,SAMPLE_DATA_NOT_REAL,0
2024,2,E007,Siddaganga Institute of Technology,Electrical & Electronics,SC,15951,SAMPLE_DATA_NOT_REAL,1
2024,Final,E007,Siddaganga Institute of Technology,Electrical & Electronics,SC,20500,SAMPLE_DATA_NOT_REAL,99
2025,1,E007,Siddaganga Institute of Technology,Electrical & Electronics,SC,13652,SAMPLE_DATA_NOT_REAL,0
2025,2,E007,Siddaganga Institute of Technology,Electrical & Electronics,SC,16091,SAMPLE_DATA_NOT_REAL,1
2025,Final,E007,Siddaganga Institute of Technology,Electrical & Electronics,SC,20155,SAMPLE_DATA_NOT_REAL,99
2021,1,E007,Siddaganga Institute of Technology,Electrical & Electronics,ST,22517,SAMPLE_DATA_NOT_REAL,0
2021,2,E007,Siddaganga Institute of Technology,Electrical & Electronics,ST,25783,SAMPLE_DATA_NOT_REAL,1
2021,Final,E007,Siddaganga Institute of Technology,Electrical & Electronics,ST,29823,SAMPLE_DATA_NOT_REAL,99
2022,1,E007,Siddaganga Institute of Technology,Electrical & Electronics,ST,21392,SAMPLE_DATA_NOT_REAL,0
2022,2,E007,Siddaganga Institute of Technology,Electrical & Electronics,ST,22472,SAMPLE_DATA_NOT_REAL,1
2022,Final,E007,Siddaganga Institute of Technology,Electrical & Electronics,ST,28320,SAMPLE_DATA_NOT_REAL,99
2023,1,E007,Siddaganga Institute of Technology,Electrical & Electronics,ST,20761,SAMPLE_DATA_NOT_REAL,0
2023,2,E007,Siddaganga Institute of Technology,Electrical & Electronics,ST,23899,SAMPLE_DATA_NOT_REAL,1
2023,Final,E007,Siddaganga Institute of Technology,Electrical & Electronics,ST,25985,SAMPLE_DATA_NOT_REAL,99
2024,1,E007,Siddaganga Institute of Technology,Electrical & Electronics,ST,18842,SAMPLE_DATA_NOT_REAL,0
2024,2,E007,Siddaganga Institute of Technology,Electrical & Electronics,ST,24042,SAMPLE_DATA_NOT_REAL,1
2024,Final,E007,Siddaganga Institute of Technology,Electrical & Electronics,ST,25927,SAMPLE_DATA_NOT_REAL,99
2025,1,E007,Siddaganga Institute of Technology,Electrical & Electronics,ST,17283,SAMPLE_DATA_NOT_REAL,0
2025,2,E007,Siddaganga Institute of Technology,Electrical & Electronics,ST,22579,SAMPLE_DATA_NOT_REAL,1
2025,Final,E007,Siddaganga Institute of Technology,Electrical & Electronics,ST,26105,SAMPLE_DATA_NOT_REAL,99
2021,1,E007,Siddaganga Institute of Technology,Electronics & Comm.,1G,5137,SAMPLE_DATA_NOT_REAL,0
2021,2,E007,Siddaganga Institute of Technology,Electronics & Comm.,1G,6515,SAMPLE_DATA_NOT_REAL,1
2021,Final,E007,Siddaganga Institute of Technology,Electronics & Comm.,1G,7356,SAMPLE_DATA_NOT_REAL,99
2022,1,E007,Siddaganga Institute of Technology,Electronics & Comm.,1G,5019,SAMPLE_DATA_NOT_REAL,0
2022,2,E007,Siddaganga Institute of Technology,Electronics & Comm.,1G,6038,SAMPLE_DATA_NOT_REAL,1
2022,Final,E007,Siddaganga Institute of Technology,Electronics & Comm.,1G,6470,SAMPLE_DATA_NOT_REAL,99
2023,1,E007,Siddaganga Institute of Technology,Electronics & Comm.,1G,4887,SAMPLE_DATA_NOT_REAL,0
2023,2,E007,Siddaganga Institute of Technology,Electronics & Comm.,1G,5640,SAMPLE_DATA_NOT_REAL,1
2023,Final,E007,Siddaganga Institute of Technology,Electronics & Comm.,1G,6236,SAMPLE_DATA_NOT_REAL,99
2024,1,E007,Siddaganga Institute of Technology,Electronics & Comm.,1G,4813,SAMPLE_DATA_NOT_REAL,0
2024,2,E007,Siddaganga Institute of Technology,Electronics & Comm.,1G,5825,SAMPLE_DATA_NOT_REAL,1
2024,Final,E007,Siddaganga Institute of Technology,Electronics & Comm.,1G,6703,SAMPLE_DATA_NOT_REAL,99
2025,1,E007,Siddaganga Institute of Technology,Electronics & Comm.,1G,4715,SAMPLE_DATA_NOT_REAL,0
2025,2,E007,Siddaganga Institute of Technology,Electronics & Comm.,1G,5238,SAMPLE_DATA_NOT_REAL,1
2025,Final,E007,Siddaganga Institute of Technology,Electronics & Comm.,1G,6299,SAMPLE_DATA_NOT_REAL,99
2021,1,E007,Siddaganga Institute of Technology,Electronics & Comm.,2A,6686,SAMPLE_DATA_NOT_REAL,0
2021,2,E007,Siddaganga Institute of Technology,Electronics & Comm.,2A,8414,SAMPLE_DATA_NOT_REAL,1
2021,Final,E007,Siddaganga Institute of Technology,Electronics & Comm.,2A,9119,SAMPLE_DATA_NOT_REAL,99
2022,1,E007,Siddaganga Institute of Technology,Electronics & Comm.,2A,6784,SAMPLE_DATA_NOT_REAL,0
2022,2,E007,Siddaganga Institute of Technology,Electronics & Comm.,2A,7310,SAMPLE_DATA_NOT_REAL,1
2022,Final,E007,Siddaganga Institute of Technology,Electronics & Comm.,2A,8441,SAMPLE_DATA_NOT_REAL,99
2023,1,E007,Siddaganga Institute of Technology,Electronics & Comm.,2A,6822,SAMPLE_DATA_NOT_REAL,0
2023,2,E007,Siddaganga Institute of Technology,Electronics & Comm.,2A,6828,SAMPLE_DATA_NOT_REAL,1
2023,Final,E007,Siddaganga Institute of Technology,Electronics & Comm.,2A,8416,SAMPLE_DATA_NOT_REAL,99
2024,1,E007,Siddaganga Institute of Technology,Electronics & Comm.,2A,5826,SAMPLE_DATA_NOT_REAL,0
2024,2,E007,Siddaganga Institute of Technology,Electronics & Comm.,2A,6889,SAMPLE_DATA_NOT_REAL,1
2024,Final,E007,Siddaganga Institute of Technology,Electronics & Comm.,2A,7676,SAMPLE_DATA_NOT_REAL,99
2025,1,E007,Siddaganga Institute of Technology,Electronics & Comm.,2A,6059,SAMPLE_DATA_NOT_REAL,0
2025,2,E007,Siddaganga Institute of Technology,Electronics & Comm.,2A,6531,SAMPLE_DATA_NOT_REAL,1
2025,Final,E007,Siddaganga Institute of Technology,Electronics & Comm.,2A,7344,SAMPLE_DATA_NOT_REAL,99
2021,1,E007,Siddaganga Institute of Technology,Electronics & Comm.,2B,8316,SAMPLE_DATA_NOT_REAL,0
2021,2,E007,Siddaganga Institute of Technology,Electronics & Comm.,2B,9293,SAMPLE_DATA_NOT_REAL,1
2021,Final,E007,Siddaganga Institute of Technology,Electronics & Comm.,2B,10557,SAMPLE_DATA_NOT_REAL,99
2022,1,E007,Siddaganga Institute of Technology,Electronics & Comm.,2B,7597,SAMPLE_DATA_NOT_REAL,0
2022,2,E007,Siddaganga Institute of Technology,Electronics & Comm.,2B,8556,SAMPLE_DATA_NOT_REAL,1
2022,Final,E007,Siddaganga Institute of Technology,Electronics & Comm.,2B,9844,SAMPLE_DATA_NOT_REAL,99
2023,1,E007,Siddaganga Institute of Technology,Electronics & Comm.,2B,7723,SAMPLE_DATA_NOT_REAL,0
2023,2,E007,Siddaganga Institute of Technology,Electronics & Comm.,2B,7758,SAMPLE_DATA_NOT_REAL,1
2023,Final,E007,Siddaganga Institute of Technology,Electronics & Comm.,2B,9127,SAMPLE_DATA_NOT_REAL,99
2024,1,E007,Siddaganga Institute of Technology,Electronics & Comm.,2B,7133,SAMPLE_DATA_NOT_REAL,0
2024,2,E007,Siddaganga Institute of Technology,Electronics & Comm.,2B,8365,SAMPLE_DATA_NOT_REAL,1
2024,Final,E007,Siddaganga Institute of Technology,Electronics & Comm.,2B,9902,SAMPLE_DATA_NOT_REAL,99
2025,1,E007,Siddaganga Institute of Technology,Electronics & Comm.,2B,6990,SAMPLE_DATA_NOT_REAL,0
2025,2,E007,Siddaganga Institute of Technology,Electronics & Comm.,2B,7297,SAMPLE_DATA_NOT_REAL,1
2025,Final,E007,Siddaganga Institute of Technology,Electronics & Comm.,2B,8486,SAMPLE_DATA_NOT_REAL,99
2021,1,E007,Siddaganga Institute of Technology,Electronics & Comm.,3A,8972,SAMPLE_DATA_NOT_REAL,0
2021,2,E007,Siddaganga Institute of Technology,Electronics & Comm.,3A,9076,SAMPLE_DATA_NOT_REAL,1
2021,Final,E007,Siddaganga Institute of Technology,Electronics & Comm.,3A,11515,SAMPLE_DATA_NOT_REAL,99
2022,1,E007,Siddaganga Institute of Technology,Electronics & Comm.,3A,8056,SAMPLE_DATA_NOT_REAL,0
2022,2,E007,Siddaganga Institute of Technology,Electronics & Comm.,3A,9146,SAMPLE_DATA_NOT_REAL,1
2022,Final,E007,Siddaganga Institute of Technology,Electronics & Comm.,3A,10096,SAMPLE_DATA_NOT_REAL,99
2023,1,E007,Siddaganga Institute of Technology,Electronics & Comm.,3A,8017,SAMPLE_DATA_NOT_REAL,0
2023,2,E007,Siddaganga Institute of Technology,Electronics & Comm.,3A,8557,SAMPLE_DATA_NOT_REAL,1
2023,Final,E007,Siddaganga Institute of Technology,Electronics & Comm.,3A,10390,SAMPLE_DATA_NOT_REAL,99
2024,1,E007,Siddaganga Institute of Technology,Electronics & Comm.,3A,6888,SAMPLE_DATA_NOT_REAL,0
2024,2,E007,Siddaganga Institute of Technology,Electronics & Comm.,3A,8318,SAMPLE_DATA_NOT_REAL,1
2024,Final,E007,Siddaganga Institute of Technology,Electronics & Comm.,3A,9325,SAMPLE_DATA_NOT_REAL,99
2025,1,E007,Siddaganga Institute of Technology,Electronics & Comm.,3A,7431,SAMPLE_DATA_NOT_REAL,0
2025,2,E007,Siddaganga Institute of Technology,Electronics & Comm.,3A,7636,SAMPLE_DATA_NOT_REAL,1
2025,Final,E007,Siddaganga Institute of Technology,Electronics & Comm.,3A,9526,SAMPLE_DATA_NOT_REAL,99
2021,1,E007,Siddaganga Institute of Technology,Electronics & Comm.,3B,8527,SAMPLE_DATA_NOT_REAL,0
2021,2,E007,Siddaganga Institute of Technology,Electronics & Comm.,3B,10071,SAMPLE_DATA_NOT_REAL,1
2021,Final,E007,Siddaganga Institute of Technology,Electronics & Comm.,3B,12852,SAMPLE_DATA_NOT_REAL,99
2022,1,E007,Siddaganga Institute of Technology,Electronics & Comm.,3B,8925,SAMPLE_DATA_NOT_REAL,0
2022,2,E007,Siddaganga Institute of Technology,Electronics & Comm.,3B,9968,SAMPLE_DATA_NOT_REAL,1
2022,Final,E007,Siddaganga Institute of Technology,Electronics & Comm.,3B,12087,SAMPLE_DATA_NOT_REAL,99
2023,1,E007,Siddaganga Institute of Technology,Electronics & Comm.,3B,7852,SAMPLE_DATA_NOT_REAL,0
2023,2,E007,Siddaganga Institute of Technology,Electronics & Comm.,3B,10039,SAMPLE_DATA_NOT_REAL,1
2023,Final,E007,Siddaganga Institute of Technology,Electronics & Comm.,3B,11480,SAMPLE_DATA_NOT_REAL,99
2024,1,E007,Siddaganga Institute of Technology,Electronics & Comm.,3B,8360,SAMPLE_DATA_NOT_REAL,0
2024,2,E007,Siddaganga Institute of Technology,Electronics & Comm.,3B,8943,SAMPLE_DATA_NOT_REAL,1
2024,Final,E007,Siddaganga Institute of Technology,Electronics & Comm.,3B,10283,SAMPLE_DATA_NOT_REAL,99
2025,1,E007,Siddaganga Institute of Technology,Electronics & Comm.,3B,7922,SAMPLE_DATA_NOT_REAL,0
2025,2,E007,Siddaganga Institute of Technology,Electronics & Comm.,3B,8766,SAMPLE_DATA_NOT_REAL,1
2025,Final,E007,Siddaganga Institute of Technology,Electronics & Comm.,3B,9576,SAMPLE_DATA_NOT_REAL,99
2021,1,E007,Siddaganga Institute of Technology,Electronics & Comm.,CAT1,6876,SAMPLE_DATA_NOT_REAL,0
2021,2,E007,Siddaganga Institute of Technology,Electronics & Comm.,CAT1,7505,SAMPLE_DATA_NOT_REAL,1
2021,Final,E007,Siddaganga Institute of Technology,Electronics & Comm.,CAT1,9017,SAMPLE_DATA_NOT_REAL,99
2022,1,E007,Siddaganga Institute of Technology,Electronics & Comm.,CAT1,5909,SAMPLE_DATA_NOT_REAL,0
2022,2,E007,Siddaganga Institute of Technology,Electronics & Comm.,CAT1,7066,SAMPLE_DATA_NOT_REAL,1
2022,Final,E007,Siddaganga Institute of Technology,Electronics & Comm.,CAT1,8260,SAMPLE_DATA_NOT_REAL,99
2023,1,E007,Siddaganga Institute of Technology,Electronics & Comm.,CAT1,5839,SAMPLE_DATA_NOT_REAL,0
2023,2,E007,Siddaganga Institute of Technology,Electronics & Comm.,CAT1,7174,SAMPLE_DATA_NOT_REAL,1
2023,Final,E007,Siddaganga Institute of Technology,Electronics & Comm.,CAT1,8018,SAMPLE_DATA_NOT_REAL,99
2024,1,E007,Siddaganga Institute of Technology,Electronics & Comm.,CAT1,5732,SAMPLE_DATA_NOT_REAL,0
2024,2,E007,Siddaganga Institute of Technology,Electronics & Comm.,CAT1,6050,SAMPLE_DATA_NOT_REAL,1
2024,Final,E007,Siddaganga Institute of Technology,Electronics & Comm.,CAT1,7595,SAMPLE_DATA_NOT_REAL,99
2025,1,E007,Siddaganga Institute of Technology,Electronics & Comm.,CAT1,5639,SAMPLE_DATA_NOT_REAL,0
2025,2,E007,Siddaganga Institute of Technology,Electronics & Comm.,CAT1,5930,SAMPLE_DATA_NOT_REAL,1
2025,Final,E007,Siddaganga Institute of Technology,Electronics & Comm.,CAT1,7321,SAMPLE_DATA_NOT_REAL,99
2021,1,E007,Siddaganga Institute of Technology,Electronics & Comm.,GM,4537,SAMPLE_DATA_NOT_REAL,0
2021,2,E007,Siddaganga Institute of Technology,Electronics & Comm.,GM,5204,SAMPLE_DATA_NOT_REAL,1
2021,Final,E007,Siddaganga Institute of Technology,Electronics & Comm.,GM,7148,SAMPLE_DATA_NOT_REAL,99
2022,1,E007,Siddaganga Institute of Technology,Electronics & Comm.,GM,4355,SAMPLE_DATA_NOT_REAL,0
2022,2,E007,Siddaganga Institute of Technology,Electronics & Comm.,GM,5413,SAMPLE_DATA_NOT_REAL,1
2022,Final,E007,Siddaganga Institute of Technology,Electronics & Comm.,GM,6059,SAMPLE_DATA_NOT_REAL,99
2023,1,E007,Siddaganga Institute of Technology,Electronics & Comm.,GM,4529,SAMPLE_DATA_NOT_REAL,0
2023,2,E007,Siddaganga Institute of Technology,Electronics & Comm.,GM,5006,SAMPLE_DATA_NOT_REAL,1
2023,Final,E007,Siddaganga Institute of Technology,Electronics & Comm.,GM,6180,SAMPLE_DATA_NOT_REAL,99
2024,1,E007,Siddaganga Institute of Technology,Electronics & Comm.,GM,4545,SAMPLE_DATA_NOT_REAL,0
2024,2,E007,Siddaganga Institute of Technology,Electronics & Comm.,GM,5214,SAMPLE_DATA_NOT_REAL,1
2024,Final,E007,Siddaganga Institute of Technology,Electronics & Comm.,GM,5608,SAMPLE_DATA_NOT_REAL,99
2025,1,E007,Siddaganga Institute of Technology,Electronics & Comm.,GM,4393,SAMPLE_DATA_NOT_REAL,0
2025,2,E007,Siddaganga Institute of Technology,Electronics & Comm.,GM,5014,SAMPLE_DATA_NOT_REAL,1
2025,Final,E007,Siddaganga Institute of Technology,Electronics & Comm.,GM,5519,SAMPLE_DATA_NOT_REAL,99
2021,1,E007,Siddaganga Institute of Technology,Electronics & Comm.,SC,15067,SAMPLE_DATA_NOT_REAL,0
2021,2,E007,Siddaganga Institute of Technology,Electronics & Comm.,SC,16524,SAMPLE_DATA_NOT_REAL,1
2021,Final,E007,Siddaganga Institute of Technology,Electronics & Comm.,SC,19106,SAMPLE_DATA_NOT_REAL,99
2022,1,E007,Siddaganga Institute of Technology,Electronics & Comm.,SC,13572,SAMPLE_DATA_NOT_REAL,0
2022,2,E007,Siddaganga Institute of Technology,Electronics & Comm.,SC,17254,SAMPLE_DATA_NOT_REAL,1
2022,Final,E007,Siddaganga Institute of Technology,Electronics & Comm.,SC,18508,SAMPLE_DATA_NOT_REAL,99
2023,1,E007,Siddaganga Institute of Technology,Electronics & Comm.,SC,14585,SAMPLE_DATA_NOT_REAL,0
2023,2,E007,Siddaganga Institute of Technology,Electronics & Comm.,SC,16371,SAMPLE_DATA_NOT_REAL,1
2023,Final,E007,Siddaganga Institute of Technology,Electronics & Comm.,SC,17246,SAMPLE_DATA_NOT_REAL,99
2024,1,E007,Siddaganga Institute of Technology,Electronics & Comm.,SC,13190,SAMPLE_DATA_NOT_REAL,0
2024,2,E007,Siddaganga Institute of Technology,Electronics & Comm.,SC,15310,SAMPLE_DATA_NOT_REAL,1
2024,Final,E007,Siddaganga Institute of Technology,Electronics & Comm.,SC,16379,SAMPLE_DATA_NOT_REAL,99
2025,1,E007,Siddaganga Institute of Technology,Electronics & Comm.,SC,12757,SAMPLE_DATA_NOT_REAL,0
2025,2,E007,Siddaganga Institute of Technology,Electronics & Comm.,SC,13395,SAMPLE_DATA_NOT_REAL,1
2025,Final,E007,Siddaganga Institute of Technology,Electronics & Comm.,SC,16054,SAMPLE_DATA_NOT_REAL,99
2021,1,E007,Siddaganga Institute of Technology,Electronics & Comm.,ST,19329,SAMPLE_DATA_NOT_REAL,0
2021,2,E007,Siddaganga Institute of Technology,Electronics & Comm.,ST,22907,SAMPLE_DATA_NOT_REAL,1
2021,Final,E007,Siddaganga Institute of Technology,Electronics & Comm.,ST,24467,SAMPLE_DATA_NOT_REAL,99
2022,1,E007,Siddaganga Institute of Technology,Electronics & Comm.,ST,18394,SAMPLE_DATA_NOT_REAL,0
2022,2,E007,Siddaganga Institute of Technology,Electronics & Comm.,ST,20275,SAMPLE_DATA_NOT_REAL,1
2022,Final,E007,Siddaganga Institute of Technology,Electronics & Comm.,ST,25041,SAMPLE_DATA_NOT_REAL,99
2023,1,E007,Siddaganga Institute of Technology,Electronics & Comm.,ST,19467,SAMPLE_DATA_NOT_REAL,0
2023,2,E007,Siddaganga Institute of Technology,Electronics & Comm.,ST,22341,SAMPLE_DATA_NOT_REAL,1
2023,Final,E007,Siddaganga Institute of Technology,Electronics & Comm.,ST,23012,SAMPLE_DATA_NOT_REAL,99
2024,1,E007,Siddaganga Institute of Technology,Electronics & Comm.,ST,17343,SAMPLE_DATA_NOT_REAL,0
2024,2,E007,Siddaganga Institute of Technology,Electronics & Comm.,ST,21139,SAMPLE_DATA_NOT_REAL,1
2024,Final,E007,Siddaganga Institute of Technology,Electronics & Comm.,ST,24593,SAMPLE_DATA_NOT_REAL,99
2025,1,E007,Siddaganga Institute of Technology,Electronics & Comm.,ST,16104,SAMPLE_DATA_NOT_REAL,0
2025,2,E007,Siddaganga Institute of Technology,Electronics & Comm.,ST,20076,SAMPLE_DATA_NOT_REAL,1
2025,Final,E007,Siddaganga Institute of Technology,Electronics & Comm.,ST,20768,SAMPLE_DATA_NOT_REAL,99
2021,1,E007,Siddaganga Institute of Technology,Information Science,1G,5953,SAMPLE_DATA_NOT_REAL,0
2021,2,E007,Siddaganga Institute of Technology,Information Science,1G,6845,SAMPLE_DATA_NOT_REAL,1
2021,Final,E007,Siddaganga Institute of Technology,Information Science,1G,7271,SAMPLE_DATA_NOT_REAL,99
2022,1,E007,Siddaganga Institute of Technology,Information Science,1G,5527,SAMPLE_DATA_NOT_REAL,0
2022,2,E007,Siddaganga Institute of Technology,Information Science,1G,6567,SAMPLE_DATA_NOT_REAL,1
2022,Final,E007,Siddaganga Institute of Technology,Information Science,1G,7366,SAMPLE_DATA_NOT_REAL,99
2023,1,E007,Siddaganga Institute of Technology,Information Science,1G,5527,SAMPLE_DATA_NOT_REAL,0
2023,2,E007,Siddaganga Institute of Technology,Information Science,1G,6350,SAMPLE_DATA_NOT_REAL,1
2023,Final,E007,Siddaganga Institute of Technology,Information Science,1G,6930,SAMPLE_DATA_NOT_REAL,99
2024,1,E007,Siddaganga Institute of Technology,Information Science,1G,5009,SAMPLE_DATA_NOT_REAL,0
2024,2,E007,Siddaganga Institute of Technology,Information Science,1G,5342,SAMPLE_DATA_NOT_REAL,1
2024,Final,E007,Siddaganga Institute of Technology,Information Science,1G,7084,SAMPLE_DATA_NOT_REAL,99
2025,1,E007,Siddaganga Institute of Technology,Information Science,1G,4649,SAMPLE_DATA_NOT_REAL,0
2025,2,E007,Siddaganga Institute of Technology,Information Science,1G,5628,SAMPLE_DATA_NOT_REAL,1
2025,Final,E007,Siddaganga Institute of Technology,Information Science,1G,6709,SAMPLE_DATA_NOT_REAL,99
2021,1,E007,Siddaganga Institute of Technology,Information Science,2A,7561,SAMPLE_DATA_NOT_REAL,0
2021,2,E007,Siddaganga Institute of Technology,Information Science,2A,8381,SAMPLE_DATA_NOT_REAL,1
2021,Final,E007,Siddaganga Institute of Technology,Information Science,2A,9525,SAMPLE_DATA_NOT_REAL,99
2022,1,E007,Siddaganga Institute of Technology,Information Science,2A,6698,SAMPLE_DATA_NOT_REAL,0
2022,2,E007,Siddaganga Institute of Technology,Information Science,2A,7424,SAMPLE_DATA_NOT_REAL,1
2022,Final,E007,Siddaganga Institute of Technology,Information Science,2A,9772,SAMPLE_DATA_NOT_REAL,99
2023,1,E007,Siddaganga Institute of Technology,Information Science,2A,6250,SAMPLE_DATA_NOT_REAL,0
2023,2,E007,Siddaganga Institute of Technology,Information Science,2A,7395,SAMPLE_DATA_NOT_REAL,1
2023,Final,E007,Siddaganga Institute of Technology,Information Science,2A,9033,SAMPLE_DATA_NOT_REAL,99
2024,1,E007,Siddaganga Institute of Technology,Information Science,2A,6807,SAMPLE_DATA_NOT_REAL,0
2024,2,E007,Siddaganga Institute of Technology,Information Science,2A,7252,SAMPLE_DATA_NOT_REAL,1
2024,Final,E007,Siddaganga Institute of Technology,Information Science,2A,8934,SAMPLE_DATA_NOT_REAL,99
2025,1,E007,Siddaganga Institute of Technology,Information Science,2A,6173,SAMPLE_DATA_NOT_REAL,0
2025,2,E007,Siddaganga Institute of Technology,Information Science,2A,6438,SAMPLE_DATA_NOT_REAL,1
2025,Final,E007,Siddaganga Institute of Technology,Information Science,2A,8753,SAMPLE_DATA_NOT_REAL,99
2021,1,E007,Siddaganga Institute of Technology,Information Science,2B,7810,SAMPLE_DATA_NOT_REAL,0
2021,2,E007,Siddaganga Institute of Technology,Information Science,2B,9009,SAMPLE_DATA_NOT_REAL,1
2021,Final,E007,Siddaganga Institute of Technology,Information Science,2B,11323,SAMPLE_DATA_NOT_REAL,99
2022,1,E007,Siddaganga Institute of Technology,Information Science,2B,7442,SAMPLE_DATA_NOT_REAL,0
2022,2,E007,Siddaganga Institute of Technology,Information Science,2B,9551,SAMPLE_DATA_NOT_REAL,1
2022,Final,E007,Siddaganga Institute of Technology,Information Science,2B,10005,SAMPLE_DATA_NOT_REAL,99
2023,1,E007,Siddaganga Institute of Technology,Information Science,2B,7627,SAMPLE_DATA_NOT_REAL,0
2023,2,E007,Siddaganga Institute of Technology,Information Science,2B,9304,SAMPLE_DATA_NOT_REAL,1
2023,Final,E007,Siddaganga Institute of Technology,Information Science,2B,10176,SAMPLE_DATA_NOT_REAL,99
2024,1,E007,Siddaganga Institute of Technology,Information Science,2B,7096,SAMPLE_DATA_NOT_REAL,0
2024,2,E007,Siddaganga Institute of Technology,Information Science,2B,8056,SAMPLE_DATA_NOT_REAL,1
2024,Final,E007,Siddaganga Institute of Technology,Information Science,2B,10293,SAMPLE_DATA_NOT_REAL,99
2025,1,E007,Siddaganga Institute of Technology,Information Science,2B,7322,SAMPLE_DATA_NOT_REAL,0
2025,2,E007,Siddaganga Institute of Technology,Information Science,2B,7835,SAMPLE_DATA_NOT_REAL,1
2025,Final,E007,Siddaganga Institute of Technology,Information Science,2B,9514,SAMPLE_DATA_NOT_REAL,99
2021,1,E007,Siddaganga Institute of Technology,Information Science,3A,9123,SAMPLE_DATA_NOT_REAL,0
2021,2,E007,Siddaganga Institute of Technology,Information Science,3A,10646,SAMPLE_DATA_NOT_REAL,1
2021,Final,E007,Siddaganga Institute of Technology,Information Science,3A,10946,SAMPLE_DATA_NOT_REAL,99
2022,1,E007,Siddaganga Institute of Technology,Information Science,3A,8386,SAMPLE_DATA_NOT_REAL,0
2022,2,E007,Siddaganga Institute of Technology,Information Science,3A,9203,SAMPLE_DATA_NOT_REAL,1
2022,Final,E007,Siddaganga Institute of Technology,Information Science,3A,11003,SAMPLE_DATA_NOT_REAL,99
2023,1,E007,Siddaganga Institute of Technology,Information Science,3A,8298,SAMPLE_DATA_NOT_REAL,0
2023,2,E007,Siddaganga Institute of Technology,Information Science,3A,8874,SAMPLE_DATA_NOT_REAL,1
2023,Final,E007,Siddaganga Institute of Technology,Information Science,3A,10323,SAMPLE_DATA_NOT_REAL,99
2024,1,E007,Siddaganga Institute of Technology,Information Science,3A,7487,SAMPLE_DATA_NOT_REAL,0
2024,2,E007,Siddaganga Institute of Technology,Information Science,3A,9122,SAMPLE_DATA_NOT_REAL,1
2024,Final,E007,Siddaganga Institute of Technology,Information Science,3A,10431,SAMPLE_DATA_NOT_REAL,99
2025,1,E007,Siddaganga Institute of Technology,Information Science,3A,7561,SAMPLE_DATA_NOT_REAL,0
2025,2,E007,Siddaganga Institute of Technology,Information Science,3A,8882,SAMPLE_DATA_NOT_REAL,1
2025,Final,E007,Siddaganga Institute of Technology,Information Science,3A,9404,SAMPLE_DATA_NOT_REAL,99
2021,1,E007,Siddaganga Institute of Technology,Information Science,3B,9136,SAMPLE_DATA_NOT_REAL,0
2021,2,E007,Siddaganga Institute of Technology,Information Science,3B,9970,SAMPLE_DATA_NOT_REAL,1
2021,Final,E007,Siddaganga Institute of Technology,Information Science,3B,13355,SAMPLE_DATA_NOT_REAL,99
2022,1,E007,Siddaganga Institute of Technology,Information Science,3B,8867,SAMPLE_DATA_NOT_REAL,0
2022,2,E007,Siddaganga Institute of Technology,Information Science,3B,10494,SAMPLE_DATA_NOT_REAL,1
2022,Final,E007,Siddaganga Institute of Technology,Information Science,3B,11778,SAMPLE_DATA_NOT_REAL,99
2023,1,E007,Siddaganga Institute of Technology,Information Science,3B,7970,SAMPLE_DATA_NOT_REAL,0
2023,2,E007,Siddaganga Institute of Technology,Information Science,3B,9910,SAMPLE_DATA_NOT_REAL,1
2023,Final,E007,Siddaganga Institute of Technology,Information Science,3B,11055,SAMPLE_DATA_NOT_REAL,99
2024,1,E007,Siddaganga Institute of Technology,Information Science,3B,8543,SAMPLE_DATA_NOT_REAL,0
2024,2,E007,Siddaganga Institute of Technology,Information Science,3B,9891,SAMPLE_DATA_NOT_REAL,1
2024,Final,E007,Siddaganga Institute of Technology,Information Science,3B,10608,SAMPLE_DATA_NOT_REAL,99
2025,1,E007,Siddaganga Institute of Technology,Information Science,3B,7348,SAMPLE_DATA_NOT_REAL,0
2025,2,E007,Siddaganga Institute of Technology,Information Science,3B,9527,SAMPLE_DATA_NOT_REAL,1
2025,Final,E007,Siddaganga Institute of Technology,Information Science,3B,10925,SAMPLE_DATA_NOT_REAL,99
2021,1,E007,Siddaganga Institute of Technology,Information Science,CAT1,6351,SAMPLE_DATA_NOT_REAL,0
2021,2,E007,Siddaganga Institute of Technology,Information Science,CAT1,7338,SAMPLE_DATA_NOT_REAL,1
2021,Final,E007,Siddaganga Institute of Technology,Information Science,CAT1,8975,SAMPLE_DATA_NOT_REAL,99
2022,1,E007,Siddaganga Institute of Technology,Information Science,CAT1,5868,SAMPLE_DATA_NOT_REAL,0
2022,2,E007,Siddaganga Institute of Technology,Information Science,CAT1,7538,SAMPLE_DATA_NOT_REAL,1
2022,Final,E007,Siddaganga Institute of Technology,Information Science,CAT1,8744,SAMPLE_DATA_NOT_REAL,99
2023,1,E007,Siddaganga Institute of Technology,Information Science,CAT1,6495,SAMPLE_DATA_NOT_REAL,0
2023,2,E007,Siddaganga Institute of Technology,Information Science,CAT1,7122,SAMPLE_DATA_NOT_REAL,1
2023,Final,E007,Siddaganga Institute of Technology,Information Science,CAT1,7710,SAMPLE_DATA_NOT_REAL,99
2024,1,E007,Siddaganga Institute of Technology,Information Science,CAT1,5814,SAMPLE_DATA_NOT_REAL,0
2024,2,E007,Siddaganga Institute of Technology,Information Science,CAT1,6707,SAMPLE_DATA_NOT_REAL,1
2024,Final,E007,Siddaganga Institute of Technology,Information Science,CAT1,7807,SAMPLE_DATA_NOT_REAL,99
2025,1,E007,Siddaganga Institute of Technology,Information Science,CAT1,6055,SAMPLE_DATA_NOT_REAL,0
2025,2,E007,Siddaganga Institute of Technology,Information Science,CAT1,6940,SAMPLE_DATA_NOT_REAL,1
2025,Final,E007,Siddaganga Institute of Technology,Information Science,CAT1,7557,SAMPLE_DATA_NOT_REAL,99
2021,1,E007,Siddaganga Institute of Technology,Information Science,GM,4788,SAMPLE_DATA_NOT_REAL,0
2021,2,E007,Siddaganga Institute of Technology,Information Science,GM,5478,SAMPLE_DATA_NOT_REAL,1
2021,Final,E007,Siddaganga Institute of Technology,Information Science,GM,7022,SAMPLE_DATA_NOT_REAL,99
2022,1,E007,Siddaganga Institute of Technology,Information Science,GM,4935,SAMPLE_DATA_NOT_REAL,0
2022,2,E007,Siddaganga Institute of Technology,Information Science,GM,6084,SAMPLE_DATA_NOT_REAL,1
2022,Final,E007,Siddaganga Institute of Technology,Information Science,GM,6143,SAMPLE_DATA_NOT_REAL,99
2023,1,E007,Siddaganga Institute of Technology,Information Science,GM,4714,SAMPLE_DATA_NOT_REAL,0
2023,2,E007,Siddaganga Institute of Technology,Information Science,GM,5699,SAMPLE_DATA_NOT_REAL,1
2023,Final,E007,Siddaganga Institute of Technology,Information Science,GM,6246,SAMPLE_DATA_NOT_REAL,99
2024,1,E007,Siddaganga Institute of Technology,Information Science,GM,4607,SAMPLE_DATA_NOT_REAL,0
2024,2,E007,Siddaganga Institute of Technology,Information Science,GM,5320,SAMPLE_DATA_NOT_REAL,1
2024,Final,E007,Siddaganga Institute of Technology,Information Science,GM,6098,SAMPLE_DATA_NOT_REAL,99
2025,1,E007,Siddaganga Institute of Technology,Information Science,GM,4622,SAMPLE_DATA_NOT_REAL,0
2025,2,E007,Siddaganga Institute of Technology,Information Science,GM,5069,SAMPLE_DATA_NOT_REAL,1
2025,Final,E007,Siddaganga Institute of Technology,Information Science,GM,6189,SAMPLE_DATA_NOT_REAL,99
2021,1,E007,Siddaganga Institute of Technology,Information Science,SC,14846,SAMPLE_DATA_NOT_REAL,0
2021,2,E007,Siddaganga Institute of Technology,Information Science,SC,17513,SAMPLE_DATA_NOT_REAL,1
2021,Final,E007,Siddaganga Institute of Technology,Information Science,SC,19256,SAMPLE_DATA_NOT_REAL,99
2022,1,E007,Siddaganga Institute of Technology,Information Science,SC,15247,SAMPLE_DATA_NOT_REAL,0
2022,2,E007,Siddaganga Institute of Technology,Information Science,SC,17807,SAMPLE_DATA_NOT_REAL,1
2022,Final,E007,Siddaganga Institute of Technology,Information Science,SC,19207,SAMPLE_DATA_NOT_REAL,99
2023,1,E007,Siddaganga Institute of Technology,Information Science,SC,13868,SAMPLE_DATA_NOT_REAL,0
2023,2,E007,Siddaganga Institute of Technology,Information Science,SC,15447,SAMPLE_DATA_NOT_REAL,1
2023,Final,E007,Siddaganga Institute of Technology,Information Science,SC,18743,SAMPLE_DATA_NOT_REAL,99
2024,1,E007,Siddaganga Institute of Technology,Information Science,SC,13755,SAMPLE_DATA_NOT_REAL,0
2024,2,E007,Siddaganga Institute of Technology,Information Science,SC,16208,SAMPLE_DATA_NOT_REAL,1
2024,Final,E007,Siddaganga Institute of Technology,Information Science,SC,16978,SAMPLE_DATA_NOT_REAL,99
2025,1,E007,Siddaganga Institute of Technology,Information Science,SC,12585,SAMPLE_DATA_NOT_REAL,0
2025,2,E007,Siddaganga Institute of Technology,Information Science,SC,15253,SAMPLE_DATA_NOT_REAL,1
2025,Final,E007,Siddaganga Institute of Technology,Information Science,SC,16888,SAMPLE_DATA_NOT_REAL,99
2021,1,E007,Siddaganga Institute of Technology,Information Science,ST,21398,SAMPLE_DATA_NOT_REAL,0
2021,2,E007,Siddaganga Institute of Technology,Information Science,ST,22572,SAMPLE_DATA_NOT_REAL,1
2021,Final,E007,Siddaganga Institute of Technology,Information Science,ST,27698,SAMPLE_DATA_NOT_REAL,99
2022,1,E007,Siddaganga Institute of Technology,Information Science,ST,18744,SAMPLE_DATA_NOT_REAL,0
2022,2,E007,Siddaganga Institute of Technology,Information Science,ST,23501,SAMPLE_DATA_NOT_REAL,1
2022,Final,E007,Siddaganga Institute of Technology,Information Science,ST,27166,SAMPLE_DATA_NOT_REAL,99
2023,1,E007,Siddaganga Institute of Technology,Information Science,ST,19133,SAMPLE_DATA_NOT_REAL,0
2023,2,E007,Siddaganga Institute of Technology,Information Science,ST,23143,SAMPLE_DATA_NOT_REAL,1
2023,Final,E007,Siddaganga Institute of Technology,Information Science,ST,23925,SAMPLE_DATA_NOT_REAL,99
2024,1,E007,Siddaganga Institute of Technology,Information Science,ST,18899,SAMPLE_DATA_NOT_REAL,0
2024,2,E007,Siddaganga Institute of Technology,Information Science,ST,19207,SAMPLE_DATA_NOT_REAL,1
2024,Final,E007,Siddaganga Institute of Technology,Information Science,ST,26341,SAMPLE_DATA_NOT_REAL,99
2025,1,E007,Siddaganga Institute of Technology,Information Science,ST,17941,SAMPLE_DATA_NOT_REAL,0
2025,2,E007,Siddaganga Institute of Technology,Information Science,ST,19445,SAMPLE_DATA_NOT_REAL,1
2025,Final,E007,Siddaganga Institute of Technology,Information Science,ST,23291,SAMPLE_DATA_NOT_REAL,99
2021,1,E007,Siddaganga Institute of Technology,Mechanical,1G,4965,SAMPLE_DATA_NOT_REAL,0
2021,2,E007,Siddaganga Institute of Technology,Mechanical,1G,5121,SAMPLE_DATA_NOT_REAL,1
2021,Final,E007,Siddaganga Institute of Technology,Mechanical,1G,6496,SAMPLE_DATA_NOT_REAL,99
2022,1,E007,Siddaganga Institute of Technology,Mechanical,1G,4613,SAMPLE_DATA_NOT_REAL,0
2022,2,E007,Siddaganga Institute of Technology,Mechanical,1G,5479,SAMPLE_DATA_NOT_REAL,1
2022,Final,E007,Siddaganga Institute of Technology,Mechanical,1G,5618,SAMPLE_DATA_NOT_REAL,99
2023,1,E007,Siddaganga Institute of Technology,Mechanical,1G,4215,SAMPLE_DATA_NOT_REAL,0
2023,2,E007,Siddaganga Institute of Technology,Mechanical,1G,4975,SAMPLE_DATA_NOT_REAL,1
2023,Final,E007,Siddaganga Institute of Technology,Mechanical,1G,5912,SAMPLE_DATA_NOT_REAL,99
2024,1,E007,Siddaganga Institute of Technology,Mechanical,1G,4140,SAMPLE_DATA_NOT_REAL,0
2024,2,E007,Siddaganga Institute of Technology,Mechanical,1G,4593,SAMPLE_DATA_NOT_REAL,1
2024,Final,E007,Siddaganga Institute of Technology,Mechanical,1G,5803,SAMPLE_DATA_NOT_REAL,99
2025,1,E007,Siddaganga Institute of Technology,Mechanical,1G,3706,SAMPLE_DATA_NOT_REAL,0
2025,2,E007,Siddaganga Institute of Technology,Mechanical,1G,4630,SAMPLE_DATA_NOT_REAL,1
2025,Final,E007,Siddaganga Institute of Technology,Mechanical,1G,5312,SAMPLE_DATA_NOT_REAL,99
2021,1,E007,Siddaganga Institute of Technology,Mechanical,2A,5540,SAMPLE_DATA_NOT_REAL,0
2021,2,E007,Siddaganga Institute of Technology,Mechanical,2A,7164,SAMPLE_DATA_NOT_REAL,1
2021,Final,E007,Siddaganga Institute of Technology,Mechanical,2A,8134,SAMPLE_DATA_NOT_REAL,99
2022,1,E007,Siddaganga Institute of Technology,Mechanical,2A,5317,SAMPLE_DATA_NOT_REAL,0
2022,2,E007,Siddaganga Institute of Technology,Mechanical,2A,6381,SAMPLE_DATA_NOT_REAL,1
2022,Final,E007,Siddaganga Institute of Technology,Mechanical,2A,7705,SAMPLE_DATA_NOT_REAL,99
2023,1,E007,Siddaganga Institute of Technology,Mechanical,2A,5615,SAMPLE_DATA_NOT_REAL,0
2023,2,E007,Siddaganga Institute of Technology,Mechanical,2A,6451,SAMPLE_DATA_NOT_REAL,1
2023,Final,E007,Siddaganga Institute of Technology,Mechanical,2A,6988,SAMPLE_DATA_NOT_REAL,99
2024,1,E007,Siddaganga Institute of Technology,Mechanical,2A,5492,SAMPLE_DATA_NOT_REAL,0
2024,2,E007,Siddaganga Institute of Technology,Mechanical,2A,5558,SAMPLE_DATA_NOT_REAL,1
2024,Final,E007,Siddaganga Institute of Technology,Mechanical,2A,7222,SAMPLE_DATA_NOT_REAL,99
2025,1,E007,Siddaganga Institute of Technology,Mechanical,2A,4773,SAMPLE_DATA_NOT_REAL,0
2025,2,E007,Siddaganga Institute of Technology,Mechanical,2A,5542,SAMPLE_DATA_NOT_REAL,1
2025,Final,E007,Siddaganga Institute of Technology,Mechanical,2A,7230,SAMPLE_DATA_NOT_REAL,99
2021,1,E007,Siddaganga Institute of Technology,Mechanical,2B,7255,SAMPLE_DATA_NOT_REAL,0
2021,2,E007,Siddaganga Institute of Technology,Mechanical,2B,7386,SAMPLE_DATA_NOT_REAL,1
2021,Final,E007,Siddaganga Institute of Technology,Mechanical,2B,9504,SAMPLE_DATA_NOT_REAL,99
2022,1,E007,Siddaganga Institute of Technology,Mechanical,2B,6798,SAMPLE_DATA_NOT_REAL,0
2022,2,E007,Siddaganga Institute of Technology,Mechanical,2B,7986,SAMPLE_DATA_NOT_REAL,1
2022,Final,E007,Siddaganga Institute of Technology,Mechanical,2B,8303,SAMPLE_DATA_NOT_REAL,99
2023,1,E007,Siddaganga Institute of Technology,Mechanical,2B,6465,SAMPLE_DATA_NOT_REAL,0
2023,2,E007,Siddaganga Institute of Technology,Mechanical,2B,7684,SAMPLE_DATA_NOT_REAL,1
2023,Final,E007,Siddaganga Institute of Technology,Mechanical,2B,8550,SAMPLE_DATA_NOT_REAL,99
2024,1,E007,Siddaganga Institute of Technology,Mechanical,2B,5660,SAMPLE_DATA_NOT_REAL,0
2024,2,E007,Siddaganga Institute of Technology,Mechanical,2B,6784,SAMPLE_DATA_NOT_REAL,1
2024,Final,E007,Siddaganga Institute of Technology,Mechanical,2B,7803,SAMPLE_DATA_NOT_REAL,99
2025,1,E007,Siddaganga Institute of Technology,Mechanical,2B,5828,SAMPLE_DATA_NOT_REAL,0
2025,2,E007,Siddaganga Institute of Technology,Mechanical,2B,6507,SAMPLE_DATA_NOT_REAL,1
2025,Final,E007,Siddaganga Institute of Technology,Mechanical,2B,8281,SAMPLE_DATA_NOT_REAL,99
2021,1,E007,Siddaganga Institute of Technology,Mechanical,3A,6800,SAMPLE_DATA_NOT_REAL,0
2021,2,E007,Siddaganga Institute of Technology,Mechanical,3A,8092,SAMPLE_DATA_NOT_REAL,1
2021,Final,E007,Siddaganga Institute of Technology,Mechanical,3A,10042,SAMPLE_DATA_NOT_REAL,99
2022,1,E007,Siddaganga Institute of Technology,Mechanical,3A,6793,SAMPLE_DATA_NOT_REAL,0
2022,2,E007,Siddaganga Institute of Technology,Mechanical,3A,7696,SAMPLE_DATA_NOT_REAL,1
2022,Final,E007,Siddaganga Institute of Technology,Mechanical,3A,9864,SAMPLE_DATA_NOT_REAL,99
2023,1,E007,Siddaganga Institute of Technology,Mechanical,3A,6394,SAMPLE_DATA_NOT_REAL,0
2023,2,E007,Siddaganga Institute of Technology,Mechanical,3A,7675,SAMPLE_DATA_NOT_REAL,1
2023,Final,E007,Siddaganga Institute of Technology,Mechanical,3A,9256,SAMPLE_DATA_NOT_REAL,99
2024,1,E007,Siddaganga Institute of Technology,Mechanical,3A,6805,SAMPLE_DATA_NOT_REAL,0
2024,2,E007,Siddaganga Institute of Technology,Mechanical,3A,7025,SAMPLE_DATA_NOT_REAL,1
2024,Final,E007,Siddaganga Institute of Technology,Mechanical,3A,8979,SAMPLE_DATA_NOT_REAL,99
2025,1,E007,Siddaganga Institute of Technology,Mechanical,3A,5700,SAMPLE_DATA_NOT_REAL,0
2025,2,E007,Siddaganga Institute of Technology,Mechanical,3A,7254,SAMPLE_DATA_NOT_REAL,1
2025,Final,E007,Siddaganga Institute of Technology,Mechanical,3A,8839,SAMPLE_DATA_NOT_REAL,99
2021,1,E007,Siddaganga Institute of Technology,Mechanical,3B,8152,SAMPLE_DATA_NOT_REAL,0
2021,2,E007,Siddaganga Institute of Technology,Mechanical,3B,8706,SAMPLE_DATA_NOT_REAL,1
2021,Final,E007,Siddaganga Institute of Technology,Mechanical,3B,9973,SAMPLE_DATA_NOT_REAL,99
2022,1,E007,Siddaganga Institute of Technology,Mechanical,3B,7597,SAMPLE_DATA_NOT_REAL,0
2022,2,E007,Siddaganga Institute of Technology,Mechanical,3B,7713,SAMPLE_DATA_NOT_REAL,1
2022,Final,E007,Siddaganga Institute of Technology,Mechanical,3B,9632,SAMPLE_DATA_NOT_REAL,99
2023,1,E007,Siddaganga Institute of Technology,Mechanical,3B,7221,SAMPLE_DATA_NOT_REAL,0
2023,2,E007,Siddaganga Institute of Technology,Mechanical,3B,8392,SAMPLE_DATA_NOT_REAL,1
2023,Final,E007,Siddaganga Institute of Technology,Mechanical,3B,9060,SAMPLE_DATA_NOT_REAL,99
2024,1,E007,Siddaganga Institute of Technology,Mechanical,3B,6253,SAMPLE_DATA_NOT_REAL,0
2024,2,E007,Siddaganga Institute of Technology,Mechanical,3B,8274,SAMPLE_DATA_NOT_REAL,1
2024,Final,E007,Siddaganga Institute of Technology,Mechanical,3B,8969,SAMPLE_DATA_NOT_REAL,99
2025,1,E007,Siddaganga Institute of Technology,Mechanical,3B,6360,SAMPLE_DATA_NOT_REAL,0
2025,2,E007,Siddaganga Institute of Technology,Mechanical,3B,7348,SAMPLE_DATA_NOT_REAL,1
2025,Final,E007,Siddaganga Institute of Technology,Mechanical,3B,8527,SAMPLE_DATA_NOT_REAL,99
2021,1,E007,Siddaganga Institute of Technology,Mechanical,CAT1,5425,SAMPLE_DATA_NOT_REAL,0
2021,2,E007,Siddaganga Institute of Technology,Mechanical,CAT1,6380,SAMPLE_DATA_NOT_REAL,1
2021,Final,E007,Siddaganga Institute of Technology,Mechanical,CAT1,7772,SAMPLE_DATA_NOT_REAL,99
2022,1,E007,Siddaganga Institute of Technology,Mechanical,CAT1,5015,SAMPLE_DATA_NOT_REAL,0
2022,2,E007,Siddaganga Institute of Technology,Mechanical,CAT1,6276,SAMPLE_DATA_NOT_REAL,1
2022,Final,E007,Siddaganga Institute of Technology,Mechanical,CAT1,7065,SAMPLE_DATA_NOT_REAL,99
2023,1,E007,Siddaganga Institute of Technology,Mechanical,CAT1,5404,SAMPLE_DATA_NOT_REAL,0
2023,2,E007,Siddaganga Institute of Technology,Mechanical,CAT1,5772,SAMPLE_DATA_NOT_REAL,1
2023,Final,E007,Siddaganga Institute of Technology,Mechanical,CAT1,6628,SAMPLE_DATA_NOT_REAL,99
2024,1,E007,Siddaganga Institute of Technology,Mechanical,CAT1,5061,SAMPLE_DATA_NOT_REAL,0
2024,2,E007,Siddaganga Institute of Technology,Mechanical,CAT1,5834,SAMPLE_DATA_NOT_REAL,1
2024,Final,E007,Siddaganga Institute of Technology,Mechanical,CAT1,6445,SAMPLE_DATA_NOT_REAL,99
2025,1,E007,Siddaganga Institute of Technology,Mechanical,CAT1,4440,SAMPLE_DATA_NOT_REAL,0
2025,2,E007,Siddaganga Institute of Technology,Mechanical,CAT1,4978,SAMPLE_DATA_NOT_REAL,1
2025,Final,E007,Siddaganga Institute of Technology,Mechanical,CAT1,6375,SAMPLE_DATA_NOT_REAL,99
2021,1,E007,Siddaganga Institute of Technology,Mechanical,GM,4241,SAMPLE_DATA_NOT_REAL,0
2021,2,E007,Siddaganga Institute of Technology,Mechanical,GM,4791,SAMPLE_DATA_NOT_REAL,1
2021,Final,E007,Siddaganga Institute of Technology,Mechanical,GM,5552,SAMPLE_DATA_NOT_REAL,99
2022,1,E007,Siddaganga Institute of Technology,Mechanical,GM,4332,SAMPLE_DATA_NOT_REAL,0
2022,2,E007,Siddaganga Institute of Technology,Mechanical,GM,4490,SAMPLE_DATA_NOT_REAL,1
2022,Final,E007,Siddaganga Institute of Technology,Mechanical,GM,5606,SAMPLE_DATA_NOT_REAL,99
2023,1,E007,Siddaganga Institute of Technology,Mechanical,GM,3658,SAMPLE_DATA_NOT_REAL,0
2023,2,E007,Siddaganga Institute of Technology,Mechanical,GM,4693,SAMPLE_DATA_NOT_REAL,1
2023,Final,E007,Siddaganga Institute of Technology,Mechanical,GM,5236,SAMPLE_DATA_NOT_REAL,99
2024,1,E007,Siddaganga Institute of Technology,Mechanical,GM,3709,SAMPLE_DATA_NOT_REAL,0
2024,2,E007,Siddaganga Institute of Technology,Mechanical,GM,4561,SAMPLE_DATA_NOT_REAL,1
2024,Final,E007,Siddaganga Institute of Technology,Mechanical,GM,4803,SAMPLE_DATA_NOT_REAL,99
2025,1,E007,Siddaganga Institute of Technology,Mechanical,GM,3677,SAMPLE_DATA_NOT_REAL,0
2025,2,E007,Siddaganga Institute of Technology,Mechanical,GM,4167,SAMPLE_DATA_NOT_REAL,1
2025,Final,E007,Siddaganga Institute of Technology,Mechanical,GM,5010,SAMPLE_DATA_NOT_REAL,99
2021,1,E007,Siddaganga Institute of Technology,Mechanical,SC,12176,SAMPLE_DATA_NOT_REAL,0
2021,2,E007,Siddaganga Institute of Technology,Mechanical,SC,13937,SAMPLE_DATA_NOT_REAL,1
2021,Final,E007,Siddaganga Institute of Technology,Mechanical,SC,15834,SAMPLE_DATA_NOT_REAL,99
2022,1,E007,Siddaganga Institute of Technology,Mechanical,SC,12891,SAMPLE_DATA_NOT_REAL,0
2022,2,E007,Siddaganga Institute of Technology,Mechanical,SC,14579,SAMPLE_DATA_NOT_REAL,1
2022,Final,E007,Siddaganga Institute of Technology,Mechanical,SC,16253,SAMPLE_DATA_NOT_REAL,99
2023,1,E007,Siddaganga Institute of Technology,Mechanical,SC,12332,SAMPLE_DATA_NOT_REAL,0
2023,2,E007,Siddaganga Institute of Technology,Mechanical,SC,13960,SAMPLE_DATA_NOT_REAL,1
2023,Final,E007,Siddaganga Institute of Technology,Mechanical,SC,14661,SAMPLE_DATA_NOT_REAL,99
2024,1,E007,Siddaganga Institute of Technology,Mechanical,SC,10492,SAMPLE_DATA_NOT_REAL,0
2024,2,E007,Siddaganga Institute of Technology,Mechanical,SC,12959,SAMPLE_DATA_NOT_REAL,1
2024,Final,E007,Siddaganga Institute of Technology,Mechanical,SC,15207,SAMPLE_DATA_NOT_REAL,99
2025,1,E007,Siddaganga Institute of Technology,Mechanical,SC,11594,SAMPLE_DATA_NOT_REAL,0
2025,2,E007,Siddaganga Institute of Technology,Mechanical,SC,11849,SAMPLE_DATA_NOT_REAL,1
2025,Final,E007,Siddaganga Institute of Technology,Mechanical,SC,14482,SAMPLE_DATA_NOT_REAL,99
2021,1,E007,Siddaganga Institute of Technology,Mechanical,ST,15811,SAMPLE_DATA_NOT_REAL,0
2021,2,E007,Siddaganga Institute of Technology,Mechanical,ST,19621,SAMPLE_DATA_NOT_REAL,1
2021,Final,E007,Siddaganga Institute of Technology,Mechanical,ST,22939,SAMPLE_DATA_NOT_REAL,99
2022,1,E007,Siddaganga Institute of Technology,Mechanical,ST,14938,SAMPLE_DATA_NOT_REAL,0
2022,2,E007,Siddaganga Institute of Technology,Mechanical,ST,19316,SAMPLE_DATA_NOT_REAL,1
2022,Final,E007,Siddaganga Institute of Technology,Mechanical,ST,21033,SAMPLE_DATA_NOT_REAL,99
2023,1,E007,Siddaganga Institute of Technology,Mechanical,ST,16073,SAMPLE_DATA_NOT_REAL,0
2023,2,E007,Siddaganga Institute of Technology,Mechanical,ST,19197,SAMPLE_DATA_NOT_REAL,1
2023,Final,E007,Siddaganga Institute of Technology,Mechanical,ST,21916,SAMPLE_DATA_NOT_REAL,99
2024,1,E007,Siddaganga Institute of Technology,Mechanical,ST,15674,SAMPLE_DATA_NOT_REAL,0
2024,2,E007,Siddaganga Institute of Technology,Mechanical,ST,17971,SAMPLE_DATA_NOT_REAL,1
2024,Final,E007,Siddaganga Institute of Technology,Mechanical,ST,19180,SAMPLE_DATA_NOT_REAL,99
2025,1,E007,Siddaganga Institute of Technology,Mechanical,ST,13877,SAMPLE_DATA_NOT_REAL,0
2025,2,E007,Siddaganga Institute of Technology,Mechanical,ST,17259,SAMPLE_DATA_NOT_REAL,1
2025,Final,E007,Siddaganga Institute of Technology,Mechanical,ST,19778,SAMPLE_DATA_NOT_REAL,99
2021,1,E005,UVCE - University Visvesvaraya College of Engineering,Civil,1G,4066,SAMPLE_DATA_NOT_REAL,0
2021,2,E005,UVCE - University Visvesvaraya College of Engineering,Civil,1G,4981,SAMPLE_DATA_NOT_REAL,1
2021,Final,E005,UVCE - University Visvesvaraya College of Engineering,Civil,1G,5447,SAMPLE_DATA_NOT_REAL,99
2022,1,E005,UVCE - University Visvesvaraya College of Engineering,Civil,1G,4070,SAMPLE_DATA_NOT_REAL,0
2022,2,E005,UVCE - University Visvesvaraya College of Engineering,Civil,1G,4435,SAMPLE_DATA_NOT_REAL,1
2022,Final,E005,UVCE - University Visvesvaraya College of Engineering,Civil,1G,5669,SAMPLE_DATA_NOT_REAL,99
2023,1,E005,UVCE - University Visvesvaraya College of Engineering,Civil,1G,3565,SAMPLE_DATA_NOT_REAL,0
2023,2,E005,UVCE - University Visvesvaraya College of Engineering,Civil,1G,3996,SAMPLE_DATA_NOT_REAL,1
2023,Final,E005,UVCE - University Visvesvaraya College of Engineering,Civil,1G,5499,SAMPLE_DATA_NOT_REAL,99
2024,1,E005,UVCE - University Visvesvaraya College of Engineering,Civil,1G,3512,SAMPLE_DATA_NOT_REAL,0
2024,2,E005,UVCE - University Visvesvaraya College of Engineering,Civil,1G,3949,SAMPLE_DATA_NOT_REAL,1
2024,Final,E005,UVCE - University Visvesvaraya College of Engineering,Civil,1G,4881,SAMPLE_DATA_NOT_REAL,99
2025,1,E005,UVCE - University Visvesvaraya College of Engineering,Civil,1G,3257,SAMPLE_DATA_NOT_REAL,0
2025,2,E005,UVCE - University Visvesvaraya College of Engineering,Civil,1G,4043,SAMPLE_DATA_NOT_REAL,1
2025,Final,E005,UVCE - University Visvesvaraya College of Engineering,Civil,1G,4605,SAMPLE_DATA_NOT_REAL,99
2021,1,E005,UVCE - University Visvesvaraya College of Engineering,Civil,2A,5625,SAMPLE_DATA_NOT_REAL,0
2021,2,E005,UVCE - University Visvesvaraya College of Engineering,Civil,2A,5776,SAMPLE_DATA_NOT_REAL,1
2021,Final,E005,UVCE - University Visvesvaraya College of Engineering,Civil,2A,7231,SAMPLE_DATA_NOT_REAL,99
2022,1,E005,UVCE - University Visvesvaraya College of Engineering,Civil,2A,4610,SAMPLE_DATA_NOT_REAL,0
2022,2,E005,UVCE - University Visvesvaraya College of Engineering,Civil,2A,5462,SAMPLE_DATA_NOT_REAL,1
2022,Final,E005,UVCE - University Visvesvaraya College of Engineering,Civil,2A,7061,SAMPLE_DATA_NOT_REAL,99
2023,1,E005,UVCE - University Visvesvaraya College of Engineering,Civil,2A,5069,SAMPLE_DATA_NOT_REAL,0
2023,2,E005,UVCE - University Visvesvaraya College of Engineering,Civil,2A,5658,SAMPLE_DATA_NOT_REAL,1
2023,Final,E005,UVCE - University Visvesvaraya College of Engineering,Civil,2A,6422,SAMPLE_DATA_NOT_REAL,99
2024,1,E005,UVCE - University Visvesvaraya College of Engineering,Civil,2A,4898,SAMPLE_DATA_NOT_REAL,0
2024,2,E005,UVCE - University Visvesvaraya College of Engineering,Civil,2A,5542,SAMPLE_DATA_NOT_REAL,1
2024,Final,E005,UVCE - University Visvesvaraya College of Engineering,Civil,2A,5985,SAMPLE_DATA_NOT_REAL,99
2025,1,E005,UVCE - University Visvesvaraya College of Engineering,Civil,2A,4449,SAMPLE_DATA_NOT_REAL,0
2025,2,E005,UVCE - University Visvesvaraya College of Engineering,Civil,2A,4867,SAMPLE_DATA_NOT_REAL,1
2025,Final,E005,UVCE - University Visvesvaraya College of Engineering,Civil,2A,6108,SAMPLE_DATA_NOT_REAL,99
2021,1,E005,UVCE - University Visvesvaraya College of Engineering,Civil,2B,6426,SAMPLE_DATA_NOT_REAL,0
2021,2,E005,UVCE - University Visvesvaraya College of Engineering,Civil,2B,7164,SAMPLE_DATA_NOT_REAL,1
2021,Final,E005,UVCE - University Visvesvaraya College of Engineering,Civil,2B,7700,SAMPLE_DATA_NOT_REAL,99
2022,1,E005,UVCE - University Visvesvaraya College of Engineering,Civil,2B,5856,SAMPLE_DATA_NOT_REAL,0
2022,2,E005,UVCE - University Visvesvaraya College of Engineering,Civil,2B,6715,SAMPLE_DATA_NOT_REAL,1
2022,Final,E005,UVCE - University Visvesvaraya College of Engineering,Civil,2B,7374,SAMPLE_DATA_NOT_REAL,99
2023,1,E005,UVCE - University Visvesvaraya College of Engineering,Civil,2B,5796,SAMPLE_DATA_NOT_REAL,0
2023,2,E005,UVCE - University Visvesvaraya College of Engineering,Civil,2B,6499,SAMPLE_DATA_NOT_REAL,1
2023,Final,E005,UVCE - University Visvesvaraya College of Engineering,Civil,2B,7232,SAMPLE_DATA_NOT_REAL,99
2024,1,E005,UVCE - University Visvesvaraya College of Engineering,Civil,2B,5116,SAMPLE_DATA_NOT_REAL,0
2024,2,E005,UVCE - University Visvesvaraya College of Engineering,Civil,2B,6043,SAMPLE_DATA_NOT_REAL,1
2024,Final,E005,UVCE - University Visvesvaraya College of Engineering,Civil,2B,6933,SAMPLE_DATA_NOT_REAL,99
2025,1,E005,UVCE - University Visvesvaraya College of Engineering,Civil,2B,4657,SAMPLE_DATA_NOT_REAL,0
2025,2,E005,UVCE - University Visvesvaraya College of Engineering,Civil,2B,5837,SAMPLE_DATA_NOT_REAL,1
2025,Final,E005,UVCE - University Visvesvaraya College of Engineering,Civil,2B,6534,SAMPLE_DATA_NOT_REAL,99
2021,1,E005,UVCE - University Visvesvaraya College of Engineering,Civil,3A,5894,SAMPLE_DATA_NOT_REAL,0
2021,2,E005,UVCE - University Visvesvaraya College of Engineering,Civil,3A,7176,SAMPLE_DATA_NOT_REAL,1
2021,Final,E005,UVCE - University Visvesvaraya College of Engineering,Civil,3A,8463,SAMPLE_DATA_NOT_REAL,99
2022,1,E005,UVCE - University Visvesvaraya College of Engineering,Civil,3A,6260,SAMPLE_DATA_NOT_REAL,0
2022,2,E005,UVCE - University Visvesvaraya College of Engineering,Civil,3A,7200,SAMPLE_DATA_NOT_REAL,1
2022,Final,E005,UVCE - University Visvesvaraya College of Engineering,Civil,3A,8315,SAMPLE_DATA_NOT_REAL,99
2023,1,E005,UVCE - University Visvesvaraya College of Engineering,Civil,3A,6174,SAMPLE_DATA_NOT_REAL,0
2023,2,E005,UVCE - University Visvesvaraya College of Engineering,Civil,3A,6507,SAMPLE_DATA_NOT_REAL,1
2023,Final,E005,UVCE - University Visvesvaraya College of Engineering,Civil,3A,7637,SAMPLE_DATA_NOT_REAL,99
2024,1,E005,UVCE - University Visvesvaraya College of Engineering,Civil,3A,5321,SAMPLE_DATA_NOT_REAL,0
2024,2,E005,UVCE - University Visvesvaraya College of Engineering,Civil,3A,6041,SAMPLE_DATA_NOT_REAL,1
2024,Final,E005,UVCE - University Visvesvaraya College of Engineering,Civil,3A,7990,SAMPLE_DATA_NOT_REAL,99
2025,1,E005,UVCE - University Visvesvaraya College of Engineering,Civil,3A,5043,SAMPLE_DATA_NOT_REAL,0
2025,2,E005,UVCE - University Visvesvaraya College of Engineering,Civil,3A,6458,SAMPLE_DATA_NOT_REAL,1
2025,Final,E005,UVCE - University Visvesvaraya College of Engineering,Civil,3A,7355,SAMPLE_DATA_NOT_REAL,99
2021,1,E005,UVCE - University Visvesvaraya College of Engineering,Civil,3B,6390,SAMPLE_DATA_NOT_REAL,0
2021,2,E005,UVCE - University Visvesvaraya College of Engineering,Civil,3B,8238,SAMPLE_DATA_NOT_REAL,1
2021,Final,E005,UVCE - University Visvesvaraya College of Engineering,Civil,3B,8731,SAMPLE_DATA_NOT_REAL,99
2022,1,E005,UVCE - University Visvesvaraya College of Engineering,Civil,3B,5979,SAMPLE_DATA_NOT_REAL,0
2022,2,E005,UVCE - University Visvesvaraya College of Engineering,Civil,3B,7566,SAMPLE_DATA_NOT_REAL,1
2022,Final,E005,UVCE - University Visvesvaraya College of Engineering,Civil,3B,8229,SAMPLE_DATA_NOT_REAL,99
2023,1,E005,UVCE - University Visvesvaraya College of Engineering,Civil,3B,5753,SAMPLE_DATA_NOT_REAL,0
2023,2,E005,UVCE - University Visvesvaraya College of Engineering,Civil,3B,6942,SAMPLE_DATA_NOT_REAL,1
2023,Final,E005,UVCE - University Visvesvaraya College of Engineering,Civil,3B,8988,SAMPLE_DATA_NOT_REAL,99
2024,1,E005,UVCE - University Visvesvaraya College of Engineering,Civil,3B,5714,SAMPLE_DATA_NOT_REAL,0
2024,2,E005,UVCE - University Visvesvaraya College of Engineering,Civil,3B,7245,SAMPLE_DATA_NOT_REAL,1
2024,Final,E005,UVCE - University Visvesvaraya College of Engineering,Civil,3B,8059,SAMPLE_DATA_NOT_REAL,99
2025,1,E005,UVCE - University Visvesvaraya College of Engineering,Civil,3B,5390,SAMPLE_DATA_NOT_REAL,0
2025,2,E005,UVCE - University Visvesvaraya College of Engineering,Civil,3B,6220,SAMPLE_DATA_NOT_REAL,1
2025,Final,E005,UVCE - University Visvesvaraya College of Engineering,Civil,3B,8280,SAMPLE_DATA_NOT_REAL,99
2021,1,E005,UVCE - University Visvesvaraya College of Engineering,Civil,CAT1,5132,SAMPLE_DATA_NOT_REAL,0
2021,2,E005,UVCE - University Visvesvaraya College of Engineering,Civil,CAT1,5370,SAMPLE_DATA_NOT_REAL,1
2021,Final,E005,UVCE - University Visvesvaraya College of Engineering,Civil,CAT1,6566,SAMPLE_DATA_NOT_REAL,99
2022,1,E005,UVCE - University Visvesvaraya College of Engineering,Civil,CAT1,4574,SAMPLE_DATA_NOT_REAL,0
2022,2,E005,UVCE - University Visvesvaraya College of Engineering,Civil,CAT1,5332,SAMPLE_DATA_NOT_REAL,1
2022,Final,E005,UVCE - University Visvesvaraya College of Engineering,Civil,CAT1,5895,SAMPLE_DATA_NOT_REAL,99
2023,1,E005,UVCE - University Visvesvaraya College of Engineering,Civil,CAT1,4793,SAMPLE_DATA_NOT_REAL,0
2023,2,E005,UVCE - University Visvesvaraya College of Engineering,Civil,CAT1,4925,SAMPLE_DATA_NOT_REAL,1
2023,Final,E005,UVCE - University Visvesvaraya College of Engineering,Civil,CAT1,6273,SAMPLE_DATA_NOT_REAL,99
2024,1,E005,UVCE - University Visvesvaraya College of Engineering,Civil,CAT1,4018,SAMPLE_DATA_NOT_REAL,0
2024,2,E005,UVCE - University Visvesvaraya College of Engineering,Civil,CAT1,4785,SAMPLE_DATA_NOT_REAL,1
2024,Final,E005,UVCE - University Visvesvaraya College of Engineering,Civil,CAT1,5713,SAMPLE_DATA_NOT_REAL,99
2025,1,E005,UVCE - University Visvesvaraya College of Engineering,Civil,CAT1,4351,SAMPLE_DATA_NOT_REAL,0
2025,2,E005,UVCE - University Visvesvaraya College of Engineering,Civil,CAT1,4871,SAMPLE_DATA_NOT_REAL,1
2025,Final,E005,UVCE - University Visvesvaraya College of Engineering,Civil,CAT1,5899,SAMPLE_DATA_NOT_REAL,99
2021,1,E005,UVCE - University Visvesvaraya College of Engineering,Civil,GM,3467,SAMPLE_DATA_NOT_REAL,0
2021,2,E005,UVCE - University Visvesvaraya College of Engineering,Civil,GM,4539,SAMPLE_DATA_NOT_REAL,1
2021,Final,E005,UVCE - University Visvesvaraya College of Engineering,Civil,GM,4973,SAMPLE_DATA_NOT_REAL,99
2022,1,E005,UVCE - University Visvesvaraya College of Engineering,Civil,GM,3459,SAMPLE_DATA_NOT_REAL,0
2022,2,E005,UVCE - University Visvesvaraya College of Engineering,Civil,GM,3870,SAMPLE_DATA_NOT_REAL,1
2022,Final,E005,UVCE - University Visvesvaraya College of Engineering,Civil,GM,4972,SAMPLE_DATA_NOT_REAL,99
2023,1,E005,UVCE - University Visvesvaraya College of Engineering,Civil,GM,3508,SAMPLE_DATA_NOT_REAL,0
2023,2,E005,UVCE - University Visvesvaraya College of Engineering,Civil,GM,3703,SAMPLE_DATA_NOT_REAL,1
2023,Final,E005,UVCE - University Visvesvaraya College of Engineering,Civil,GM,4376,SAMPLE_DATA_NOT_REAL,99
2024,1,E005,UVCE - University Visvesvaraya College of Engineering,Civil,GM,3333,SAMPLE_DATA_NOT_REAL,0
2024,2,E005,UVCE - University Visvesvaraya College of Engineering,Civil,GM,4043,SAMPLE_DATA_NOT_REAL,1
2024,Final,E005,UVCE - University Visvesvaraya College of Engineering,Civil,GM,4560,SAMPLE_DATA_NOT_REAL,99
2025,1,E005,UVCE - University Visvesvaraya College of Engineering,Civil,GM,3348,SAMPLE_DATA_NOT_REAL,0
2025,2,E005,UVCE - University Visvesvaraya College of Engineering,Civil,GM,3495,SAMPLE_DATA_NOT_REAL,1
2025,Final,E005,UVCE - University Visvesvaraya College of Engineering,Civil,GM,4325,SAMPLE_DATA_NOT_REAL,99
2021,1,E005,UVCE - University Visvesvaraya College of Engineering,Civil,SC,10744,SAMPLE_DATA_NOT_REAL,0
2021,2,E005,UVCE - University Visvesvaraya College of Engineering,Civil,SC,12853,SAMPLE_DATA_NOT_REAL,1
2021,Final,E005,UVCE - University Visvesvaraya College of Engineering,Civil,SC,15669,SAMPLE_DATA_NOT_REAL,99
2022,1,E005,UVCE - University Visvesvaraya College of Engineering,Civil,SC,10062,SAMPLE_DATA_NOT_REAL,0
2022,2,E005,UVCE - University Visvesvaraya College of Engineering,Civil,SC,13310,SAMPLE_DATA_NOT_REAL,1
2022,Final,E005,UVCE - University Visvesvaraya College of Engineering,Civil,SC,14020,SAMPLE_DATA_NOT_REAL,99
2023,1,E005,UVCE - University Visvesvaraya College of Engineering,Civil,SC,10274,SAMPLE_DATA_NOT_REAL,0
2023,2,E005,UVCE - University Visvesvaraya College of Engineering,Civil,SC,11178,SAMPLE_DATA_NOT_REAL,1
2023,Final,E005,UVCE - University Visvesvaraya College of Engineering,Civil,SC,13499,SAMPLE_DATA_NOT_REAL,99
2024,1,E005,UVCE - University Visvesvaraya College of Engineering,Civil,SC,9591,SAMPLE_DATA_NOT_REAL,0
2024,2,E005,UVCE - University Visvesvaraya College of Engineering,Civil,SC,11760,SAMPLE_DATA_NOT_REAL,1
2024,Final,E005,UVCE - University Visvesvaraya College of Engineering,Civil,SC,14298,SAMPLE_DATA_NOT_REAL,99
2025,1,E005,UVCE - University Visvesvaraya College of Engineering,Civil,SC,9447,SAMPLE_DATA_NOT_REAL,0
2025,2,E005,UVCE - University Visvesvaraya College of Engineering,Civil,SC,11214,SAMPLE_DATA_NOT_REAL,1
2025,Final,E005,UVCE - University Visvesvaraya College of Engineering,Civil,SC,12252,SAMPLE_DATA_NOT_REAL,99
2021,1,E005,UVCE - University Visvesvaraya College of Engineering,Civil,ST,15916,SAMPLE_DATA_NOT_REAL,0
2021,2,E005,UVCE - University Visvesvaraya College of Engineering,Civil,ST,17994,SAMPLE_DATA_NOT_REAL,1
2021,Final,E005,UVCE - University Visvesvaraya College of Engineering,Civil,ST,19929,SAMPLE_DATA_NOT_REAL,99
2022,1,E005,UVCE - University Visvesvaraya College of Engineering,Civil,ST,13847,SAMPLE_DATA_NOT_REAL,0
2022,2,E005,UVCE - University Visvesvaraya College of Engineering,Civil,ST,16576,SAMPLE_DATA_NOT_REAL,1
2022,Final,E005,UVCE - University Visvesvaraya College of Engineering,Civil,ST,19871,SAMPLE_DATA_NOT_REAL,99
2023,1,E005,UVCE - University Visvesvaraya College of Engineering,Civil,ST,13148,SAMPLE_DATA_NOT_REAL,0
2023,2,E005,UVCE - University Visvesvaraya College of Engineering,Civil,ST,16157,SAMPLE_DATA_NOT_REAL,1
2023,Final,E005,UVCE - University Visvesvaraya College of Engineering,Civil,ST,18138,SAMPLE_DATA_NOT_REAL,99
2024,1,E005,UVCE - University Visvesvaraya College of Engineering,Civil,ST,13044,SAMPLE_DATA_NOT_REAL,0
2024,2,E005,UVCE - University Visvesvaraya College of Engineering,Civil,ST,15368,SAMPLE_DATA_NOT_REAL,1
2024,Final,E005,UVCE - University Visvesvaraya College of Engineering,Civil,ST,16445,SAMPLE_DATA_NOT_REAL,99
2025,1,E005,UVCE - University Visvesvaraya College of Engineering,Civil,ST,13030,SAMPLE_DATA_NOT_REAL,0
2025,2,E005,UVCE - University Visvesvaraya College of Engineering,Civil,ST,15682,SAMPLE_DATA_NOT_REAL,1
2025,Final,E005,UVCE - University Visvesvaraya College of Engineering,Civil,ST,17384,SAMPLE_DATA_NOT_REAL,99
2021,1,E005,UVCE - University Visvesvaraya College of Engineering,Computer Science,1G,1366,SAMPLE_DATA_NOT_REAL,0
2021,2,E005,UVCE - University Visvesvaraya College of Engineering,Computer Science,1G,1497,SAMPLE_DATA_NOT_REAL,1
2021,Final,E005,UVCE - University Visvesvaraya College of Engineering,Computer Science,1G,1728,SAMPLE_DATA_NOT_REAL,99
2022,1,E005,UVCE - University Visvesvaraya College of Engineering,Computer Science,1G,1268,SAMPLE_DATA_NOT_REAL,0
2022,2,E005,UVCE - University Visvesvaraya College of Engineering,Computer Science,1G,1372,SAMPLE_DATA_NOT_REAL,1
2022,Final,E005,UVCE - University Visvesvaraya College of Engineering,Computer Science,1G,1691,SAMPLE_DATA_NOT_REAL,99
2023,1,E005,UVCE - University Visvesvaraya College of Engineering,Computer Science,1G,1225,SAMPLE_DATA_NOT_REAL,0
2023,2,E005,UVCE - University Visvesvaraya College of Engineering,Computer Science,1G,1269,SAMPLE_DATA_NOT_REAL,1
2023,Final,E005,UVCE - University Visvesvaraya College of Engineering,Computer Science,1G,1500,SAMPLE_DATA_NOT_REAL,99
2024,1,E005,UVCE - University Visvesvaraya College of Engineering,Computer Science,1G,1080,SAMPLE_DATA_NOT_REAL,0
2024,2,E005,UVCE - University Visvesvaraya College of Engineering,Computer Science,1G,1205,SAMPLE_DATA_NOT_REAL,1
2024,Final,E005,UVCE - University Visvesvaraya College of Engineering,Computer Science,1G,1610,SAMPLE_DATA_NOT_REAL,99
2025,1,E005,UVCE - University Visvesvaraya College of Engineering,Computer Science,1G,1144,SAMPLE_DATA_NOT_REAL,0
2025,2,E005,UVCE - University Visvesvaraya College of Engineering,Computer Science,1G,1275,SAMPLE_DATA_NOT_REAL,1
2025,Final,E005,UVCE - University Visvesvaraya College of Engineering,Computer Science,1G,1418,SAMPLE_DATA_NOT_REAL,99
2021,1,E005,UVCE - University Visvesvaraya College of Engineering,Computer Science,2A,1587,SAMPLE_DATA_NOT_REAL,0
2021,2,E005,UVCE - University Visvesvaraya College of Engineering,Computer Science,2A,1835,SAMPLE_DATA_NOT_REAL,1
2021,Final,E005,UVCE - University Visvesvaraya College of Engineering,Computer Science,2A,2223,SAMPLE_DATA_NOT_REAL,99
2022,1,E005,UVCE - University Visvesvaraya College of Engineering,Computer Science,2A,1496,SAMPLE_DATA_NOT_REAL,0
2022,2,E005,UVCE - University Visvesvaraya College of Engineering,Computer Science,2A,1862,SAMPLE_DATA_NOT_REAL,1
2022,Final,E005,UVCE - University Visvesvaraya College of Engineering,Computer Science,2A,2089,SAMPLE_DATA_NOT_REAL,99
2023,1,E005,UVCE - University Visvesvaraya College of Engineering,Computer Science,2A,1439,SAMPLE_DATA_NOT_REAL,0
2023,2,E005,UVCE - University Visvesvaraya College of Engineering,Computer Science,2A,1823,SAMPLE_DATA_NOT_REAL,1
2023,Final,E005,UVCE - University Visvesvaraya College of Engineering,Computer Science,2A,2145,SAMPLE_DATA_NOT_REAL,99
2024,1,E005,UVCE - University Visvesvaraya College of Engineering,Computer Science,2A,1395,SAMPLE_DATA_NOT_REAL,0
2024,2,E005,UVCE - University Visvesvaraya College of Engineering,Computer Science,2A,1572,SAMPLE_DATA_NOT_REAL,1
2024,Final,E005,UVCE - University Visvesvaraya College of Engineering,Computer Science,2A,2015,SAMPLE_DATA_NOT_REAL,99
2025,1,E005,UVCE - University Visvesvaraya College of Engineering,Computer Science,2A,1443,SAMPLE_DATA_NOT_REAL,0
2025,2,E005,UVCE - University Visvesvaraya College of Engineering,Computer Science,2A,1450,SAMPLE_DATA_NOT_REAL,1
2025,Final,E005,UVCE - University Visvesvaraya College of Engineering,Computer Science,2A,1751,SAMPLE_DATA_NOT_REAL,99
2021,1,E005,UVCE - University Visvesvaraya College of Engineering,Computer Science,2B,1858,SAMPLE_DATA_NOT_REAL,0
2021,2,E005,UVCE - University Visvesvaraya College of Engineering,Computer Science,2B,2159,SAMPLE_DATA_NOT_REAL,1
2021,Final,E005,UVCE - University Visvesvaraya College of Engineering,Computer Science,2B,2713,SAMPLE_DATA_NOT_REAL,99
2022,1,E005,UVCE - University Visvesvaraya College of Engineering,Computer Science,2B,1965,SAMPLE_DATA_NOT_REAL,0
2022,2,E005,UVCE - University Visvesvaraya College of Engineering,Computer Science,2B,2060,SAMPLE_DATA_NOT_REAL,1
2022,Final,E005,UVCE - University Visvesvaraya College of Engineering,Computer Science,2B,2459,SAMPLE_DATA_NOT_REAL,99
2023,1,E005,UVCE - University Visvesvaraya College of Engineering,Computer Science,2B,1699,SAMPLE_DATA_NOT_REAL,0
2023,2,E005,UVCE - University Visvesvaraya College of Engineering,Computer Science,2B,1994,SAMPLE_DATA_NOT_REAL,1
2023,Final,E005,UVCE - University Visvesvaraya College of Engineering,Computer Science,2B,2175,SAMPLE_DATA_NOT_REAL,99
2024,1,E005,UVCE - University Visvesvaraya College of Engineering,Computer Science,2B,1544,SAMPLE_DATA_NOT_REAL,0
2024,2,E005,UVCE - University Visvesvaraya College of Engineering,Computer Science,2B,1893,SAMPLE_DATA_NOT_REAL,1
2024,Final,E005,UVCE - University Visvesvaraya College of Engineering,Computer Science,2B,2144,SAMPLE_DATA_NOT_REAL,99
2025,1,E005,UVCE - University Visvesvaraya College of Engineering,Computer Science,2B,1570,SAMPLE_DATA_NOT_REAL,0
2025,2,E005,UVCE - University Visvesvaraya College of Engineering,Computer Science,2B,1788,SAMPLE_DATA_NOT_REAL,1
2025,Final,E005,UVCE - University Visvesvaraya College of Engineering,Computer Science,2B,2078,SAMPLE_DATA_NOT_REAL,99
2021,1,E005,UVCE - University Visvesvaraya College of Engineering,Computer Science,3A,2193,SAMPLE_DATA_NOT_REAL,0
2021,2,E005,UVCE - University Visvesvaraya College of Engineering,Computer Science,3A,2442,SAMPLE_DATA_NOT_REAL,1
2021,Final,E005,UVCE - University Visvesvaraya College of Engineering,Computer Science,3A,2892,SAMPLE_DATA_NOT_REAL,99
2022,1,E005,UVCE - University Visvesvaraya College of Engineering,Computer Science,3A,1871,SAMPLE_DATA_NOT_REAL,0
2022,2,E005,UVCE - University Visvesvaraya College of Engineering,Computer Science,3A,2302,SAMPLE_DATA_NOT_REAL,1
2022,Final,E005,UVCE - University Visvesvaraya College of Engineering,Computer Science,3A,2445,SAMPLE_DATA_NOT_REAL,99
2023,1,E005,UVCE - University Visvesvaraya College of Engineering,Computer Science,3A,1799,SAMPLE_DATA_NOT_REAL,0
2023,2,E005,UVCE - University Visvesvaraya College of Engineering,Computer Science,3A,1988,SAMPLE_DATA_NOT_REAL,1
2023,Final,E005,UVCE - University Visvesvaraya College of Engineering,Computer Science,3A,2509,SAMPLE_DATA_NOT_REAL,99
2024,1,E005,UVCE - University Visvesvaraya College of Engineering,Computer Science,3A,1829,SAMPLE_DATA_NOT_REAL,0
2024,2,E005,UVCE - University Visvesvaraya College of Engineering,Computer Science,3A,2156,SAMPLE_DATA_NOT_REAL,1
2024,Final,E005,UVCE - University Visvesvaraya College of Engineering,Computer Science,3A,2442,SAMPLE_DATA_NOT_REAL,99
2025,1,E005,UVCE - University Visvesvaraya College of Engineering,Computer Science,3A,1607,SAMPLE_DATA_NOT_REAL,0
2025,2,E005,UVCE - University Visvesvaraya College of Engineering,Computer Science,3A,2044,SAMPLE_DATA_NOT_REAL,1
2025,Final,E005,UVCE - University Visvesvaraya College of Engineering,Computer Science,3A,2177,SAMPLE_DATA_NOT_REAL,99
2021,1,E005,UVCE - University Visvesvaraya College of Engineering,Computer Science,3B,2187,SAMPLE_DATA_NOT_REAL,0
2021,2,E005,UVCE - University Visvesvaraya College of Engineering,Computer Science,3B,2534,SAMPLE_DATA_NOT_REAL,1
2021,Final,E005,UVCE - University Visvesvaraya College of Engineering,Computer Science,3B,2995,SAMPLE_DATA_NOT_REAL,99
2022,1,E005,UVCE - University Visvesvaraya College of Engineering,Computer Science,3B,2213,SAMPLE_DATA_NOT_REAL,0
2022,2,E005,UVCE - University Visvesvaraya College of Engineering,Computer Science,3B,2249,SAMPLE_DATA_NOT_REAL,1
2022,Final,E005,UVCE - University Visvesvaraya College of Engineering,Computer Science,3B,2652,SAMPLE_DATA_NOT_REAL,99
2023,1,E005,UVCE - University Visvesvaraya College of Engineering,Computer Science,3B,1802,SAMPLE_DATA_NOT_REAL,0
2023,2,E005,UVCE - University Visvesvaraya College of Engineering,Computer Science,3B,2235,SAMPLE_DATA_NOT_REAL,1
2023,Final,E005,UVCE - University Visvesvaraya College of Engineering,Computer Science,3B,2816,SAMPLE_DATA_NOT_REAL,99
2024,1,E005,UVCE - University Visvesvaraya College of Engineering,Computer Science,3B,1934,SAMPLE_DATA_NOT_REAL,0
2024,2,E005,UVCE - University Visvesvaraya College of Engineering,Computer Science,3B,2173,SAMPLE_DATA_NOT_REAL,1
2024,Final,E005,UVCE - University Visvesvaraya College of Engineering,Computer Science,3B,2533,SAMPLE_DATA_NOT_REAL,99
2025,1,E005,UVCE - University Visvesvaraya College of Engineering,Computer Science,3B,1632,SAMPLE_DATA_NOT_REAL,0
2025,2,E005,UVCE - University Visvesvaraya College of Engineering,Computer Science,3B,2005,SAMPLE_DATA_NOT_REAL,1
2025,Final,E005,UVCE - University Visvesvaraya College of Engineering,Computer Science,3B,2333,SAMPLE_DATA_NOT_REAL,99
2021,1,E005,UVCE - University Visvesvaraya College of Engineering,Computer Science,CAT1,1449,SAMPLE_DATA_NOT_REAL,0
2021,2,E005,UVCE - University Visvesvaraya College of Engineering,Computer Science,CAT1,1808,SAMPLE_DATA_NOT_REAL,1
2021,Final,E005,UVCE - University Visvesvaraya College of Engineering,Computer Science,CAT1,2168,SAMPLE_DATA_NOT_REAL,99
2022,1,E005,UVCE - University Visvesvaraya College of Engineering,Computer Science,CAT1,1586,SAMPLE_DATA_NOT_REAL,0
2022,2,E005,UVCE - University Visvesvaraya College of Engineering,Computer Science,CAT1,1585,SAMPLE_DATA_NOT_REAL,1
2022,Final,E005,UVCE - University Visvesvaraya College of Engineering,Computer Science,CAT1,1841,SAMPLE_DATA_NOT_REAL,99
2023,1,E005,UVCE - University Visvesvaraya College of Engineering,Computer Science,CAT1,1515,SAMPLE_DATA_NOT_REAL,0
2023,2,E005,UVCE - University Visvesvaraya College of Engineering,Computer Science,CAT1,1704,SAMPLE_DATA_NOT_REAL,1
2023,Final,E005,UVCE - University Visvesvaraya College of Engineering,Computer Science,CAT1,1964,SAMPLE_DATA_NOT_REAL,99
2024,1,E005,UVCE - University Visvesvaraya College of Engineering,Computer Science,CAT1,1236,SAMPLE_DATA_NOT_REAL,0
2024,2,E005,UVCE - University Visvesvaraya College of Engineering,Computer Science,CAT1,1416,SAMPLE_DATA_NOT_REAL,1
2024,Final,E005,UVCE - University Visvesvaraya College of Engineering,Computer Science,CAT1,1847,SAMPLE_DATA_NOT_REAL,99
2025,1,E005,UVCE - University Visvesvaraya College of Engineering,Computer Science,CAT1,1191,SAMPLE_DATA_NOT_REAL,0
2025,2,E005,UVCE - University Visvesvaraya College of Engineering,Computer Science,CAT1,1410,SAMPLE_DATA_NOT_REAL,1
2025,Final,E005,UVCE - University Visvesvaraya College of Engineering,Computer Science,CAT1,1802,SAMPLE_DATA_NOT_REAL,99
2021,1,E005,UVCE - University Visvesvaraya College of Engineering,Computer Science,GM,1211,SAMPLE_DATA_NOT_REAL,0
2021,2,E005,UVCE - University Visvesvaraya College of Engineering,Computer Science,GM,1389,SAMPLE_DATA_NOT_REAL,1
2021,Final,E005,UVCE - University Visvesvaraya College of Engineering,Computer Science,GM,1734,SAMPLE_DATA_NOT_REAL,99
2022,1,E005,UVCE - University Visvesvaraya College of Engineering,Computer Science,GM,1050,SAMPLE_DATA_NOT_REAL,0
2022,2,E005,UVCE - University Visvesvaraya College of Engineering,Computer Science,GM,1335,SAMPLE_DATA_NOT_REAL,1
2022,Final,E005,UVCE - University Visvesvaraya College of Engineering,Computer Science,GM,1633,SAMPLE_DATA_NOT_REAL,99
2023,1,E005,UVCE - University Visvesvaraya College of Engineering,Computer Science,GM,1135,SAMPLE_DATA_NOT_REAL,0
2023,2,E005,UVCE - University Visvesvaraya College of Engineering,Computer Science,GM,1268,SAMPLE_DATA_NOT_REAL,1
2023,Final,E005,UVCE - University Visvesvaraya College of Engineering,Computer Science,GM,1553,SAMPLE_DATA_NOT_REAL,99
2024,1,E005,UVCE - University Visvesvaraya College of Engineering,Computer Science,GM,1103,SAMPLE_DATA_NOT_REAL,0
2024,2,E005,UVCE - University Visvesvaraya College of Engineering,Computer Science,GM,1204,SAMPLE_DATA_NOT_REAL,1
2024,Final,E005,UVCE - University Visvesvaraya College of Engineering,Computer Science,GM,1305,SAMPLE_DATA_NOT_REAL,99
2025,1,E005,UVCE - University Visvesvaraya College of Engineering,Computer Science,GM,919,SAMPLE_DATA_NOT_REAL,0
2025,2,E005,UVCE - University Visvesvaraya College of Engineering,Computer Science,GM,1172,SAMPLE_DATA_NOT_REAL,1
2025,Final,E005,UVCE - University Visvesvaraya College of Engineering,Computer Science,GM,1259,SAMPLE_DATA_NOT_REAL,99
2021,1,E005,UVCE - University Visvesvaraya College of Engineering,Computer Science,SC,3624,SAMPLE_DATA_NOT_REAL,0
2021,2,E005,UVCE - University Visvesvaraya College of Engineering,Computer Science,SC,4312,SAMPLE_DATA_NOT_REAL,1
2021,Final,E005,UVCE - University Visvesvaraya College of Engineering,Computer Science,SC,5116,SAMPLE_DATA_NOT_REAL,99
2022,1,E005,UVCE - University Visvesvaraya College of Engineering,Computer Science,SC,3444,SAMPLE_DATA_NOT_REAL,0
2022,2,E005,UVCE - University Visvesvaraya College of Engineering,Computer Science,SC,4092,SAMPLE_DATA_NOT_REAL,1
2022,Final,E005,UVCE - University Visvesvaraya College of Engineering,Computer Science,SC,4409,SAMPLE_DATA_NOT_REAL,99
2023,1,E005,UVCE - University Visvesvaraya College of Engineering,Computer Science,SC,3345,SAMPLE_DATA_NOT_REAL,0
2023,2,E005,UVCE - University Visvesvaraya College of Engineering,Computer Science,SC,3515,SAMPLE_DATA_NOT_REAL,1
2023,Final,E005,UVCE - University Visvesvaraya College of Engineering,Computer Science,SC,4327,SAMPLE_DATA_NOT_REAL,99
2024,1,E005,UVCE - University Visvesvaraya College of Engineering,Computer Science,SC,3291,SAMPLE_DATA_NOT_REAL,0
2024,2,E005,UVCE - University Visvesvaraya College of Engineering,Computer Science,SC,3710,SAMPLE_DATA_NOT_REAL,1
2024,Final,E005,UVCE - University Visvesvaraya College of Engineering,Computer Science,SC,4015,SAMPLE_DATA_NOT_REAL,99
2025,1,E005,UVCE - University Visvesvaraya College of Engineering,Computer Science,SC,2734,SAMPLE_DATA_NOT_REAL,0
2025,2,E005,UVCE - University Visvesvaraya College of Engineering,Computer Science,SC,3222,SAMPLE_DATA_NOT_REAL,1
2025,Final,E005,UVCE - University Visvesvaraya College of Engineering,Computer Science,SC,3932,SAMPLE_DATA_NOT_REAL,99
2021,1,E005,UVCE - University Visvesvaraya College of Engineering,Computer Science,ST,4990,SAMPLE_DATA_NOT_REAL,0
2021,2,E005,UVCE - University Visvesvaraya College of Engineering,Computer Science,ST,5258,SAMPLE_DATA_NOT_REAL,1
2021,Final,E005,UVCE - University Visvesvaraya College of Engineering,Computer Science,ST,6728,SAMPLE_DATA_NOT_REAL,99
2022,1,E005,UVCE - University Visvesvaraya College of Engineering,Computer Science,ST,4556,SAMPLE_DATA_NOT_REAL,0
2022,2,E005,UVCE - University Visvesvaraya College of Engineering,Computer Science,ST,5503,SAMPLE_DATA_NOT_REAL,1
2022,Final,E005,UVCE - University Visvesvaraya College of Engineering,Computer Science,ST,6182,SAMPLE_DATA_NOT_REAL,99
2023,1,E005,UVCE - University Visvesvaraya College of Engineering,Computer Science,ST,4567,SAMPLE_DATA_NOT_REAL,0
2023,2,E005,UVCE - University Visvesvaraya College of Engineering,Computer Science,ST,5064,SAMPLE_DATA_NOT_REAL,1
2023,Final,E005,UVCE - University Visvesvaraya College of Engineering,Computer Science,ST,5726,SAMPLE_DATA_NOT_REAL,99
2024,1,E005,UVCE - University Visvesvaraya College of Engineering,Computer Science,ST,4078,SAMPLE_DATA_NOT_REAL,0
2024,2,E005,UVCE - University Visvesvaraya College of Engineering,Computer Science,ST,4617,SAMPLE_DATA_NOT_REAL,1
2024,Final,E005,UVCE - University Visvesvaraya College of Engineering,Computer Science,ST,5813,SAMPLE_DATA_NOT_REAL,99
2025,1,E005,UVCE - University Visvesvaraya College of Engineering,Computer Science,ST,3625,SAMPLE_DATA_NOT_REAL,0
2025,2,E005,UVCE - University Visvesvaraya College of Engineering,Computer Science,ST,4151,SAMPLE_DATA_NOT_REAL,1
2025,Final,E005,UVCE - University Visvesvaraya College of Engineering,Computer Science,ST,4912,SAMPLE_DATA_NOT_REAL,99
2021,1,E005,UVCE - University Visvesvaraya College of Engineering,Electrical & Electronics,1G,5905,SAMPLE_DATA_NOT_REAL,0
2021,2,E005,UVCE - University Visvesvaraya College of Engineering,Electrical & Electronics,1G,7032,SAMPLE_DATA_NOT_REAL,1
2021,Final,E005,UVCE - University Visvesvaraya College of Engineering,Electrical & Electronics,1G,8544,SAMPLE_DATA_NOT_REAL,99
2022,1,E005,UVCE - University Visvesvaraya College of Engineering,Electrical & Electronics,1G,6156,SAMPLE_DATA_NOT_REAL,0
2022,2,E005,UVCE - University Visvesvaraya College of Engineering,Electrical & Electronics,1G,6461,SAMPLE_DATA_NOT_REAL,1
2022,Final,E005,UVCE - University Visvesvaraya College of Engineering,Electrical & Electronics,1G,8378,SAMPLE_DATA_NOT_REAL,99
2023,1,E005,UVCE - University Visvesvaraya College of Engineering,Electrical & Electronics,1G,5312,SAMPLE_DATA_NOT_REAL,0
2023,2,E005,UVCE - University Visvesvaraya College of Engineering,Electrical & Electronics,1G,6314,SAMPLE_DATA_NOT_REAL,1
2023,Final,E005,UVCE - University Visvesvaraya College of Engineering,Electrical & Electronics,1G,7775,SAMPLE_DATA_NOT_REAL,99
2024,1,E005,UVCE - University Visvesvaraya College of Engineering,Electrical & Electronics,1G,5143,SAMPLE_DATA_NOT_REAL,0
2024,2,E005,UVCE - University Visvesvaraya College of Engineering,Electrical & Electronics,1G,6310,SAMPLE_DATA_NOT_REAL,1
2024,Final,E005,UVCE - University Visvesvaraya College of Engineering,Electrical & Electronics,1G,7070,SAMPLE_DATA_NOT_REAL,99
2025,1,E005,UVCE - University Visvesvaraya College of Engineering,Electrical & Electronics,1G,5206,SAMPLE_DATA_NOT_REAL,0
2025,2,E005,UVCE - University Visvesvaraya College of Engineering,Electrical & Electronics,1G,5658,SAMPLE_DATA_NOT_REAL,1
2025,Final,E005,UVCE - University Visvesvaraya College of Engineering,Electrical & Electronics,1G,7179,SAMPLE_DATA_NOT_REAL,99
2021,1,E005,UVCE - University Visvesvaraya College of Engineering,Electrical & Electronics,2A,7256,SAMPLE_DATA_NOT_REAL,0
2021,2,E005,UVCE - University Visvesvaraya College of Engineering,Electrical & Electronics,2A,9532,SAMPLE_DATA_NOT_REAL,1
2021,Final,E005,UVCE - University Visvesvaraya College of Engineering,Electrical & Electronics,2A,10311,SAMPLE_DATA_NOT_REAL,99
2022,1,E005,UVCE - University Visvesvaraya College of Engineering,Electrical & Electronics,2A,7609,SAMPLE_DATA_NOT_REAL,0
2022,2,E005,UVCE - University Visvesvaraya College of Engineering,Electrical & Electronics,2A,8408,SAMPLE_DATA_NOT_REAL,1
2022,Final,E005,UVCE - University Visvesvaraya College of Engineering,Electrical & Electronics,2A,10663,SAMPLE_DATA_NOT_REAL,99
2023,1,E005,UVCE - University Visvesvaraya College of Engineering,Electrical & Electronics,2A,7237,SAMPLE_DATA_NOT_REAL,0
2023,2,E005,UVCE - University Visvesvaraya College of Engineering,Electrical & Electronics,2A,7961,SAMPLE_DATA_NOT_REAL,1
2023,Final,E005,UVCE - University Visvesvaraya College of Engineering,Electrical & Electronics,2A,9716,SAMPLE_DATA_NOT_REAL,99
2024,1,E005,UVCE - University Visvesvaraya College of Engineering,Electrical & Electronics,2A,6265,SAMPLE_DATA_NOT_REAL,0
2024,2,E005,UVCE - University Visvesvaraya College of Engineering,Electrical & Electronics,2A,7592,SAMPLE_DATA_NOT_REAL,1
2024,Final,E005,UVCE - University Visvesvaraya College of Engineering,Electrical & Electronics,2A,8896,SAMPLE_DATA_NOT_REAL,99
2025,1,E005,UVCE - University Visvesvaraya College of Engineering,Electrical & Electronics,2A,6506,SAMPLE_DATA_NOT_REAL,0
2025,2,E005,UVCE - University Visvesvaraya College of Engineering,Electrical & Electronics,2A,7570,SAMPLE_DATA_NOT_REAL,1
2025,Final,E005,UVCE - University Visvesvaraya College of Engineering,Electrical & Electronics,2A,9164,SAMPLE_DATA_NOT_REAL,99
2021,1,E005,UVCE - University Visvesvaraya College of Engineering,Electrical & Electronics,2B,9241,SAMPLE_DATA_NOT_REAL,0
2021,2,E005,UVCE - University Visvesvaraya College of Engineering,Electrical & Electronics,2B,10072,SAMPLE_DATA_NOT_REAL,1
2021,Final,E005,UVCE - University Visvesvaraya College of Engineering,Electrical & Electronics,2B,12478,SAMPLE_DATA_NOT_REAL,99
2022,1,E005,UVCE - University Visvesvaraya College of Engineering,Electrical & Electronics,2B,8167,SAMPLE_DATA_NOT_REAL,0
2022,2,E005,UVCE - University Visvesvaraya College of Engineering,Electrical & Electronics,2B,8993,SAMPLE_DATA_NOT_REAL,1
2022,Final,E005,UVCE - University Visvesvaraya College of Engineering,Electrical & Electronics,2B,11172,SAMPLE_DATA_NOT_REAL,99
2023,1,E005,UVCE - University Visvesvaraya College of Engineering,Electrical & Electronics,2B,7960,SAMPLE_DATA_NOT_REAL,0
2023,2,E005,UVCE - University Visvesvaraya College of Engineering,Electrical & Electronics,2B,8964,SAMPLE_DATA_NOT_REAL,1
2023,Final,E005,UVCE - University Visvesvaraya College of Engineering,Electrical & Electronics,2B,11025,SAMPLE_DATA_NOT_REAL,99
2024,1,E005,UVCE - University Visvesvaraya College of Engineering,Electrical & Electronics,2B,7914,SAMPLE_DATA_NOT_REAL,0
2024,2,E005,UVCE - University Visvesvaraya College of Engineering,Electrical & Electronics,2B,9324,SAMPLE_DATA_NOT_REAL,1
2024,Final,E005,UVCE - University Visvesvaraya College of Engineering,Electrical & Electronics,2B,10271,SAMPLE_DATA_NOT_REAL,99
2025,1,E005,UVCE - University Visvesvaraya College of Engineering,Electrical & Electronics,2B,7592,SAMPLE_DATA_NOT_REAL,0
2025,2,E005,UVCE - University Visvesvaraya College of Engineering,Electrical & Electronics,2B,8506,SAMPLE_DATA_NOT_REAL,1
2025,Final,E005,UVCE - University Visvesvaraya College of Engineering,Electrical & Electronics,2B,10252,SAMPLE_DATA_NOT_REAL,99
2021,1,E005,UVCE - University Visvesvaraya College of Engineering,Electrical & Electronics,3A,9625,SAMPLE_DATA_NOT_REAL,0
2021,2,E005,UVCE - University Visvesvaraya College of Engineering,Electrical & Electronics,3A,10117,SAMPLE_DATA_NOT_REAL,1
2021,Final,E005,UVCE - University Visvesvaraya College of Engineering,Electrical & Electronics,3A,12317,SAMPLE_DATA_NOT_REAL,99
2022,1,E005,UVCE - University Visvesvaraya College of Engineering,Electrical & Electronics,3A,8401,SAMPLE_DATA_NOT_REAL,0
2022,2,E005,UVCE - University Visvesvaraya College of Engineering,Electrical & Electronics,3A,10058,SAMPLE_DATA_NOT_REAL,1
2022,Final,E005,UVCE - University Visvesvaraya College of Engineering,Electrical & Electronics,3A,13036,SAMPLE_DATA_NOT_REAL,99
2023,1,E005,UVCE - University Visvesvaraya College of Engineering,Electrical & Electronics,3A,8226,SAMPLE_DATA_NOT_REAL,0
2023,2,E005,UVCE - University Visvesvaraya College of Engineering,Electrical & Electronics,3A,10164,SAMPLE_DATA_NOT_REAL,1
2023,Final,E005,UVCE - University Visvesvaraya College of Engineering,Electrical & Electronics,3A,11066,SAMPLE_DATA_NOT_REAL,99
2024,1,E005,UVCE - University Visvesvaraya College of Engineering,Electrical & Electronics,3A,8265,SAMPLE_DATA_NOT_REAL,0
2024,2,E005,UVCE - University Visvesvaraya College of Engineering,Electrical & Electronics,3A,9220,SAMPLE_DATA_NOT_REAL,1
2024,Final,E005,UVCE - University Visvesvaraya College of Engineering,Electrical & Electronics,3A,11061,SAMPLE_DATA_NOT_REAL,99
2025,1,E005,UVCE - University Visvesvaraya College of Engineering,Electrical & Electronics,3A,8517,SAMPLE_DATA_NOT_REAL,0
2025,2,E005,UVCE - University Visvesvaraya College of Engineering,Electrical & Electronics,3A,9742,SAMPLE_DATA_NOT_REAL,1
2025,Final,E005,UVCE - University Visvesvaraya College of Engineering,Electrical & Electronics,3A,9935,SAMPLE_DATA_NOT_REAL,99
2021,1,E005,UVCE - University Visvesvaraya College of Engineering,Electrical & Electronics,3B,10046,SAMPLE_DATA_NOT_REAL,0
2021,2,E005,UVCE - University Visvesvaraya College of Engineering,Electrical & Electronics,3B,11420,SAMPLE_DATA_NOT_REAL,1
2021,Final,E005,UVCE - University Visvesvaraya College of Engineering,Electrical & Electronics,3B,14277,SAMPLE_DATA_NOT_REAL,99
2022,1,E005,UVCE - University Visvesvaraya College of Engineering,Electrical & Electronics,3B,10105,SAMPLE_DATA_NOT_REAL,0
2022,2,E005,UVCE - University Visvesvaraya College of Engineering,Electrical & Electronics,3B,10041,SAMPLE_DATA_NOT_REAL,1
2022,Final,E005,UVCE - University Visvesvaraya College of Engineering,Electrical & Electronics,3B,13743,SAMPLE_DATA_NOT_REAL,99
2023,1,E005,UVCE - University Visvesvaraya College of Engineering,Electrical & Electronics,3B,9036,SAMPLE_DATA_NOT_REAL,0
2023,2,E005,UVCE - University Visvesvaraya College of Engineering,Electrical & Electronics,3B,10887,SAMPLE_DATA_NOT_REAL,1
2023,Final,E005,UVCE - University Visvesvaraya College of Engineering,Electrical & Electronics,3B,12801,SAMPLE_DATA_NOT_REAL,99
2024,1,E005,UVCE - University Visvesvaraya College of Engineering,Electrical & Electronics,3B,8322,SAMPLE_DATA_NOT_REAL,0
2024,2,E005,UVCE - University Visvesvaraya College of Engineering,Electrical & Electronics,3B,9396,SAMPLE_DATA_NOT_REAL,1
2024,Final,E005,UVCE - University Visvesvaraya College of Engineering,Electrical & Electronics,3B,10907,SAMPLE_DATA_NOT_REAL,99
2025,1,E005,UVCE - University Visvesvaraya College of Engineering,Electrical & Electronics,3B,8196,SAMPLE_DATA_NOT_REAL,0
2025,2,E005,UVCE - University Visvesvaraya College of Engineering,Electrical & Electronics,3B,9857,SAMPLE_DATA_NOT_REAL,1
2025,Final,E005,UVCE - University Visvesvaraya College of Engineering,Electrical & Electronics,3B,11089,SAMPLE_DATA_NOT_REAL,99
2021,1,E005,UVCE - University Visvesvaraya College of Engineering,Electrical & Electronics,CAT1,6567,SAMPLE_DATA_NOT_REAL,0
2021,2,E005,UVCE - University Visvesvaraya College of Engineering,Electrical & Electronics,CAT1,8254,SAMPLE_DATA_NOT_REAL,1
2021,Final,E005,UVCE - University Visvesvaraya College of Engineering,Electrical & Electronics,CAT1,9287,SAMPLE_DATA_NOT_REAL,99
2022,1,E005,UVCE - University Visvesvaraya College of Engineering,Electrical & Electronics,CAT1,6535,SAMPLE_DATA_NOT_REAL,0
2022,2,E005,UVCE - University Visvesvaraya College of Engineering,Electrical & Electronics,CAT1,8453,SAMPLE_DATA_NOT_REAL,1
2022,Final,E005,UVCE - University Visvesvaraya College of Engineering,Electrical & Electronics,CAT1,9860,SAMPLE_DATA_NOT_REAL,99
2023,1,E005,UVCE - University Visvesvaraya College of Engineering,Electrical & Electronics,CAT1,6944,SAMPLE_DATA_NOT_REAL,0
2023,2,E005,UVCE - University Visvesvaraya College of Engineering,Electrical & Electronics,CAT1,7533,SAMPLE_DATA_NOT_REAL,1
2023,Final,E005,UVCE - University Visvesvaraya College of Engineering,Electrical & Electronics,CAT1,9523,SAMPLE_DATA_NOT_REAL,99
2024,1,E005,UVCE - University Visvesvaraya College of Engineering,Electrical & Electronics,CAT1,5945,SAMPLE_DATA_NOT_REAL,0
2024,2,E005,UVCE - University Visvesvaraya College of Engineering,Electrical & Electronics,CAT1,7108,SAMPLE_DATA_NOT_REAL,1
2024,Final,E005,UVCE - University Visvesvaraya College of Engineering,Electrical & Electronics,CAT1,8245,SAMPLE_DATA_NOT_REAL,99
2025,1,E005,UVCE - University Visvesvaraya College of Engineering,Electrical & Electronics,CAT1,5952,SAMPLE_DATA_NOT_REAL,0
2025,2,E005,UVCE - University Visvesvaraya College of Engineering,Electrical & Electronics,CAT1,7451,SAMPLE_DATA_NOT_REAL,1
2025,Final,E005,UVCE - University Visvesvaraya College of Engineering,Electrical & Electronics,CAT1,7786,SAMPLE_DATA_NOT_REAL,99
2021,1,E005,UVCE - University Visvesvaraya College of Engineering,Electrical & Electronics,GM,5816,SAMPLE_DATA_NOT_REAL,0
2021,2,E005,UVCE - University Visvesvaraya College of Engineering,Electrical & Electronics,GM,6102,SAMPLE_DATA_NOT_REAL,1
2021,Final,E005,UVCE - University Visvesvaraya College of Engineering,Electrical & Electronics,GM,7176,SAMPLE_DATA_NOT_REAL,99
2022,1,E005,UVCE - University Visvesvaraya College of Engineering,Electrical & Electronics,GM,5266,SAMPLE_DATA_NOT_REAL,0
2022,2,E005,UVCE - University Visvesvaraya College of Engineering,Electrical & Electronics,GM,5705,SAMPLE_DATA_NOT_REAL,1
2022,Final,E005,UVCE - University Visvesvaraya College of Engineering,Electrical & Electronics,GM,7366,SAMPLE_DATA_NOT_REAL,99
2023,1,E005,UVCE - University Visvesvaraya College of Engineering,Electrical & Electronics,GM,4690,SAMPLE_DATA_NOT_REAL,0
2023,2,E005,UVCE - University Visvesvaraya College of Engineering,Electrical & Electronics,GM,6141,SAMPLE_DATA_NOT_REAL,1
2023,Final,E005,UVCE - University Visvesvaraya College of Engineering,Electrical & Electronics,GM,6746,SAMPLE_DATA_NOT_REAL,99
2024,1,E005,UVCE - University Visvesvaraya College of Engineering,Electrical & Electronics,GM,4579,SAMPLE_DATA_NOT_REAL,0
2024,2,E005,UVCE - University Visvesvaraya College of Engineering,Electrical & Electronics,GM,5310,SAMPLE_DATA_NOT_REAL,1
2024,Final,E005,UVCE - University Visvesvaraya College of Engineering,Electrical & Electronics,GM,6984,SAMPLE_DATA_NOT_REAL,99
2025,1,E005,UVCE - University Visvesvaraya College of Engineering,Electrical & Electronics,GM,5004,SAMPLE_DATA_NOT_REAL,0
2025,2,E005,UVCE - University Visvesvaraya College of Engineering,Electrical & Electronics,GM,5384,SAMPLE_DATA_NOT_REAL,1
2025,Final,E005,UVCE - University Visvesvaraya College of Engineering,Electrical & Electronics,GM,6095,SAMPLE_DATA_NOT_REAL,99
2021,1,E005,UVCE - University Visvesvaraya College of Engineering,Electrical & Electronics,SC,17731,SAMPLE_DATA_NOT_REAL,0
2021,2,E005,UVCE - University Visvesvaraya College of Engineering,Electrical & Electronics,SC,18448,SAMPLE_DATA_NOT_REAL,1
2021,Final,E005,UVCE - University Visvesvaraya College of Engineering,Electrical & Electronics,SC,23927,SAMPLE_DATA_NOT_REAL,99
2022,1,E005,UVCE - University Visvesvaraya College of Engineering,Electrical & Electronics,SC,15273,SAMPLE_DATA_NOT_REAL,0
2022,2,E005,UVCE - University Visvesvaraya College of Engineering,Electrical & Electronics,SC,17104,SAMPLE_DATA_NOT_REAL,1
2022,Final,E005,UVCE - University Visvesvaraya College of Engineering,Electrical & Electronics,SC,19723,SAMPLE_DATA_NOT_REAL,99
2023,1,E005,UVCE - University Visvesvaraya College of Engineering,Electrical & Electronics,SC,15890,SAMPLE_DATA_NOT_REAL,0
2023,2,E005,UVCE - University Visvesvaraya College of Engineering,Electrical & Electronics,SC,17191,SAMPLE_DATA_NOT_REAL,1
2023,Final,E005,UVCE - University Visvesvaraya College of Engineering,Electrical & Electronics,SC,21861,SAMPLE_DATA_NOT_REAL,99
2024,1,E005,UVCE - University Visvesvaraya College of Engineering,Electrical & Electronics,SC,14204,SAMPLE_DATA_NOT_REAL,0
2024,2,E005,UVCE - University Visvesvaraya College of Engineering,Electrical & Electronics,SC,17373,SAMPLE_DATA_NOT_REAL,1
2024,Final,E005,UVCE - University Visvesvaraya College of Engineering,Electrical & Electronics,SC,19825,SAMPLE_DATA_NOT_REAL,99
2025,1,E005,UVCE - University Visvesvaraya College of Engineering,Electrical & Electronics,SC,14359,SAMPLE_DATA_NOT_REAL,0
2025,2,E005,UVCE - University Visvesvaraya College of Engineering,Electrical & Electronics,SC,17206,SAMPLE_DATA_NOT_REAL,1
2025,Final,E005,UVCE - University Visvesvaraya College of Engineering,Electrical & Electronics,SC,18247,SAMPLE_DATA_NOT_REAL,99
2021,1,E005,UVCE - University Visvesvaraya College of Engineering,Electrical & Electronics,ST,22472,SAMPLE_DATA_NOT_REAL,0
2021,2,E005,UVCE - University Visvesvaraya College of Engineering,Electrical & Electronics,ST,25431,SAMPLE_DATA_NOT_REAL,1
2021,Final,E005,UVCE - University Visvesvaraya College of Engineering,Electrical & Electronics,ST,29427,SAMPLE_DATA_NOT_REAL,99
2022,1,E005,UVCE - University Visvesvaraya College of Engineering,Electrical & Electronics,ST,21441,SAMPLE_DATA_NOT_REAL,0
2022,2,E005,UVCE - University Visvesvaraya College of Engineering,Electrical & Electronics,ST,25434,SAMPLE_DATA_NOT_REAL,1
2022,Final,E005,UVCE - University Visvesvaraya College of Engineering,Electrical & Electronics,ST,28890,SAMPLE_DATA_NOT_REAL,99
2023,1,E005,UVCE - University Visvesvaraya College of Engineering,Electrical & Electronics,ST,20045,SAMPLE_DATA_NOT_REAL,0
2023,2,E005,UVCE - University Visvesvaraya College of Engineering,Electrical & Electronics,ST,24300,SAMPLE_DATA_NOT_REAL,1
2023,Final,E005,UVCE - University Visvesvaraya College of Engineering,Electrical & Electronics,ST,26213,SAMPLE_DATA_NOT_REAL,99
2024,1,E005,UVCE - University Visvesvaraya College of Engineering,Electrical & Electronics,ST,18840,SAMPLE_DATA_NOT_REAL,0
2024,2,E005,UVCE - University Visvesvaraya College of Engineering,Electrical & Electronics,ST,23635,SAMPLE_DATA_NOT_REAL,1
2024,Final,E005,UVCE - University Visvesvaraya College of Engineering,Electrical & Electronics,ST,27706,SAMPLE_DATA_NOT_REAL,99
2025,1,E005,UVCE - University Visvesvaraya College of Engineering,Electrical & Electronics,ST,19195,SAMPLE_DATA_NOT_REAL,0
2025,2,E005,UVCE - University Visvesvaraya College of Engineering,Electrical & Electronics,ST,19886,SAMPLE_DATA_NOT_REAL,1
2025,Final,E005,UVCE - University Visvesvaraya College of Engineering,Electrical & Electronics,ST,23746,SAMPLE_DATA_NOT_REAL,99
2021,1,E005,UVCE - University Visvesvaraya College of Engineering,Electronics & Comm.,1G,5071,SAMPLE_DATA_NOT_REAL,0
2021,2,E005,UVCE - University Visvesvaraya College of Engineering,Electronics & Comm.,1G,5806,SAMPLE_DATA_NOT_REAL,1
2021,Final,E005,UVCE - University Visvesvaraya College of Engineering,Electronics & Comm.,1G,6867,SAMPLE_DATA_NOT_REAL,99
2022,1,E005,UVCE - University Visvesvaraya College of Engineering,Electronics & Comm.,1G,5240,SAMPLE_DATA_NOT_REAL,0
2022,2,E005,UVCE - University Visvesvaraya College of Engineering,Electronics & Comm.,1G,6068,SAMPLE_DATA_NOT_REAL,1
2022,Final,E005,UVCE - University Visvesvaraya College of Engineering,Electronics & Comm.,1G,7305,SAMPLE_DATA_NOT_REAL,99
2023,1,E005,UVCE - University Visvesvaraya College of Engineering,Electronics & Comm.,1G,5038,SAMPLE_DATA_NOT_REAL,0
2023,2,E005,UVCE - University Visvesvaraya College of Engineering,Electronics & Comm.,1G,5614,SAMPLE_DATA_NOT_REAL,1
2023,Final,E005,UVCE - University Visvesvaraya College of Engineering,Electronics & Comm.,1G,6385,SAMPLE_DATA_NOT_REAL,99
2024,1,E005,UVCE - University Visvesvaraya College of Engineering,Electronics & Comm.,1G,5112,SAMPLE_DATA_NOT_REAL,0
2024,2,E005,UVCE - University Visvesvaraya College of Engineering,Electronics & Comm.,1G,5298,SAMPLE_DATA_NOT_REAL,1
2024,Final,E005,UVCE - University Visvesvaraya College of Engineering,Electronics & Comm.,1G,6582,SAMPLE_DATA_NOT_REAL,99
2025,1,E005,UVCE - University Visvesvaraya College of Engineering,Electronics & Comm.,1G,4351,SAMPLE_DATA_NOT_REAL,0
2025,2,E005,UVCE - University Visvesvaraya College of Engineering,Electronics & Comm.,1G,5616,SAMPLE_DATA_NOT_REAL,1
2025,Final,E005,UVCE - University Visvesvaraya College of Engineering,Electronics & Comm.,1G,6539,SAMPLE_DATA_NOT_REAL,99
2021,1,E005,UVCE - University Visvesvaraya College of Engineering,Electronics & Comm.,2A,7302,SAMPLE_DATA_NOT_REAL,0
2021,2,E005,UVCE - University Visvesvaraya College of Engineering,Electronics & Comm.,2A,8526,SAMPLE_DATA_NOT_REAL,1
2021,Final,E005,UVCE - University Visvesvaraya College of Engineering,Electronics & Comm.,2A,8650,SAMPLE_DATA_NOT_REAL,99
2022,1,E005,UVCE - University Visvesvaraya College of Engineering,Electronics & Comm.,2A,6869,SAMPLE_DATA_NOT_REAL,0
2022,2,E005,UVCE - University Visvesvaraya College of Engineering,Electronics & Comm.,2A,7693,SAMPLE_DATA_NOT_REAL,1
2022,Final,E005,UVCE - University Visvesvaraya College of Engineering,Electronics & Comm.,2A,9401,SAMPLE_DATA_NOT_REAL,99
2023,1,E005,UVCE - University Visvesvaraya College of Engineering,Electronics & Comm.,2A,6400,SAMPLE_DATA_NOT_REAL,0
2023,2,E005,UVCE - University Visvesvaraya College of Engineering,Electronics & Comm.,2A,7388,SAMPLE_DATA_NOT_REAL,1
2023,Final,E005,UVCE - University Visvesvaraya College of Engineering,Electronics & Comm.,2A,8586,SAMPLE_DATA_NOT_REAL,99
2024,1,E005,UVCE - University Visvesvaraya College of Engineering,Electronics & Comm.,2A,6252,SAMPLE_DATA_NOT_REAL,0
2024,2,E005,UVCE - University Visvesvaraya College of Engineering,Electronics & Comm.,2A,6650,SAMPLE_DATA_NOT_REAL,1
2024,Final,E005,UVCE - University Visvesvaraya College of Engineering,Electronics & Comm.,2A,7729,SAMPLE_DATA_NOT_REAL,99
2025,1,E005,UVCE - University Visvesvaraya College of Engineering,Electronics & Comm.,2A,5540,SAMPLE_DATA_NOT_REAL,0
2025,2,E005,UVCE - University Visvesvaraya College of Engineering,Electronics & Comm.,2A,6935,SAMPLE_DATA_NOT_REAL,1
2025,Final,E005,UVCE - University Visvesvaraya College of Engineering,Electronics & Comm.,2A,7466,SAMPLE_DATA_NOT_REAL,99
2021,1,E005,UVCE - University Visvesvaraya College of Engineering,Electronics & Comm.,2B,7535,SAMPLE_DATA_NOT_REAL,0
2021,2,E005,UVCE - University Visvesvaraya College of Engineering,Electronics & Comm.,2B,9629,SAMPLE_DATA_NOT_REAL,1
2021,Final,E005,UVCE - University Visvesvaraya College of Engineering,Electronics & Comm.,2B,11188,SAMPLE_DATA_NOT_REAL,99
2022,1,E005,UVCE - University Visvesvaraya College of Engineering,Electronics & Comm.,2B,7149,SAMPLE_DATA_NOT_REAL,0
2022,2,E005,UVCE - University Visvesvaraya College of Engineering,Electronics & Comm.,2B,8460,SAMPLE_DATA_NOT_REAL,1
2022,Final,E005,UVCE - University Visvesvaraya College of Engineering,Electronics & Comm.,2B,10767,SAMPLE_DATA_NOT_REAL,99
2023,1,E005,UVCE - University Visvesvaraya College of Engineering,Electronics & Comm.,2B,7792,SAMPLE_DATA_NOT_REAL,0
2023,2,E005,UVCE - University Visvesvaraya College of Engineering,Electronics & Comm.,2B,8646,SAMPLE_DATA_NOT_REAL,1
2023,Final,E005,UVCE - University Visvesvaraya College of Engineering,Electronics & Comm.,2B,9379,SAMPLE_DATA_NOT_REAL,99
2024,1,E005,UVCE - University Visvesvaraya College of Engineering,Electronics & Comm.,2B,6541,SAMPLE_DATA_NOT_REAL,0
2024,2,E005,UVCE - University Visvesvaraya College of Engineering,Electronics & Comm.,2B,8371,SAMPLE_DATA_NOT_REAL,1
2024,Final,E005,UVCE - University Visvesvaraya College of Engineering,Electronics & Comm.,2B,8780,SAMPLE_DATA_NOT_REAL,99
2025,1,E005,UVCE - University Visvesvaraya College of Engineering,Electronics & Comm.,2B,6557,SAMPLE_DATA_NOT_REAL,0
2025,2,E005,UVCE - University Visvesvaraya College of Engineering,Electronics & Comm.,2B,7315,SAMPLE_DATA_NOT_REAL,1
2025,Final,E005,UVCE - University Visvesvaraya College of Engineering,Electronics & Comm.,2B,9667,SAMPLE_DATA_NOT_REAL,99
2021,1,E005,UVCE - University Visvesvaraya College of Engineering,Electronics & Comm.,3A,8472,SAMPLE_DATA_NOT_REAL,0
2021,2,E005,UVCE - University Visvesvaraya College of Engineering,Electronics & Comm.,3A,9538,SAMPLE_DATA_NOT_REAL,1
2021,Final,E005,UVCE - University Visvesvaraya College of Engineering,Electronics & Comm.,3A,10547,SAMPLE_DATA_NOT_REAL,99
2022,1,E005,UVCE - University Visvesvaraya College of Engineering,Electronics & Comm.,3A,8468,SAMPLE_DATA_NOT_REAL,0
2022,2,E005,UVCE - University Visvesvaraya College of Engineering,Electronics & Comm.,3A,9723,SAMPLE_DATA_NOT_REAL,1
2022,Final,E005,UVCE - University Visvesvaraya College of Engineering,Electronics & Comm.,3A,11612,SAMPLE_DATA_NOT_REAL,99
2023,1,E005,UVCE - University Visvesvaraya College of Engineering,Electronics & Comm.,3A,7900,SAMPLE_DATA_NOT_REAL,0
2023,2,E005,UVCE - University Visvesvaraya College of Engineering,Electronics & Comm.,3A,9215,SAMPLE_DATA_NOT_REAL,1
2023,Final,E005,UVCE - University Visvesvaraya College of Engineering,Electronics & Comm.,3A,10591,SAMPLE_DATA_NOT_REAL,99
2024,1,E005,UVCE - University Visvesvaraya College of Engineering,Electronics & Comm.,3A,7649,SAMPLE_DATA_NOT_REAL,0
2024,2,E005,UVCE - University Visvesvaraya College of Engineering,Electronics & Comm.,3A,8743,SAMPLE_DATA_NOT_REAL,1
2024,Final,E005,UVCE - University Visvesvaraya College of Engineering,Electronics & Comm.,3A,9254,SAMPLE_DATA_NOT_REAL,99
2025,1,E005,UVCE - University Visvesvaraya College of Engineering,Electronics & Comm.,3A,6615,SAMPLE_DATA_NOT_REAL,0
2025,2,E005,UVCE - University Visvesvaraya College of Engineering,Electronics & Comm.,3A,7755,SAMPLE_DATA_NOT_REAL,1
2025,Final,E005,UVCE - University Visvesvaraya College of Engineering,Electronics & Comm.,3A,9722,SAMPLE_DATA_NOT_REAL,99
2021,1,E005,UVCE - University Visvesvaraya College of Engineering,Electronics & Comm.,3B,9005,SAMPLE_DATA_NOT_REAL,0
2021,2,E005,UVCE - University Visvesvaraya College of Engineering,Electronics & Comm.,3B,9540,SAMPLE_DATA_NOT_REAL,1
2021,Final,E005,UVCE - University Visvesvaraya College of Engineering,Electronics & Comm.,3B,12446,SAMPLE_DATA_NOT_REAL,99
2022,1,E005,UVCE - University Visvesvaraya College of Engineering,Electronics & Comm.,3B,9022,SAMPLE_DATA_NOT_REAL,0
2022,2,E005,UVCE - University Visvesvaraya College of Engineering,Electronics & Comm.,3B,9938,SAMPLE_DATA_NOT_REAL,1
2022,Final,E005,UVCE - University Visvesvaraya College of Engineering,Electronics & Comm.,3B,11220,SAMPLE_DATA_NOT_REAL,99
2023,1,E005,UVCE - University Visvesvaraya College of Engineering,Electronics & Comm.,3B,7933,SAMPLE_DATA_NOT_REAL,0
2023,2,E005,UVCE - University Visvesvaraya College of Engineering,Electronics & Comm.,3B,9660,SAMPLE_DATA_NOT_REAL,1
2023,Final,E005,UVCE - University Visvesvaraya College of Engineering,Electronics & Comm.,3B,10429,SAMPLE_DATA_NOT_REAL,99
2024,1,E005,UVCE - University Visvesvaraya College of Engineering,Electronics & Comm.,3B,7767,SAMPLE_DATA_NOT_REAL,0
2024,2,E005,UVCE - University Visvesvaraya College of Engineering,Electronics & Comm.,3B,9664,SAMPLE_DATA_NOT_REAL,1
2024,Final,E005,UVCE - University Visvesvaraya College of Engineering,Electronics & Comm.,3B,9825,SAMPLE_DATA_NOT_REAL,99
2025,1,E005,UVCE - University Visvesvaraya College of Engineering,Electronics & Comm.,3B,7957,SAMPLE_DATA_NOT_REAL,0
2025,2,E005,UVCE - University Visvesvaraya College of Engineering,Electronics & Comm.,3B,9074,SAMPLE_DATA_NOT_REAL,1
2025,Final,E005,UVCE - University Visvesvaraya College of Engineering,Electronics & Comm.,3B,10912,SAMPLE_DATA_NOT_REAL,99
2021,1,E005,UVCE - University Visvesvaraya College of Engineering,Electronics & Comm.,CAT1,6405,SAMPLE_DATA_NOT_REAL,0
2021,2,E005,UVCE - University Visvesvaraya College of Engineering,Electronics & Comm.,CAT1,7593,SAMPLE_DATA_NOT_REAL,1
2021,Final,E005,UVCE - University Visvesvaraya College of Engineering,Electronics & Comm.,CAT1,7978,SAMPLE_DATA_NOT_REAL,99
2022,1,E005,UVCE - University Visvesvaraya College of Engineering,Electronics & Comm.,CAT1,5721,SAMPLE_DATA_NOT_REAL,0
2022,2,E005,UVCE - University Visvesvaraya College of Engineering,Electronics & Comm.,CAT1,6817,SAMPLE_DATA_NOT_REAL,1
2022,Final,E005,UVCE - University Visvesvaraya College of Engineering,Electronics & Comm.,CAT1,7743,SAMPLE_DATA_NOT_REAL,99
2023,1,E005,UVCE - University Visvesvaraya College of Engineering,Electronics & Comm.,CAT1,5500,SAMPLE_DATA_NOT_REAL,0
2023,2,E005,UVCE - University Visvesvaraya College of Engineering,Electronics & Comm.,CAT1,6739,SAMPLE_DATA_NOT_REAL,1
2023,Final,E005,UVCE - University Visvesvaraya College of Engineering,Electronics & Comm.,CAT1,7439,SAMPLE_DATA_NOT_REAL,99
2024,1,E005,UVCE - University Visvesvaraya College of Engineering,Electronics & Comm.,CAT1,5198,SAMPLE_DATA_NOT_REAL,0
2024,2,E005,UVCE - University Visvesvaraya College of Engineering,Electronics & Comm.,CAT1,6670,SAMPLE_DATA_NOT_REAL,1
2024,Final,E005,UVCE - University Visvesvaraya College of Engineering,Electronics & Comm.,CAT1,7479,SAMPLE_DATA_NOT_REAL,99
2025,1,E005,UVCE - University Visvesvaraya College of Engineering,Electronics & Comm.,CAT1,5381,SAMPLE_DATA_NOT_REAL,0
2025,2,E005,UVCE - University Visvesvaraya College of Engineering,Electronics & Comm.,CAT1,6302,SAMPLE_DATA_NOT_REAL,1
2025,Final,E005,UVCE - University Visvesvaraya College of Engineering,Electronics & Comm.,CAT1,7870,SAMPLE_DATA_NOT_REAL,99
2021,1,E005,UVCE - University Visvesvaraya College of Engineering,Electronics & Comm.,GM,4701,SAMPLE_DATA_NOT_REAL,0
2021,2,E005,UVCE - University Visvesvaraya College of Engineering,Electronics & Comm.,GM,5693,SAMPLE_DATA_NOT_REAL,1
2021,Final,E005,UVCE - University Visvesvaraya College of Engineering,Electronics & Comm.,GM,6337,SAMPLE_DATA_NOT_REAL,99
2022,1,E005,UVCE - University Visvesvaraya College of Engineering,Electronics & Comm.,GM,4932,SAMPLE_DATA_NOT_REAL,0
2022,2,E005,UVCE - University Visvesvaraya College of Engineering,Electronics & Comm.,GM,5504,SAMPLE_DATA_NOT_REAL,1
2022,Final,E005,UVCE - University Visvesvaraya College of Engineering,Electronics & Comm.,GM,6787,SAMPLE_DATA_NOT_REAL,99
2023,1,E005,UVCE - University Visvesvaraya College of Engineering,Electronics & Comm.,GM,4718,SAMPLE_DATA_NOT_REAL,0
2023,2,E005,UVCE - University Visvesvaraya College of Engineering,Electronics & Comm.,GM,5444,SAMPLE_DATA_NOT_REAL,1
2023,Final,E005,UVCE - University Visvesvaraya College of Engineering,Electronics & Comm.,GM,6139,SAMPLE_DATA_NOT_REAL,99
2024,1,E005,UVCE - University Visvesvaraya College of Engineering,Electronics & Comm.,GM,4567,SAMPLE_DATA_NOT_REAL,0
2024,2,E005,UVCE - University Visvesvaraya College of Engineering,Electronics & Comm.,GM,5122,SAMPLE_DATA_NOT_REAL,1
2024,Final,E005,UVCE - University Visvesvaraya College of Engineering,Electronics & Comm.,GM,5861,SAMPLE_DATA_NOT_REAL,99
2025,1,E005,UVCE - University Visvesvaraya College of Engineering,Electronics & Comm.,GM,4277,SAMPLE_DATA_NOT_REAL,0
2025,2,E005,UVCE - University Visvesvaraya College of Engineering,Electronics & Comm.,GM,4627,SAMPLE_DATA_NOT_REAL,1
2025,Final,E005,UVCE - University Visvesvaraya College of Engineering,Electronics & Comm.,GM,6071,SAMPLE_DATA_NOT_REAL,99
2021,1,E005,UVCE - University Visvesvaraya College of Engineering,Electronics & Comm.,SC,14537,SAMPLE_DATA_NOT_REAL,0
2021,2,E005,UVCE - University Visvesvaraya College of Engineering,Electronics & Comm.,SC,17836,SAMPLE_DATA_NOT_REAL,1
2021,Final,E005,UVCE - University Visvesvaraya College of Engineering,Electronics & Comm.,SC,20947,SAMPLE_DATA_NOT_REAL,99
2022,1,E005,UVCE - University Visvesvaraya College of Engineering,Electronics & Comm.,SC,14878,SAMPLE_DATA_NOT_REAL,0
2022,2,E005,UVCE - University Visvesvaraya College of Engineering,Electronics & Comm.,SC,17075,SAMPLE_DATA_NOT_REAL,1
2022,Final,E005,UVCE - University Visvesvaraya College of Engineering,Electronics & Comm.,SC,20436,SAMPLE_DATA_NOT_REAL,99
2023,1,E005,UVCE - University Visvesvaraya College of Engineering,Electronics & Comm.,SC,13623,SAMPLE_DATA_NOT_REAL,0
2023,2,E005,UVCE - University Visvesvaraya College of Engineering,Electronics & Comm.,SC,14604,SAMPLE_DATA_NOT_REAL,1
2023,Final,E005,UVCE - University Visvesvaraya College of Engineering,Electronics & Comm.,SC,19053,SAMPLE_DATA_NOT_REAL,99
2024,1,E005,UVCE - University Visvesvaraya College of Engineering,Electronics & Comm.,SC,13475,SAMPLE_DATA_NOT_REAL,0
2024,2,E005,UVCE - University Visvesvaraya College of Engineering,Electronics & Comm.,SC,14923,SAMPLE_DATA_NOT_REAL,1
2024,Final,E005,UVCE - University Visvesvaraya College of Engineering,Electronics & Comm.,SC,18091,SAMPLE_DATA_NOT_REAL,99
2025,1,E005,UVCE - University Visvesvaraya College of Engineering,Electronics & Comm.,SC,12103,SAMPLE_DATA_NOT_REAL,0
2025,2,E005,UVCE - University Visvesvaraya College of Engineering,Electronics & Comm.,SC,14145,SAMPLE_DATA_NOT_REAL,1
2025,Final,E005,UVCE - University Visvesvaraya College of Engineering,Electronics & Comm.,SC,17417,SAMPLE_DATA_NOT_REAL,99
2021,1,E005,UVCE - University Visvesvaraya College of Engineering,Electronics & Comm.,ST,19899,SAMPLE_DATA_NOT_REAL,0
2021,2,E005,UVCE - University Visvesvaraya College of Engineering,Electronics & Comm.,ST,22576,SAMPLE_DATA_NOT_REAL,1
2021,Final,E005,UVCE - University Visvesvaraya College of Engineering,Electronics & Comm.,ST,28136,SAMPLE_DATA_NOT_REAL,99
2022,1,E005,UVCE - University Visvesvaraya College of Engineering,Electronics & Comm.,ST,18897,SAMPLE_DATA_NOT_REAL,0
2022,2,E005,UVCE - University Visvesvaraya College of Engineering,Electronics & Comm.,ST,22393,SAMPLE_DATA_NOT_REAL,1
2022,Final,E005,UVCE - University Visvesvaraya College of Engineering,Electronics & Comm.,ST,25023,SAMPLE_DATA_NOT_REAL,99
2023,1,E005,UVCE - University Visvesvaraya College of Engineering,Electronics & Comm.,ST,18677,SAMPLE_DATA_NOT_REAL,0
2023,2,E005,UVCE - University Visvesvaraya College of Engineering,Electronics & Comm.,ST,19592,SAMPLE_DATA_NOT_REAL,1
2023,Final,E005,UVCE - University Visvesvaraya College of Engineering,Electronics & Comm.,ST,24099,SAMPLE_DATA_NOT_REAL,99
2024,1,E005,UVCE - University Visvesvaraya College of Engineering,Electronics & Comm.,ST,17435,SAMPLE_DATA_NOT_REAL,0
2024,2,E005,UVCE - University Visvesvaraya College of Engineering,Electronics & Comm.,ST,18944,SAMPLE_DATA_NOT_REAL,1
2024,Final,E005,UVCE - University Visvesvaraya College of Engineering,Electronics & Comm.,ST,25225,SAMPLE_DATA_NOT_REAL,99
2025,1,E005,UVCE - University Visvesvaraya College of Engineering,Electronics & Comm.,ST,16910,SAMPLE_DATA_NOT_REAL,0
2025,2,E005,UVCE - University Visvesvaraya College of Engineering,Electronics & Comm.,ST,20315,SAMPLE_DATA_NOT_REAL,1
2025,Final,E005,UVCE - University Visvesvaraya College of Engineering,Electronics & Comm.,ST,23156,SAMPLE_DATA_NOT_REAL,99
2021,1,E005,UVCE - University Visvesvaraya College of Engineering,Information Science,1G,5619,SAMPLE_DATA_NOT_REAL,0
2021,2,E005,UVCE - University Visvesvaraya College of Engineering,Information Science,1G,6395,SAMPLE_DATA_NOT_REAL,1
2021,Final,E005,UVCE - University Visvesvaraya College of Engineering,Information Science,1G,7760,SAMPLE_DATA_NOT_REAL,99
2022,1,E005,UVCE - University Visvesvaraya College of Engineering,Information Science,1G,5364,SAMPLE_DATA_NOT_REAL,0
2022,2,E005,UVCE - University Visvesvaraya College of Engineering,Information Science,1G,6570,SAMPLE_DATA_NOT_REAL,1
2022,Final,E005,UVCE - University Visvesvaraya College of Engineering,Information Science,1G,6931,SAMPLE_DATA_NOT_REAL,99
2023,1,E005,UVCE - University Visvesvaraya College of Engineering,Information Science,1G,5524,SAMPLE_DATA_NOT_REAL,0
2023,2,E005,UVCE - University Visvesvaraya College of Engineering,Information Science,1G,6214,SAMPLE_DATA_NOT_REAL,1
2023,Final,E005,UVCE - University Visvesvaraya College of Engineering,Information Science,1G,6726,SAMPLE_DATA_NOT_REAL,99
2024,1,E005,UVCE - University Visvesvaraya College of Engineering,Information Science,1G,4969,SAMPLE_DATA_NOT_REAL,0
2024,2,E005,UVCE - University Visvesvaraya College of Engineering,Information Science,1G,5365,SAMPLE_DATA_NOT_REAL,1
2024,Final,E005,UVCE - University Visvesvaraya College of Engineering,Information Science,1G,6682,SAMPLE_DATA_NOT_REAL,99
2025,1,E005,UVCE - University Visvesvaraya College of Engineering,Information Science,1G,4461,SAMPLE_DATA_NOT_REAL,0
2025,2,E005,UVCE - University Visvesvaraya College of Engineering,Information Science,1G,5361,SAMPLE_DATA_NOT_REAL,1
2025,Final,E005,UVCE - University Visvesvaraya College of Engineering,Information Science,1G,6305,SAMPLE_DATA_NOT_REAL,99
2021,1,E005,UVCE - University Visvesvaraya College of Engineering,Information Science,2A,7552,SAMPLE_DATA_NOT_REAL,0
2021,2,E005,UVCE - University Visvesvaraya College of Engineering,Information Science,2A,8481,SAMPLE_DATA_NOT_REAL,1
2021,Final,E005,UVCE - University Visvesvaraya College of Engineering,Information Science,2A,9532,SAMPLE_DATA_NOT_REAL,99
2022,1,E005,UVCE - University Visvesvaraya College of Engineering,Information Science,2A,6525,SAMPLE_DATA_NOT_REAL,0
2022,2,E005,UVCE - University Visvesvaraya College of Engineering,Information Science,2A,7497,SAMPLE_DATA_NOT_REAL,1
2022,Final,E005,UVCE - University Visvesvaraya College of Engineering,Information Science,2A,8717,SAMPLE_DATA_NOT_REAL,99
2023,1,E005,UVCE - University Visvesvaraya College of Engineering,Information Science,2A,6180,SAMPLE_DATA_NOT_REAL,0
2023,2,E005,UVCE - University Visvesvaraya College of Engineering,Information Science,2A,7757,SAMPLE_DATA_NOT_REAL,1
2023,Final,E005,UVCE - University Visvesvaraya College of Engineering,Information Science,2A,8240,SAMPLE_DATA_NOT_REAL,99
2024,1,E005,UVCE - University Visvesvaraya College of Engineering,Information Science,2A,6011,SAMPLE_DATA_NOT_REAL,0
2024,2,E005,UVCE - University Visvesvaraya College of Engineering,Information Science,2A,7308,SAMPLE_DATA_NOT_REAL,1
2024,Final,E005,UVCE - University Visvesvaraya College of Engineering,Information Science,2A,8679,SAMPLE_DATA_NOT_REAL,99
2025,1,E005,UVCE - University Visvesvaraya College of Engineering,Information Science,2A,6228,SAMPLE_DATA_NOT_REAL,0
2025,2,E005,UVCE - University Visvesvaraya College of Engineering,Information Science,2A,6524,SAMPLE_DATA_NOT_REAL,1
2025,Final,E005,UVCE - University Visvesvaraya College of Engineering,Information Science,2A,7629,SAMPLE_DATA_NOT_REAL,99
2021,1,E005,UVCE - University Visvesvaraya College of Engineering,Information Science,2B,7722,SAMPLE_DATA_NOT_REAL,0
2021,2,E005,UVCE - University Visvesvaraya College of Engineering,Information Science,2B,8826,SAMPLE_DATA_NOT_REAL,1
2021,Final,E005,UVCE - University Visvesvaraya College of Engineering,Information Science,2B,10785,SAMPLE_DATA_NOT_REAL,99
2022,1,E005,UVCE - University Visvesvaraya College of Engineering,Information Science,2B,7357,SAMPLE_DATA_NOT_REAL,0
2022,2,E005,UVCE - University Visvesvaraya College of Engineering,Information Science,2B,8768,SAMPLE_DATA_NOT_REAL,1
2022,Final,E005,UVCE - University Visvesvaraya College of Engineering,Information Science,2B,10955,SAMPLE_DATA_NOT_REAL,99
2023,1,E005,UVCE - University Visvesvaraya College of Engineering,Information Science,2B,7422,SAMPLE_DATA_NOT_REAL,0
2023,2,E005,UVCE - University Visvesvaraya College of Engineering,Information Science,2B,8689,SAMPLE_DATA_NOT_REAL,1
2023,Final,E005,UVCE - University Visvesvaraya College of Engineering,Information Science,2B,9466,SAMPLE_DATA_NOT_REAL,99
2024,1,E005,UVCE - University Visvesvaraya College of Engineering,Information Science,2B,7718,SAMPLE_DATA_NOT_REAL,0
2024,2,E005,UVCE - University Visvesvaraya College of Engineering,Information Science,2B,7774,SAMPLE_DATA_NOT_REAL,1
2024,Final,E005,UVCE - University Visvesvaraya College of Engineering,Information Science,2B,9609,SAMPLE_DATA_NOT_REAL,99
2025,1,E005,UVCE - University Visvesvaraya College of Engineering,Information Science,2B,7015,SAMPLE_DATA_NOT_REAL,0
2025,2,E005,UVCE - University Visvesvaraya College of Engineering,Information Science,2B,8124,SAMPLE_DATA_NOT_REAL,1
2025,Final,E005,UVCE - University Visvesvaraya College of Engineering,Information Science,2B,8946,SAMPLE_DATA_NOT_REAL,99
2021,1,E005,UVCE - University Visvesvaraya College of Engineering,Information Science,3A,9320,SAMPLE_DATA_NOT_REAL,0
2021,2,E005,UVCE - University Visvesvaraya College of Engineering,Information Science,3A,10738,SAMPLE_DATA_NOT_REAL,1
2021,Final,E005,UVCE - University Visvesvaraya College of Engineering,Information Science,3A,11461,SAMPLE_DATA_NOT_REAL,99
2022,1,E005,UVCE - University Visvesvaraya College of Engineering,Information Science,3A,7883,SAMPLE_DATA_NOT_REAL,0
2022,2,E005,UVCE - University Visvesvaraya College of Engineering,Information Science,3A,9518,SAMPLE_DATA_NOT_REAL,1
2022,Final,E005,UVCE - University Visvesvaraya College of Engineering,Information Science,3A,12003,SAMPLE_DATA_NOT_REAL,99
2023,1,E005,UVCE - University Visvesvaraya College of Engineering,Information Science,3A,7419,SAMPLE_DATA_NOT_REAL,0
2023,2,E005,UVCE - University Visvesvaraya College of Engineering,Information Science,3A,9009,SAMPLE_DATA_NOT_REAL,1
2023,Final,E005,UVCE - University Visvesvaraya College of Engineering,Information Science,3A,10461,SAMPLE_DATA_NOT_REAL,99
2024,1,E005,UVCE - University Visvesvaraya College of Engineering,Information Science,3A,7965,SAMPLE_DATA_NOT_REAL,0
2024,2,E005,UVCE - University Visvesvaraya College of Engineering,Information Science,3A,8636,SAMPLE_DATA_NOT_REAL,1
2024,Final,E005,UVCE - University Visvesvaraya College of Engineering,Information Science,3A,10342,SAMPLE_DATA_NOT_REAL,99
2025,1,E005,UVCE - University Visvesvaraya College of Engineering,Information Science,3A,7082,SAMPLE_DATA_NOT_REAL,0
2025,2,E005,UVCE - University Visvesvaraya College of Engineering,Information Science,3A,8211,SAMPLE_DATA_NOT_REAL,1
2025,Final,E005,UVCE - University Visvesvaraya College of Engineering,Information Science,3A,9637,SAMPLE_DATA_NOT_REAL,99
2021,1,E005,UVCE - University Visvesvaraya College of Engineering,Information Science,3B,8573,SAMPLE_DATA_NOT_REAL,0
2021,2,E005,UVCE - University Visvesvaraya College of Engineering,Information Science,3B,10754,SAMPLE_DATA_NOT_REAL,1
2021,Final,E005,UVCE - University Visvesvaraya College of Engineering,Information Science,3B,11773,SAMPLE_DATA_NOT_REAL,99
2022,1,E005,UVCE - University Visvesvaraya College of Engineering,Information Science,3B,8765,SAMPLE_DATA_NOT_REAL,0
2022,2,E005,UVCE - University Visvesvaraya College of Engineering,Information Science,3B,9761,SAMPLE_DATA_NOT_REAL,1
2022,Final,E005,UVCE - University Visvesvaraya College of Engineering,Information Science,3B,12567,SAMPLE_DATA_NOT_REAL,99
2023,1,E005,UVCE - University Visvesvaraya College of Engineering,Information Science,3B,8147,SAMPLE_DATA_NOT_REAL,0
2023,2,E005,UVCE - University Visvesvaraya College of Engineering,Information Science,3B,9029,SAMPLE_DATA_NOT_REAL,1
2023,Final,E005,UVCE - University Visvesvaraya College of Engineering,Information Science,3B,12248,SAMPLE_DATA_NOT_REAL,99
2024,1,E005,UVCE - University Visvesvaraya College of Engineering,Information Science,3B,8162,SAMPLE_DATA_NOT_REAL,0
2024,2,E005,UVCE - University Visvesvaraya College of Engineering,Information Science,3B,9742,SAMPLE_DATA_NOT_REAL,1
2024,Final,E005,UVCE - University Visvesvaraya College of Engineering,Information Science,3B,10589,SAMPLE_DATA_NOT_REAL,99
2025,1,E005,UVCE - University Visvesvaraya College of Engineering,Information Science,3B,7500,SAMPLE_DATA_NOT_REAL,0
2025,2,E005,UVCE - University Visvesvaraya College of Engineering,Information Science,3B,9290,SAMPLE_DATA_NOT_REAL,1
2025,Final,E005,UVCE - University Visvesvaraya College of Engineering,Information Science,3B,10705,SAMPLE_DATA_NOT_REAL,99
2021,1,E005,UVCE - University Visvesvaraya College of Engineering,Information Science,CAT1,6824,SAMPLE_DATA_NOT_REAL,0
2021,2,E005,UVCE - University Visvesvaraya College of Engineering,Information Science,CAT1,7696,SAMPLE_DATA_NOT_REAL,1
2021,Final,E005,UVCE - University Visvesvaraya College of Engineering,Information Science,CAT1,8941,SAMPLE_DATA_NOT_REAL,99
2022,1,E005,UVCE - University Visvesvaraya College of Engineering,Information Science,CAT1,6614,SAMPLE_DATA_NOT_REAL,0
2022,2,E005,UVCE - University Visvesvaraya College of Engineering,Information Science,CAT1,7491,SAMPLE_DATA_NOT_REAL,1
2022,Final,E005,UVCE - University Visvesvaraya College of Engineering,Information Science,CAT1,8722,SAMPLE_DATA_NOT_REAL,99
2023,1,E005,UVCE - University Visvesvaraya College of Engineering,Information Science,CAT1,6292,SAMPLE_DATA_NOT_REAL,0
2023,2,E005,UVCE - University Visvesvaraya College of Engineering,Information Science,CAT1,7375,SAMPLE_DATA_NOT_REAL,1
2023,Final,E005,UVCE - University Visvesvaraya College of Engineering,Information Science,CAT1,8556,SAMPLE_DATA_NOT_REAL,99
2024,1,E005,UVCE - University Visvesvaraya College of Engineering,Information Science,CAT1,6222,SAMPLE_DATA_NOT_REAL,0
2024,2,E005,UVCE - University Visvesvaraya College of Engineering,Information Science,CAT1,7046,SAMPLE_DATA_NOT_REAL,1
2024,Final,E005,UVCE - University Visvesvaraya College of Engineering,Information Science,CAT1,7612,SAMPLE_DATA_NOT_REAL,99
2025,1,E005,UVCE - University Visvesvaraya College of Engineering,Information Science,CAT1,5290,SAMPLE_DATA_NOT_REAL,0
2025,2,E005,UVCE - University Visvesvaraya College of Engineering,Information Science,CAT1,6341,SAMPLE_DATA_NOT_REAL,1
2025,Final,E005,UVCE - University Visvesvaraya College of Engineering,Information Science,CAT1,7655,SAMPLE_DATA_NOT_REAL,99
2021,1,E005,UVCE - University Visvesvaraya College of Engineering,Information Science,GM,5175,SAMPLE_DATA_NOT_REAL,0
2021,2,E005,UVCE - University Visvesvaraya College of Engineering,Information Science,GM,6274,SAMPLE_DATA_NOT_REAL,1
2021,Final,E005,UVCE - University Visvesvaraya College of Engineering,Information Science,GM,6922,SAMPLE_DATA_NOT_REAL,99
2022,1,E005,UVCE - University Visvesvaraya College of Engineering,Information Science,GM,5177,SAMPLE_DATA_NOT_REAL,0
2022,2,E005,UVCE - University Visvesvaraya College of Engineering,Information Science,GM,5278,SAMPLE_DATA_NOT_REAL,1
2022,Final,E005,UVCE - University Visvesvaraya College of Engineering,Information Science,GM,7060,SAMPLE_DATA_NOT_REAL,99
2023,1,E005,UVCE - University Visvesvaraya College of Engineering,Information Science,GM,4428,SAMPLE_DATA_NOT_REAL,0
2023,2,E005,UVCE - University Visvesvaraya College of Engineering,Information Science,GM,5755,SAMPLE_DATA_NOT_REAL,1
2023,Final,E005,UVCE - University Visvesvaraya College of Engineering,Information Science,GM,6682,SAMPLE_DATA_NOT_REAL,99
2024,1,E005,UVCE - University Visvesvaraya College of Engineering,Information Science,GM,4505,SAMPLE_DATA_NOT_REAL,0
2024,2,E005,UVCE - University Visvesvaraya College of Engineering,Information Science,GM,4975,SAMPLE_DATA_NOT_REAL,1
2024,Final,E005,UVCE - University Visvesvaraya College of Engineering,Information Science,GM,6001,SAMPLE_DATA_NOT_REAL,99
2025,1,E005,UVCE - University Visvesvaraya College of Engineering,Information Science,GM,4285,SAMPLE_DATA_NOT_REAL,0
2025,2,E005,UVCE - University Visvesvaraya College of Engineering,Information Science,GM,5324,SAMPLE_DATA_NOT_REAL,1
2025,Final,E005,UVCE - University Visvesvaraya College of Engineering,Information Science,GM,5995,SAMPLE_DATA_NOT_REAL,99
2021,1,E005,UVCE - University Visvesvaraya College of Engineering,Information Science,SC,14548,SAMPLE_DATA_NOT_REAL,0
2021,2,E005,UVCE - University Visvesvaraya College of Engineering,Information Science,SC,16881,SAMPLE_DATA_NOT_REAL,1
2021,Final,E005,UVCE - University Visvesvaraya College of Engineering,Information Science,SC,19734,SAMPLE_DATA_NOT_REAL,99
2022,1,E005,UVCE - University Visvesvaraya College of Engineering,Information Science,SC,14134,SAMPLE_DATA_NOT_REAL,0
2022,2,E005,UVCE - University Visvesvaraya College of Engineering,Information Science,SC,17892,SAMPLE_DATA_NOT_REAL,1
2022,Final,E005,UVCE - University Visvesvaraya College of Engineering,Information Science,SC,19292,SAMPLE_DATA_NOT_REAL,99
2023,1,E005,UVCE - University Visvesvaraya College of Engineering,Information Science,SC,13697,SAMPLE_DATA_NOT_REAL,0
2023,2,E005,UVCE - University Visvesvaraya College of Engineering,Information Science,SC,16312,SAMPLE_DATA_NOT_REAL,1
2023,Final,E005,UVCE - University Visvesvaraya College of Engineering,Information Science,SC,20463,SAMPLE_DATA_NOT_REAL,99
2024,1,E005,UVCE - University Visvesvaraya College of Engineering,Information Science,SC,14150,SAMPLE_DATA_NOT_REAL,0
2024,2,E005,UVCE - University Visvesvaraya College of Engineering,Information Science,SC,15684,SAMPLE_DATA_NOT_REAL,1
2024,Final,E005,UVCE - University Visvesvaraya College of Engineering,Information Science,SC,19080,SAMPLE_DATA_NOT_REAL,99
2025,1,E005,UVCE - University Visvesvaraya College of Engineering,Information Science,SC,12140,SAMPLE_DATA_NOT_REAL,0
2025,2,E005,UVCE - University Visvesvaraya College of Engineering,Information Science,SC,14326,SAMPLE_DATA_NOT_REAL,1
2025,Final,E005,UVCE - University Visvesvaraya College of Engineering,Information Science,SC,18922,SAMPLE_DATA_NOT_REAL,99
2021,1,E005,UVCE - University Visvesvaraya College of Engineering,Information Science,ST,20735,SAMPLE_DATA_NOT_REAL,0
2021,2,E005,UVCE - University Visvesvaraya College of Engineering,Information Science,ST,22204,SAMPLE_DATA_NOT_REAL,1
2021,Final,E005,UVCE - University Visvesvaraya College of Engineering,Information Science,ST,29547,SAMPLE_DATA_NOT_REAL,99
2022,1,E005,UVCE - University Visvesvaraya College of Engineering,Information Science,ST,18623,SAMPLE_DATA_NOT_REAL,0
2022,2,E005,UVCE - University Visvesvaraya College of Engineering,Information Science,ST,22648,SAMPLE_DATA_NOT_REAL,1
2022,Final,E005,UVCE - University Visvesvaraya College of Engineering,Information Science,ST,24445,SAMPLE_DATA_NOT_REAL,99
2023,1,E005,UVCE - University Visvesvaraya College of Engineering,Information Science,ST,19439,SAMPLE_DATA_NOT_REAL,0
2023,2,E005,UVCE - University Visvesvaraya College of Engineering,Information Science,ST,20709,SAMPLE_DATA_NOT_REAL,1
2023,Final,E005,UVCE - University Visvesvaraya College of Engineering,Information Science,ST,23773,SAMPLE_DATA_NOT_REAL,99
2024,1,E005,UVCE - University Visvesvaraya College of Engineering,Information Science,ST,17039,SAMPLE_DATA_NOT_REAL,0
2024,2,E005,UVCE - University Visvesvaraya College of Engineering,Information Science,ST,19847,SAMPLE_DATA_NOT_REAL,1
2024,Final,E005,UVCE - University Visvesvaraya College of Engineering,Information Science,ST,22864,SAMPLE_DATA_NOT_REAL,99
2025,1,E005,UVCE - University Visvesvaraya College of Engineering,Information Science,ST,17357,SAMPLE_DATA_NOT_REAL,0
2025,2,E005,UVCE - University Visvesvaraya College of Engineering,Information Science,ST,19929,SAMPLE_DATA_NOT_REAL,1
2025,Final,E005,UVCE - University Visvesvaraya College of Engineering,Information Science,ST,21927,SAMPLE_DATA_NOT_REAL,99
2021,1,E005,UVCE - University Visvesvaraya College of Engineering,Mechanical,1G,4417,SAMPLE_DATA_NOT_REAL,0
2021,2,E005,UVCE - University Visvesvaraya College of Engineering,Mechanical,1G,5139,SAMPLE_DATA_NOT_REAL,1
2021,Final,E005,UVCE - University Visvesvaraya College of Engineering,Mechanical,1G,6526,SAMPLE_DATA_NOT_REAL,99
2022,1,E005,UVCE - University Visvesvaraya College of Engineering,Mechanical,1G,4227,SAMPLE_DATA_NOT_REAL,0
2022,2,E005,UVCE - University Visvesvaraya College of Engineering,Mechanical,1G,4779,SAMPLE_DATA_NOT_REAL,1
2022,Final,E005,UVCE - University Visvesvaraya College of Engineering,Mechanical,1G,5659,SAMPLE_DATA_NOT_REAL,99
2023,1,E005,UVCE - University Visvesvaraya College of Engineering,Mechanical,1G,4101,SAMPLE_DATA_NOT_REAL,0
2023,2,E005,UVCE - University Visvesvaraya College of Engineering,Mechanical,1G,5196,SAMPLE_DATA_NOT_REAL,1
2023,Final,E005,UVCE - University Visvesvaraya College of Engineering,Mechanical,1G,5637,SAMPLE_DATA_NOT_REAL,99
2024,1,E005,UVCE - University Visvesvaraya College of Engineering,Mechanical,1G,4225,SAMPLE_DATA_NOT_REAL,0
2024,2,E005,UVCE - University Visvesvaraya College of Engineering,Mechanical,1G,4827,SAMPLE_DATA_NOT_REAL,1
2024,Final,E005,UVCE - University Visvesvaraya College of Engineering,Mechanical,1G,5230,SAMPLE_DATA_NOT_REAL,99
2025,1,E005,UVCE - University Visvesvaraya College of Engineering,Mechanical,1G,4016,SAMPLE_DATA_NOT_REAL,0
2025,2,E005,UVCE - University Visvesvaraya College of Engineering,Mechanical,1G,4566,SAMPLE_DATA_NOT_REAL,1
2025,Final,E005,UVCE - University Visvesvaraya College of Engineering,Mechanical,1G,5173,SAMPLE_DATA_NOT_REAL,99
2021,1,E005,UVCE - University Visvesvaraya College of Engineering,Mechanical,2A,6105,SAMPLE_DATA_NOT_REAL,0
2021,2,E005,UVCE - University Visvesvaraya College of Engineering,Mechanical,2A,7150,SAMPLE_DATA_NOT_REAL,1
2021,Final,E005,UVCE - University Visvesvaraya College of Engineering,Mechanical,2A,7496,SAMPLE_DATA_NOT_REAL,99
2022,1,E005,UVCE - University Visvesvaraya College of Engineering,Mechanical,2A,5339,SAMPLE_DATA_NOT_REAL,0
2022,2,E005,UVCE - University Visvesvaraya College of Engineering,Mechanical,2A,6133,SAMPLE_DATA_NOT_REAL,1
2022,Final,E005,UVCE - University Visvesvaraya College of Engineering,Mechanical,2A,7229,SAMPLE_DATA_NOT_REAL,99
2023,1,E005,UVCE - University Visvesvaraya College of Engineering,Mechanical,2A,5304,SAMPLE_DATA_NOT_REAL,0
2023,2,E005,UVCE - University Visvesvaraya College of Engineering,Mechanical,2A,6037,SAMPLE_DATA_NOT_REAL,1
2023,Final,E005,UVCE - University Visvesvaraya College of Engineering,Mechanical,2A,7293,SAMPLE_DATA_NOT_REAL,99
2024,1,E005,UVCE - University Visvesvaraya College of Engineering,Mechanical,2A,5300,SAMPLE_DATA_NOT_REAL,0
2024,2,E005,UVCE - University Visvesvaraya College of Engineering,Mechanical,2A,5797,SAMPLE_DATA_NOT_REAL,1
2024,Final,E005,UVCE - University Visvesvaraya College of Engineering,Mechanical,2A,7186,SAMPLE_DATA_NOT_REAL,99
2025,1,E005,UVCE - University Visvesvaraya College of Engineering,Mechanical,2A,4824,SAMPLE_DATA_NOT_REAL,0
2025,2,E005,UVCE - University Visvesvaraya College of Engineering,Mechanical,2A,5911,SAMPLE_DATA_NOT_REAL,1
2025,Final,E005,UVCE - University Visvesvaraya College of Engineering,Mechanical,2A,6913,SAMPLE_DATA_NOT_REAL,99
2021,1,E005,UVCE - University Visvesvaraya College of Engineering,Mechanical,2B,6462,SAMPLE_DATA_NOT_REAL,0
2021,2,E005,UVCE - University Visvesvaraya College of Engineering,Mechanical,2B,8352,SAMPLE_DATA_NOT_REAL,1
2021,Final,E005,UVCE - University Visvesvaraya College of Engineering,Mechanical,2B,8925,SAMPLE_DATA_NOT_REAL,99
2022,1,E005,UVCE - University Visvesvaraya College of Engineering,Mechanical,2B,6292,SAMPLE_DATA_NOT_REAL,0
2022,2,E005,UVCE - University Visvesvaraya College of Engineering,Mechanical,2B,6990,SAMPLE_DATA_NOT_REAL,1
2022,Final,E005,UVCE - University Visvesvaraya College of Engineering,Mechanical,2B,9368,SAMPLE_DATA_NOT_REAL,99
2023,1,E005,UVCE - University Visvesvaraya College of Engineering,Mechanical,2B,6391,SAMPLE_DATA_NOT_REAL,0
2023,2,E005,UVCE - University Visvesvaraya College of Engineering,Mechanical,2B,7578,SAMPLE_DATA_NOT_REAL,1
2023,Final,E005,UVCE - University Visvesvaraya College of Engineering,Mechanical,2B,8612,SAMPLE_DATA_NOT_REAL,99
2024,1,E005,UVCE - University Visvesvaraya College of Engineering,Mechanical,2B,5572,SAMPLE_DATA_NOT_REAL,0
2024,2,E005,UVCE - University Visvesvaraya College of Engineering,Mechanical,2B,6790,SAMPLE_DATA_NOT_REAL,1
2024,Final,E005,UVCE - University Visvesvaraya College of Engineering,Mechanical,2B,7535,SAMPLE_DATA_NOT_REAL,99
2025,1,E005,UVCE - University Visvesvaraya College of Engineering,Mechanical,2B,6156,SAMPLE_DATA_NOT_REAL,0
2025,2,E005,UVCE - University Visvesvaraya College of Engineering,Mechanical,2B,6656,SAMPLE_DATA_NOT_REAL,1
2025,Final,E005,UVCE - University Visvesvaraya College of Engineering,Mechanical,2B,8208,SAMPLE_DATA_NOT_REAL,99
2021,1,E005,UVCE - University Visvesvaraya College of Engineering,Mechanical,3A,7046,SAMPLE_DATA_NOT_REAL,0
2021,2,E005,UVCE - University Visvesvaraya College of Engineering,Mechanical,3A,7902,SAMPLE_DATA_NOT_REAL,1
2021,Final,E005,UVCE - University Visvesvaraya College of Engineering,Mechanical,3A,9151,SAMPLE_DATA_NOT_REAL,99
2022,1,E005,UVCE - University Visvesvaraya College of Engineering,Mechanical,3A,6602,SAMPLE_DATA_NOT_REAL,0
2022,2,E005,UVCE - University Visvesvaraya College of Engineering,Mechanical,3A,7664,SAMPLE_DATA_NOT_REAL,1
2022,Final,E005,UVCE - University Visvesvaraya College of Engineering,Mechanical,3A,9720,SAMPLE_DATA_NOT_REAL,99
2023,1,E005,UVCE - University Visvesvaraya College of Engineering,Mechanical,3A,6482,SAMPLE_DATA_NOT_REAL,0
2023,2,E005,UVCE - University Visvesvaraya College of Engineering,Mechanical,3A,7483,SAMPLE_DATA_NOT_REAL,1
2023,Final,E005,UVCE - University Visvesvaraya College of Engineering,Mechanical,3A,9461,SAMPLE_DATA_NOT_REAL,99
2024,1,E005,UVCE - University Visvesvaraya College of Engineering,Mechanical,3A,6306,SAMPLE_DATA_NOT_REAL,0
2024,2,E005,UVCE - University Visvesvaraya College of Engineering,Mechanical,3A,7097,SAMPLE_DATA_NOT_REAL,1
2024,Final,E005,UVCE - University Visvesvaraya College of Engineering,Mechanical,3A,7979,SAMPLE_DATA_NOT_REAL,99
2025,1,E005,UVCE - University Visvesvaraya College of Engineering,Mechanical,3A,6448,SAMPLE_DATA_NOT_REAL,0
2025,2,E005,UVCE - University Visvesvaraya College of Engineering,Mechanical,3A,7203,SAMPLE_DATA_NOT_REAL,1
2025,Final,E005,UVCE - University Visvesvaraya College of Engineering,Mechanical,3A,7977,SAMPLE_DATA_NOT_REAL,99
2021,1,E005,UVCE - University Visvesvaraya College of Engineering,Mechanical,3B,7795,SAMPLE_DATA_NOT_REAL,0
2021,2,E005,UVCE - University Visvesvaraya College of Engineering,Mechanical,3B,8797,SAMPLE_DATA_NOT_REAL,1
2021,Final,E005,UVCE - University Visvesvaraya College of Engineering,Mechanical,3B,10785,SAMPLE_DATA_NOT_REAL,99
2022,1,E005,UVCE - University Visvesvaraya College of Engineering,Mechanical,3B,7005,SAMPLE_DATA_NOT_REAL,0
2022,2,E005,UVCE - University Visvesvaraya College of Engineering,Mechanical,3B,7951,SAMPLE_DATA_NOT_REAL,1
2022,Final,E005,UVCE - University Visvesvaraya College of Engineering,Mechanical,3B,10557,SAMPLE_DATA_NOT_REAL,99
2023,1,E005,UVCE - University Visvesvaraya College of Engineering,Mechanical,3B,7371,SAMPLE_DATA_NOT_REAL,0
2023,2,E005,UVCE - University Visvesvaraya College of Engineering,Mechanical,3B,7641,SAMPLE_DATA_NOT_REAL,1
2023,Final,E005,UVCE - University Visvesvaraya College of Engineering,Mechanical,3B,8936,SAMPLE_DATA_NOT_REAL,99
2024,1,E005,UVCE - University Visvesvaraya College of Engineering,Mechanical,3B,6225,SAMPLE_DATA_NOT_REAL,0
2024,2,E005,UVCE - University Visvesvaraya College of Engineering,Mechanical,3B,8096,SAMPLE_DATA_NOT_REAL,1
2024,Final,E005,UVCE - University Visvesvaraya College of Engineering,Mechanical,3B,9427,SAMPLE_DATA_NOT_REAL,99
2025,1,E005,UVCE - University Visvesvaraya College of Engineering,Mechanical,3B,6121,SAMPLE_DATA_NOT_REAL,0
2025,2,E005,UVCE - University Visvesvaraya College of Engineering,Mechanical,3B,7488,SAMPLE_DATA_NOT_REAL,1
2025,Final,E005,UVCE - University Visvesvaraya College of Engineering,Mechanical,3B,9189,SAMPLE_DATA_NOT_REAL,99
2021,1,E005,UVCE - University Visvesvaraya College of Engineering,Mechanical,CAT1,5700,SAMPLE_DATA_NOT_REAL,0
2021,2,E005,UVCE - University Visvesvaraya College of Engineering,Mechanical,CAT1,6310,SAMPLE_DATA_NOT_REAL,1
2021,Final,E005,UVCE - University Visvesvaraya College of Engineering,Mechanical,CAT1,7001,SAMPLE_DATA_NOT_REAL,99
2022,1,E005,UVCE - University Visvesvaraya College of Engineering,Mechanical,CAT1,5642,SAMPLE_DATA_NOT_REAL,0
2022,2,E005,UVCE - University Visvesvaraya College of Engineering,Mechanical,CAT1,5970,SAMPLE_DATA_NOT_REAL,1
2022,Final,E005,UVCE - University Visvesvaraya College of Engineering,Mechanical,CAT1,7634,SAMPLE_DATA_NOT_REAL,99
2023,1,E005,UVCE - University Visvesvaraya College of Engineering,Mechanical,CAT1,4690,SAMPLE_DATA_NOT_REAL,0
2023,2,E005,UVCE - University Visvesvaraya College of Engineering,Mechanical,CAT1,5880,SAMPLE_DATA_NOT_REAL,1
2023,Final,E005,UVCE - University Visvesvaraya College of Engineering,Mechanical,CAT1,6640,SAMPLE_DATA_NOT_REAL,99
2024,1,E005,UVCE - University Visvesvaraya College of Engineering,Mechanical,CAT1,4702,SAMPLE_DATA_NOT_REAL,0
2024,2,E005,UVCE - University Visvesvaraya College of Engineering,Mechanical,CAT1,5790,SAMPLE_DATA_NOT_REAL,1
2024,Final,E005,UVCE - University Visvesvaraya College of Engineering,Mechanical,CAT1,6233,SAMPLE_DATA_NOT_REAL,99
2025,1,E005,UVCE - University Visvesvaraya College of Engineering,Mechanical,CAT1,4731,SAMPLE_DATA_NOT_REAL,0
2025,2,E005,UVCE - University Visvesvaraya College of Engineering,Mechanical,CAT1,4980,SAMPLE_DATA_NOT_REAL,1
2025,Final,E005,UVCE - University Visvesvaraya College of Engineering,Mechanical,CAT1,6392,SAMPLE_DATA_NOT_REAL,99
2021,1,E005,UVCE - University Visvesvaraya College of Engineering,Mechanical,GM,4508,SAMPLE_DATA_NOT_REAL,0
2021,2,E005,UVCE - University Visvesvaraya College of Engineering,Mechanical,GM,4854,SAMPLE_DATA_NOT_REAL,1
2021,Final,E005,UVCE - University Visvesvaraya College of Engineering,Mechanical,GM,5542,SAMPLE_DATA_NOT_REAL,99
2022,1,E005,UVCE - University Visvesvaraya College of Engineering,Mechanical,GM,4156,SAMPLE_DATA_NOT_REAL,0
2022,2,E005,UVCE - University Visvesvaraya College of Engineering,Mechanical,GM,4739,SAMPLE_DATA_NOT_REAL,1
2022,Final,E005,UVCE - University Visvesvaraya College of Engineering,Mechanical,GM,5289,SAMPLE_DATA_NOT_REAL,99
2023,1,E005,UVCE - University Visvesvaraya College of Engineering,Mechanical,GM,3985,SAMPLE_DATA_NOT_REAL,0
2023,2,E005,UVCE - University Visvesvaraya College of Engineering,Mechanical,GM,4276,SAMPLE_DATA_NOT_REAL,1
2023,Final,E005,UVCE - University Visvesvaraya College of Engineering,Mechanical,GM,5360,SAMPLE_DATA_NOT_REAL,99
2024,1,E005,UVCE - University Visvesvaraya College of Engineering,Mechanical,GM,3987,SAMPLE_DATA_NOT_REAL,0
2024,2,E005,UVCE - University Visvesvaraya College of Engineering,Mechanical,GM,3975,SAMPLE_DATA_NOT_REAL,1
2024,Final,E005,UVCE - University Visvesvaraya College of Engineering,Mechanical,GM,5179,SAMPLE_DATA_NOT_REAL,99
2025,1,E005,UVCE - University Visvesvaraya College of Engineering,Mechanical,GM,3678,SAMPLE_DATA_NOT_REAL,0
2025,2,E005,UVCE - University Visvesvaraya College of Engineering,Mechanical,GM,4113,SAMPLE_DATA_NOT_REAL,1
2025,Final,E005,UVCE - University Visvesvaraya College of Engineering,Mechanical,GM,4983,SAMPLE_DATA_NOT_REAL,99
2021,1,E005,UVCE - University Visvesvaraya College of Engineering,Mechanical,SC,12240,SAMPLE_DATA_NOT_REAL,0
2021,2,E005,UVCE - University Visvesvaraya College of Engineering,Mechanical,SC,14271,SAMPLE_DATA_NOT_REAL,1
2021,Final,E005,UVCE - University Visvesvaraya College of Engineering,Mechanical,SC,17811,SAMPLE_DATA_NOT_REAL,99
2022,1,E005,UVCE - University Visvesvaraya College of Engineering,Mechanical,SC,11626,SAMPLE_DATA_NOT_REAL,0
2022,2,E005,UVCE - University Visvesvaraya College of Engineering,Mechanical,SC,14392,SAMPLE_DATA_NOT_REAL,1
2022,Final,E005,UVCE - University Visvesvaraya College of Engineering,Mechanical,SC,16779,SAMPLE_DATA_NOT_REAL,99
2023,1,E005,UVCE - University Visvesvaraya College of Engineering,Mechanical,SC,11762,SAMPLE_DATA_NOT_REAL,0
2023,2,E005,UVCE - University Visvesvaraya College of Engineering,Mechanical,SC,13850,SAMPLE_DATA_NOT_REAL,1
2023,Final,E005,UVCE - University Visvesvaraya College of Engineering,Mechanical,SC,14928,SAMPLE_DATA_NOT_REAL,99
2024,1,E005,UVCE - University Visvesvaraya College of Engineering,Mechanical,SC,11224,SAMPLE_DATA_NOT_REAL,0
2024,2,E005,UVCE - University Visvesvaraya College of Engineering,Mechanical,SC,13398,SAMPLE_DATA_NOT_REAL,1
2024,Final,E005,UVCE - University Visvesvaraya College of Engineering,Mechanical,SC,15750,SAMPLE_DATA_NOT_REAL,99
2025,1,E005,UVCE - University Visvesvaraya College of Engineering,Mechanical,SC,10199,SAMPLE_DATA_NOT_REAL,0
2025,2,E005,UVCE - University Visvesvaraya College of Engineering,Mechanical,SC,11492,SAMPLE_DATA_NOT_REAL,1
2025,Final,E005,UVCE - University Visvesvaraya College of Engineering,Mechanical,SC,14458,SAMPLE_DATA_NOT_REAL,99
2021,1,E005,UVCE - University Visvesvaraya College of Engineering,Mechanical,ST,16364,SAMPLE_DATA_NOT_REAL,0
2021,2,E005,UVCE - University Visvesvaraya College of Engineering,Mechanical,ST,20698,SAMPLE_DATA_NOT_REAL,1
2021,Final,E005,UVCE - University Visvesvaraya College of Engineering,Mechanical,ST,23886,SAMPLE_DATA_NOT_REAL,99
2022,1,E005,UVCE - University Visvesvaraya College of Engineering,Mechanical,ST,16843,SAMPLE_DATA_NOT_REAL,0
2022,2,E005,UVCE - University Visvesvaraya College of Engineering,Mechanical,ST,18646,SAMPLE_DATA_NOT_REAL,1
2022,Final,E005,UVCE - University Visvesvaraya College of Engineering,Mechanical,ST,20712,SAMPLE_DATA_NOT_REAL,99
2023,1,E005,UVCE - University Visvesvaraya College of Engineering,Mechanical,ST,16751,SAMPLE_DATA_NOT_REAL,0
2023,2,E005,UVCE - University Visvesvaraya College of Engineering,Mechanical,ST,18696,SAMPLE_DATA_NOT_REAL,1
2023,Final,E005,UVCE - University Visvesvaraya College of Engineering,Mechanical,ST,20646,SAMPLE_DATA_NOT_REAL,99
2024,1,E005,UVCE - University Visvesvaraya College of Engineering,Mechanical,ST,15296,SAMPLE_DATA_NOT_REAL,0
2024,2,E005,UVCE - University Visvesvaraya College of Engineering,Mechanical,ST,15901,SAMPLE_DATA_NOT_REAL,1
2024,Final,E005,UVCE - University Visvesvaraya College of Engineering,Mechanical,ST,21081,SAMPLE_DATA_NOT_REAL,99
2025,1,E005,UVCE - University Visvesvaraya College of Engineering,Mechanical,ST,14886,SAMPLE_DATA_NOT_REAL,0
2025,2,E005,UVCE - University Visvesvaraya College of Engineering,Mechanical,ST,15488,SAMPLE_DATA_NOT_REAL,1
2025,Final,E005,UVCE - University Visvesvaraya College of Engineering,Mechanical,ST,18822,SAMPLE_DATA_NOT_REAL,99
